启动 ROS2 点云可视化...

Initializing data source 'ground_truth'...
Found 935 files with extension '.bin' in sweeper_gt
  Mono Box Topic: gt_boxes_green (Color: [0, 1, 0])
Data source 'ground_truth' initialized: 935 files

Initializing data source 'prediction'...
Found 935 files with extension '.bin' in sweeper_predict
  Mono Box Topic: pred_boxes_red (Color: [1, 0, 0])
Data source 'prediction' initialized: 935 files

============================================================
 STARTING VISUALIZATION (Overlay Mode)
 Sources: ['ground_truth', 'prediction']
 Total frames: 935
============================================================


--- Frame 0 ---
  [ground_truth] Pub 25 boxes
Publishing 25 3D boxes
  [ground_truth] File: sweeper_gt/bin/AD002_JS_urban_20251112_152557_day_clear_lidar_1762932357500602007.bin
  [prediction] Pub 23 boxes
Publishing 23 3D boxes
  [prediction] File: sweeper_predict/bin/AD002_JS_urban_20251112_152557_day_clear_lidar_1762932357500602007.bin

--- Frame 1 ---
  [ground_truth] Pub 25 boxes
Publishing 25 3D boxes
  [ground_truth] File: sweeper_gt/bin/AD002_JS_urban_20251112_152557_day_clear_lidar_1762932361500796080.bin
  [prediction] Pub 24 boxes
Publishing 24 3D boxes
  [prediction] File: sweeper_predict/bin/AD002_JS_urban_20251112_152557_day_clear_lidar_1762932361500796080.bin

--- Frame 0 ---
  [ground_truth] Pub 25 boxes
Publishing 25 3D boxes
  [ground_truth] File: sweeper_gt/bin/AD002_JS_urban_20251112_152557_day_clear_lidar_1762932357500602007.bin
  [prediction] Pub 23 boxes
Publishing 23 3D boxes
  [prediction] File: sweeper_predict/bin/AD002_JS_urban_20251112_152557_day_clear_lidar_1762932357500602007.bin

--- Frame 0 ---
  [ground_truth] Pub 25 boxes
Publishing 25 3D boxes
  [ground_truth] File: sweeper_gt/bin/AD002_JS_urban_20251112_152557_day_clear_lidar_1762932357500602007.bin
  [prediction] Pub 23 boxes
Publishing 23 3D boxes
  [prediction] File: sweeper_predict/bin/AD002_JS_urban_20251112_152557_day_clear_lidar_1762932357500602007.bin

--- Frame 0 ---
  [ground_truth] Pub 25 boxes
Publishing 25 3D boxes
  [ground_truth] File: sweeper_gt/bin/AD002_JS_urban_20251112_152557_day_clear_lidar_1762932357500602007.bin
  [prediction] Pub 23 boxes
Publishing 23 3D boxes
  [prediction] File: sweeper_predict/bin/AD002_JS_urban_20251112_152557_day_clear_lidar_1762932357500602007.bin

--- Frame 1 ---
  [ground_truth] Pub 25 boxes
Publishing 25 3D boxes
  [ground_truth] File: sweeper_gt/bin/AD002_JS_urban_20251112_152557_day_clear_lidar_1762932361500796080.bin
  [prediction] Pub 24 boxes
Publishing 24 3D boxes
  [prediction] File: sweeper_predict/bin/AD002_JS_urban_20251112_152557_day_clear_lidar_1762932361500796080.bin

--- Frame 2 ---
  [ground_truth] Pub 24 boxes
Publishing 24 3D boxes
  [ground_truth] File: sweeper_gt/bin/AD002_JS_urban_20251112_152557_day_clear_lidar_1762932365500642061.bin
  [prediction] Pub 19 boxes
Publishing 19 3D boxes
  [prediction] File: sweeper_predict/bin/AD002_JS_urban_20251112_152557_day_clear_lidar_1762932365500642061.bin

--- Frame 1 ---
  [ground_truth] Pub 25 boxes
Publishing 25 3D boxes
  [ground_truth] File: sweeper_gt/bin/AD002_JS_urban_20251112_152557_day_clear_lidar_1762932361500796080.bin
  [prediction] Pub 24 boxes
Publishing 24 3D boxes
  [prediction] File: sweeper_predict/bin/AD002_JS_urban_20251112_152557_day_clear_lidar_1762932361500796080.bin

--- Frame 0 ---
  [ground_truth] Pub 25 boxes
Publishing 25 3D boxes
  [ground_truth] File: sweeper_gt/bin/AD002_JS_urban_20251112_152557_day_clear_lidar_1762932357500602007.bin
  [prediction] Pub 23 boxes
Publishing 23 3D boxes
  [prediction] File: sweeper_predict/bin/AD002_JS_urban_20251112_152557_day_clear_lidar_1762932357500602007.bin

--- Frame 0 ---
  [ground_truth] Pub 25 boxes
Publishing 25 3D boxes
  [ground_truth] File: sweeper_gt/bin/AD002_JS_urban_20251112_152557_day_clear_lidar_1762932357500602007.bin
  [prediction] Pub 23 boxes
Publishing 23 3D boxes
  [prediction] File: sweeper_predict/bin/AD002_JS_urban_20251112_152557_day_clear_lidar_1762932357500602007.bin

--- Frame 0 ---
  [ground_truth] Pub 25 boxes
Publishing 25 3D boxes
  [ground_truth] File: sweeper_gt/bin/AD002_JS_urban_20251112_152557_day_clear_lidar_1762932357500602007.bin
  [prediction] Pub 23 boxes
Publishing 23 3D boxes
  [prediction] File: sweeper_predict/bin/AD002_JS_urban_20251112_152557_day_clear_lidar_1762932357500602007.bin

--- Frame 1 ---
  [ground_truth] Pub 25 boxes
Publishing 25 3D boxes
  [ground_truth] File: sweeper_gt/bin/AD002_JS_urban_20251112_152557_day_clear_lidar_1762932361500796080.bin
  [prediction] Pub 24 boxes
Publishing 24 3D boxes
  [prediction] File: sweeper_predict/bin/AD002_JS_urban_20251112_152557_day_clear_lidar_1762932361500796080.bin

--- Frame 0 ---
  [ground_truth] Pub 25 boxes
Publishing 25 3D boxes
  [ground_truth] File: sweeper_gt/bin/AD002_JS_urban_20251112_152557_day_clear_lidar_1762932357500602007.bin
  [prediction] Pub 23 boxes
Publishing 23 3D boxes
  [prediction] File: sweeper_predict/bin/AD002_JS_urban_20251112_152557_day_clear_lidar_1762932357500602007.bin

--- Frame 0 ---
  [ground_truth] Pub 25 boxes
Publishing 25 3D boxes
  [ground_truth] File: sweeper_gt/bin/AD002_JS_urban_20251112_152557_day_clear_lidar_1762932357500602007.bin
  [prediction] Pub 23 boxes
Publishing 23 3D boxes
  [prediction] File: sweeper_predict/bin/AD002_JS_urban_20251112_152557_day_clear_lidar_1762932357500602007.bin

--- Frame 0 ---
  [ground_truth] Pub 25 boxes
Publishing 25 3D boxes
  [ground_truth] File: sweeper_gt/bin/AD002_JS_urban_20251112_152557_day_clear_lidar_1762932357500602007.bin
  [prediction] Pub 23 boxes
Publishing 23 3D boxes
  [prediction] File: sweeper_predict/bin/AD002_JS_urban_20251112_152557_day_clear_lidar_1762932357500602007.bin

--- Frame 0 ---
  [ground_truth] Pub 25 boxes
Publishing 25 3D boxes
  [ground_truth] File: sweeper_gt/bin/AD002_JS_urban_20251112_152557_day_clear_lidar_1762932357500602007.bin
  [prediction] Pub 23 boxes
Publishing 23 3D boxes
  [prediction] File: sweeper_predict/bin/AD002_JS_urban_20251112_152557_day_clear_lidar_1762932357500602007.bin

--- Frame 0 ---
  [ground_truth] Pub 25 boxes
Publishing 25 3D boxes
  [ground_truth] File: sweeper_gt/bin/AD002_JS_urban_20251112_152557_day_clear_lidar_1762932357500602007.bin
  [prediction] Pub 23 boxes
Publishing 23 3D boxes
  [prediction] File: sweeper_predict/bin/AD002_JS_urban_20251112_152557_day_clear_lidar_1762932357500602007.bin

--- Frame 0 ---
  [ground_truth] Pub 25 boxes
Publishing 25 3D boxes
  [ground_truth] File: sweeper_gt/bin/AD002_JS_urban_20251112_152557_day_clear_lidar_1762932357500602007.bin
  [prediction] Pub 23 boxes
Publishing 23 3D boxes
  [prediction] File: sweeper_predict/bin/AD002_JS_urban_20251112_152557_day_clear_lidar_1762932357500602007.bin

--- Frame 1 ---
  [ground_truth] Pub 25 boxes
Publishing 25 3D boxes
  [ground_truth] File: sweeper_gt/bin/AD002_JS_urban_20251112_152557_day_clear_lidar_1762932361500796080.bin
  [prediction] Pub 24 boxes
Publishing 24 3D boxes
  [prediction] File: sweeper_predict/bin/AD002_JS_urban_20251112_152557_day_clear_lidar_1762932361500796080.bin

--- Frame 2 ---
  [ground_truth] Pub 24 boxes
Publishing 24 3D boxes
  [ground_truth] File: sweeper_gt/bin/AD002_JS_urban_20251112_152557_day_clear_lidar_1762932365500642061.bin
  [prediction] Pub 19 boxes
Publishing 19 3D boxes
  [prediction] File: sweeper_predict/bin/AD002_JS_urban_20251112_152557_day_clear_lidar_1762932365500642061.bin

--- Frame 3 ---
  [ground_truth] Pub 25 boxes
Publishing 25 3D boxes
  [ground_truth] File: sweeper_gt/bin/AD002_JS_urban_20251112_152557_day_clear_lidar_1762932369000799894.bin
  [prediction] Pub 20 boxes
Publishing 20 3D boxes
  [prediction] File: sweeper_predict/bin/AD002_JS_urban_20251112_152557_day_clear_lidar_1762932369000799894.bin

--- Frame 4 ---
  [ground_truth] Pub 28 boxes
Publishing 28 3D boxes
  [ground_truth] File: sweeper_gt/bin/AD002_JS_urban_20251112_152557_day_clear_lidar_1762932373000653982.bin
  [prediction] Pub 24 boxes
Publishing 24 3D boxes
  [prediction] File: sweeper_predict/bin/AD002_JS_urban_20251112_152557_day_clear_lidar_1762932373000653982.bin

--- Frame 5 ---
  [ground_truth] Pub 37 boxes
Publishing 37 3D boxes
  [ground_truth] File: sweeper_gt/bin/AD002_JS_urban_20251112_152557_day_clear_lidar_1762932377000515938.bin
  [prediction] Pub 28 boxes
Publishing 28 3D boxes
  [prediction] File: sweeper_predict/bin/AD002_JS_urban_20251112_152557_day_clear_lidar_1762932377000515938.bin

--- Frame 6 ---
  [ground_truth] Pub 37 boxes
Publishing 37 3D boxes
  [ground_truth] File: sweeper_gt/bin/AD002_JS_urban_20251112_152557_day_clear_lidar_1762932380600526094.bin
  [prediction] Pub 28 boxes
Publishing 28 3D boxes
  [prediction] File: sweeper_predict/bin/AD002_JS_urban_20251112_152557_day_clear_lidar_1762932380600526094.bin

--- Frame 7 ---
  [ground_truth] Pub 37 boxes
Publishing 37 3D boxes
  [ground_truth] File: sweeper_gt/bin/AD002_JS_urban_20251112_152557_day_clear_lidar_1762932384600820065.bin
  [prediction] Pub 28 boxes
Publishing 28 3D boxes
  [prediction] File: sweeper_predict/bin/AD002_JS_urban_20251112_152557_day_clear_lidar_1762932384600820065.bin

--- Frame 8 ---
  [ground_truth] Pub 37 boxes
Publishing 37 3D boxes
  [ground_truth] File: sweeper_gt/bin/AD002_JS_urban_20251112_152557_day_clear_lidar_1762932388200794935.bin
  [prediction] Pub 28 boxes
Publishing 28 3D boxes
  [prediction] File: sweeper_predict/bin/AD002_JS_urban_20251112_152557_day_clear_lidar_1762932388200794935.bin

--- Frame 9 ---
  [ground_truth] Pub 32 boxes
Publishing 32 3D boxes
  [ground_truth] File: sweeper_gt/bin/AD002_JS_urban_20251112_152557_day_clear_lidar_1762932392200628042.bin
  [prediction] Pub 26 boxes
Publishing 26 3D boxes
  [prediction] File: sweeper_predict/bin/AD002_JS_urban_20251112_152557_day_clear_lidar_1762932392200628042.bin

--- Frame 10 ---
  [ground_truth] Pub 30 boxes
Publishing 30 3D boxes
  [ground_truth] File: sweeper_gt/bin/AD002_JS_urban_20251112_152557_day_clear_lidar_1762932396200510025.bin
  [prediction] Pub 25 boxes
Publishing 25 3D boxes
  [prediction] File: sweeper_predict/bin/AD002_JS_urban_20251112_152557_day_clear_lidar_1762932396200510025.bin

--- Frame 11 ---
  [ground_truth] Pub 31 boxes
Publishing 31 3D boxes
  [ground_truth] File: sweeper_gt/bin/AD002_JS_urban_20251112_152557_day_clear_lidar_1762932399800542116.bin
  [prediction] Pub 24 boxes
Publishing 24 3D boxes
  [prediction] File: sweeper_predict/bin/AD002_JS_urban_20251112_152557_day_clear_lidar_1762932399800542116.bin

--- Frame 12 ---
  [ground_truth] Pub 27 boxes
Publishing 27 3D boxes
  [ground_truth] File: sweeper_gt/bin/AD002_JS_urban_20251112_152557_day_clear_lidar_1762932403800806999.bin
  [prediction] Pub 25 boxes
Publishing 25 3D boxes
  [prediction] File: sweeper_predict/bin/AD002_JS_urban_20251112_152557_day_clear_lidar_1762932403800806999.bin

--- Frame 13 ---
  [ground_truth] Pub 27 boxes
Publishing 27 3D boxes
  [ground_truth] File: sweeper_gt/bin/AD002_JS_urban_20251112_152557_day_clear_lidar_1762932407400803089.bin
  [prediction] Pub 22 boxes
Publishing 22 3D boxes
  [prediction] File: sweeper_predict/bin/AD002_JS_urban_20251112_152557_day_clear_lidar_1762932407400803089.bin

--- Frame 14 ---
  [ground_truth] Pub 25 boxes
Publishing 25 3D boxes
  [ground_truth] File: sweeper_gt/bin/AD002_JS_urban_20251112_152557_day_clear_lidar_1762932411400655985.bin
  [prediction] Pub 20 boxes
Publishing 20 3D boxes
  [prediction] File: sweeper_predict/bin/AD002_JS_urban_20251112_152557_day_clear_lidar_1762932411400655985.bin

--- Frame 15 ---
  [ground_truth] Pub 26 boxes
Publishing 26 3D boxes
  [ground_truth] File: sweeper_gt/bin/AD002_JS_urban_20251112_152557_day_clear_lidar_1762932415400476933.bin
  [prediction] Pub 16 boxes
Publishing 16 3D boxes
  [prediction] File: sweeper_predict/bin/AD002_JS_urban_20251112_152557_day_clear_lidar_1762932415400476933.bin

--- Frame 16 ---
  [ground_truth] Pub 5 boxes
Publishing 5 3D boxes
  [ground_truth] File: sweeper_gt/bin/AD002_JS_urban_20251112_152557_day_clear_lidar_1762932539100779057.bin
  [prediction] Pub 5 boxes
Publishing 5 3D boxes
  [prediction] File: sweeper_predict/bin/AD002_JS_urban_20251112_152557_day_clear_lidar_1762932539100779057.bin

--- Frame 17 ---
  [ground_truth] Pub 7 boxes
Publishing 7 3D boxes
  [ground_truth] File: sweeper_gt/bin/AD002_JS_urban_20251112_152557_day_clear_lidar_1762932543100668907.bin
  [prediction] Pub 6 boxes
Publishing 6 3D boxes
  [prediction] File: sweeper_predict/bin/AD002_JS_urban_20251112_152557_day_clear_lidar_1762932543100668907.bin

--- Frame 18 ---
  [ground_truth] Pub 7 boxes
Publishing 7 3D boxes
  [ground_truth] File: sweeper_gt/bin/AD002_JS_urban_20251112_152557_day_clear_lidar_1762932547100505114.bin
  [prediction] Pub 10 boxes
Publishing 10 3D boxes
  [prediction] File: sweeper_predict/bin/AD002_JS_urban_20251112_152557_day_clear_lidar_1762932547100505114.bin

--- Frame 19 ---
  [ground_truth] Pub 8 boxes
Publishing 8 3D boxes
  [ground_truth] File: sweeper_gt/bin/AD002_JS_urban_20251112_152557_day_clear_lidar_1762932550700511932.bin
  [prediction] Pub 7 boxes
Publishing 7 3D boxes
  [prediction] File: sweeper_predict/bin/AD002_JS_urban_20251112_152557_day_clear_lidar_1762932550700511932.bin

--- Frame 20 ---
  [ground_truth] Pub 8 boxes
Publishing 8 3D boxes
  [ground_truth] File: sweeper_gt/bin/AD002_JS_urban_20251112_152557_day_clear_lidar_1762932554700782061.bin
  [prediction] Pub 7 boxes
Publishing 7 3D boxes
  [prediction] File: sweeper_predict/bin/AD002_JS_urban_20251112_152557_day_clear_lidar_1762932554700782061.bin

--- Frame 19 ---
  [ground_truth] Pub 8 boxes
Publishing 8 3D boxes
  [ground_truth] File: sweeper_gt/bin/AD002_JS_urban_20251112_152557_day_clear_lidar_1762932550700511932.bin
  [prediction] Pub 7 boxes
Publishing 7 3D boxes
  [prediction] File: sweeper_predict/bin/AD002_JS_urban_20251112_152557_day_clear_lidar_1762932550700511932.bin

--- Frame 20 ---
  [ground_truth] Pub 8 boxes
Publishing 8 3D boxes
  [ground_truth] File: sweeper_gt/bin/AD002_JS_urban_20251112_152557_day_clear_lidar_1762932554700782061.bin
  [prediction] Pub 7 boxes
Publishing 7 3D boxes
  [prediction] File: sweeper_predict/bin/AD002_JS_urban_20251112_152557_day_clear_lidar_1762932554700782061.bin

--- Frame 21 ---
  [ground_truth] Pub 9 boxes
Publishing 9 3D boxes
  [ground_truth] File: sweeper_gt/bin/AD002_JS_urban_20251112_152557_day_clear_lidar_1762932558300797939.bin
  [prediction] Pub 7 boxes
Publishing 7 3D boxes
  [prediction] File: sweeper_predict/bin/AD002_JS_urban_20251112_152557_day_clear_lidar_1762932558300797939.bin

--- Frame 22 ---
  [ground_truth] Pub 12 boxes
Publishing 12 3D boxes
  [ground_truth] File: sweeper_gt/bin/AD002_JS_urban_20251112_152557_day_clear_lidar_1762932562300617933.bin
  [prediction] Pub 6 boxes
Publishing 6 3D boxes
  [prediction] File: sweeper_predict/bin/AD002_JS_urban_20251112_152557_day_clear_lidar_1762932562300617933.bin

--- Frame 23 ---
  [ground_truth] Pub 8 boxes
Publishing 8 3D boxes
  [ground_truth] File: sweeper_gt/bin/AD002_JS_urban_20251112_152557_day_clear_lidar_1762932566300518990.bin
  [prediction] Pub 7 boxes
Publishing 7 3D boxes
  [prediction] File: sweeper_predict/bin/AD002_JS_urban_20251112_152557_day_clear_lidar_1762932566300518990.bin

--- Frame 24 ---
  [ground_truth] Pub 5 boxes
Publishing 5 3D boxes
  [ground_truth] File: sweeper_gt/bin/AD002_JS_urban_20251112_152557_day_clear_lidar_1762932569900480032.bin
  [prediction] Pub 4 boxes
Publishing 4 3D boxes
  [prediction] File: sweeper_predict/bin/AD002_JS_urban_20251112_152557_day_clear_lidar_1762932569900480032.bin

--- Frame 25 ---
  [ground_truth] Pub 4 boxes
Publishing 4 3D boxes
  [ground_truth] File: sweeper_gt/bin/AD002_JS_urban_20251112_152557_day_clear_lidar_1762932573900800943.bin
  [prediction] Pub 4 boxes
Publishing 4 3D boxes
  [prediction] File: sweeper_predict/bin/AD002_JS_urban_20251112_152557_day_clear_lidar_1762932573900800943.bin

--- Frame 26 ---
  [ground_truth] Pub 5 boxes
Publishing 5 3D boxes
  [ground_truth] File: sweeper_gt/bin/AD002_JS_urban_20251112_152557_day_clear_lidar_1762932727500863075.bin
  [prediction] Pub 4 boxes
Publishing 4 3D boxes
  [prediction] File: sweeper_predict/bin/AD002_JS_urban_20251112_152557_day_clear_lidar_1762932727500863075.bin

--- Frame 27 ---
  [ground_truth] Pub 6 boxes
Publishing 6 3D boxes
  [ground_truth] File: sweeper_gt/bin/AD002_JS_urban_20251112_152557_day_clear_lidar_1762932731500680923.bin
  [prediction] Pub 5 boxes
Publishing 5 3D boxes
  [prediction] File: sweeper_predict/bin/AD002_JS_urban_20251112_152557_day_clear_lidar_1762932731500680923.bin

--- Frame 28 ---
  [ground_truth] Pub 6 boxes
Publishing 6 3D boxes
  [ground_truth] File: sweeper_gt/bin/AD002_JS_urban_20251112_152557_day_clear_lidar_1762932735500555992.bin
  [prediction] Pub 5 boxes
Publishing 5 3D boxes
  [prediction] File: sweeper_predict/bin/AD002_JS_urban_20251112_152557_day_clear_lidar_1762932735500555992.bin

--- Frame 29 ---
  [ground_truth] Pub 8 boxes
Publishing 8 3D boxes
  [ground_truth] File: sweeper_gt/bin/AD002_JS_urban_20251112_152557_day_clear_lidar_1762932739100537062.bin
  [prediction] Pub 4 boxes
Publishing 4 3D boxes
  [prediction] File: sweeper_predict/bin/AD002_JS_urban_20251112_152557_day_clear_lidar_1762932739100537062.bin

--- Frame 30 ---
  [ground_truth] Pub 9 boxes
Publishing 9 3D boxes
  [ground_truth] File: sweeper_gt/bin/AD002_JS_urban_20251112_152557_day_clear_lidar_1762932743100811958.bin
  [prediction] Pub 4 boxes
Publishing 4 3D boxes
  [prediction] File: sweeper_predict/bin/AD002_JS_urban_20251112_152557_day_clear_lidar_1762932743100811958.bin

--- Frame 31 ---
  [ground_truth] Pub 7 boxes
Publishing 7 3D boxes
  [ground_truth] File: sweeper_gt/bin/AD002_JS_urban_20251112_152557_day_clear_lidar_1762932747100630999.bin
  [prediction] Pub 4 boxes
Publishing 4 3D boxes
  [prediction] File: sweeper_predict/bin/AD002_JS_urban_20251112_152557_day_clear_lidar_1762932747100630999.bin

--- Frame 32 ---
  [ground_truth] Pub 8 boxes
Publishing 8 3D boxes
  [ground_truth] File: sweeper_gt/bin/AD002_JS_urban_20251112_152557_day_clear_lidar_1762932750700654030.bin
  [prediction] Pub 4 boxes
Publishing 4 3D boxes
  [prediction] File: sweeper_predict/bin/AD002_JS_urban_20251112_152557_day_clear_lidar_1762932750700654030.bin

--- Frame 33 ---
  [ground_truth] Pub 10 boxes
Publishing 10 3D boxes
  [ground_truth] File: sweeper_gt/bin/AD002_JS_urban_20251112_152557_day_clear_lidar_1762932754700536013.bin
  [prediction] Pub 6 boxes
Publishing 6 3D boxes
  [prediction] File: sweeper_predict/bin/AD002_JS_urban_20251112_152557_day_clear_lidar_1762932754700536013.bin

--- Frame 34 ---
  [ground_truth] Pub 9 boxes
Publishing 9 3D boxes
  [ground_truth] File: sweeper_gt/bin/AD002_JS_urban_20251112_152557_day_clear_lidar_1762932758300524950.bin
  [prediction] Pub 3 boxes
Publishing 3 3D boxes
  [prediction] File: sweeper_predict/bin/AD002_JS_urban_20251112_152557_day_clear_lidar_1762932758300524950.bin

--- Frame 35 ---
  [ground_truth] Pub 8 boxes
Publishing 8 3D boxes
  [ground_truth] File: sweeper_gt/bin/AD002_JS_urban_20251112_152557_day_clear_lidar_1762932762300793886.bin
  [prediction] Pub 3 boxes
Publishing 3 3D boxes
  [prediction] File: sweeper_predict/bin/AD002_JS_urban_20251112_152557_day_clear_lidar_1762932762300793886.bin

--- Frame 36 ---
  [ground_truth] Pub 8 boxes
Publishing 8 3D boxes
  [ground_truth] File: sweeper_gt/bin/AD002_JS_urban_20251112_152557_day_clear_lidar_1762932766300681114.bin
  [prediction] Pub 4 boxes
Publishing 4 3D boxes
  [prediction] File: sweeper_predict/bin/AD002_JS_urban_20251112_152557_day_clear_lidar_1762932766300681114.bin

--- Frame 37 ---
  [ground_truth] Pub 10 boxes
Publishing 10 3D boxes
  [ground_truth] File: sweeper_gt/bin/AD002_JS_urban_20251112_152557_day_clear_lidar_1762932769900685072.bin
  [prediction] Pub 6 boxes
Publishing 6 3D boxes
  [prediction] File: sweeper_predict/bin/AD002_JS_urban_20251112_152557_day_clear_lidar_1762932769900685072.bin

--- Frame 38 ---
  [ground_truth] Pub 11 boxes
Publishing 11 3D boxes
  [ground_truth] File: sweeper_gt/bin/AD002_JS_urban_20251112_152557_day_clear_lidar_1762932773900527954.bin
  [prediction] Pub 5 boxes
Publishing 5 3D boxes
  [prediction] File: sweeper_predict/bin/AD002_JS_urban_20251112_152557_day_clear_lidar_1762932773900527954.bin

--- Frame 39 ---
  [ground_truth] Pub 11 boxes
Publishing 11 3D boxes
  [ground_truth] File: sweeper_gt/bin/AD002_JS_urban_20251112_152557_day_clear_lidar_1762932777500529051.bin
  [prediction] Pub 5 boxes
Publishing 5 3D boxes
  [prediction] File: sweeper_predict/bin/AD002_JS_urban_20251112_152557_day_clear_lidar_1762932777500529051.bin

--- Frame 40 ---
  [ground_truth] Pub 10 boxes
Publishing 10 3D boxes
  [ground_truth] File: sweeper_gt/bin/AD002_JS_urban_20251112_152557_day_clear_lidar_1762932781500832081.bin
  [prediction] Pub 5 boxes
Publishing 5 3D boxes
  [prediction] File: sweeper_predict/bin/AD002_JS_urban_20251112_152557_day_clear_lidar_1762932781500832081.bin

--- Frame 41 ---
  [ground_truth] Pub 8 boxes
Publishing 8 3D boxes
  [ground_truth] File: sweeper_gt/bin/AD002_JS_urban_20251112_152557_day_clear_lidar_1762932785500650883.bin
  [prediction] Pub 8 boxes
Publishing 8 3D boxes
  [prediction] File: sweeper_predict/bin/AD002_JS_urban_20251112_152557_day_clear_lidar_1762932785500650883.bin

--- Frame 42 ---
  [ground_truth] Pub 13 boxes
Publishing 13 3D boxes
  [ground_truth] File: sweeper_gt/bin/AD002_JS_urban_20251112_152557_day_clear_lidar_1762933030400513887.bin
  [prediction] Pub 8 boxes
Publishing 8 3D boxes
  [prediction] File: sweeper_predict/bin/AD002_JS_urban_20251112_152557_day_clear_lidar_1762933030400513887.bin

--- Frame 43 ---
  [ground_truth] Pub 17 boxes
Publishing 17 3D boxes
  [ground_truth] File: sweeper_gt/bin/AD002_JS_urban_20251112_152557_day_clear_lidar_1762933034400827885.bin
  [prediction] Pub 11 boxes
Publishing 11 3D boxes
  [prediction] File: sweeper_predict/bin/AD002_JS_urban_20251112_152557_day_clear_lidar_1762933034400827885.bin

--- Frame 44 ---
  [ground_truth] Pub 15 boxes
Publishing 15 3D boxes
  [ground_truth] File: sweeper_gt/bin/AD002_JS_urban_20251112_152557_day_clear_lidar_1762933038400655031.bin
  [prediction] Pub 10 boxes
Publishing 10 3D boxes
  [prediction] File: sweeper_predict/bin/AD002_JS_urban_20251112_152557_day_clear_lidar_1762933038400655031.bin

--- Frame 43 ---
  [ground_truth] Pub 17 boxes
Publishing 17 3D boxes
  [ground_truth] File: sweeper_gt/bin/AD002_JS_urban_20251112_152557_day_clear_lidar_1762933034400827885.bin
  [prediction] Pub 11 boxes
Publishing 11 3D boxes
  [prediction] File: sweeper_predict/bin/AD002_JS_urban_20251112_152557_day_clear_lidar_1762933034400827885.bin

--- Frame 44 ---
  [ground_truth] Pub 15 boxes
Publishing 15 3D boxes
  [ground_truth] File: sweeper_gt/bin/AD002_JS_urban_20251112_152557_day_clear_lidar_1762933038400655031.bin
  [prediction] Pub 10 boxes
Publishing 10 3D boxes
  [prediction] File: sweeper_predict/bin/AD002_JS_urban_20251112_152557_day_clear_lidar_1762933038400655031.bin

--- Frame 45 ---
  [ground_truth] Pub 19 boxes
Publishing 19 3D boxes
  [ground_truth] File: sweeper_gt/bin/AD002_JS_urban_20251112_152557_day_clear_lidar_1762933042000664949.bin
  [prediction] Pub 11 boxes
Publishing 11 3D boxes
  [prediction] File: sweeper_predict/bin/AD002_JS_urban_20251112_152557_day_clear_lidar_1762933042000664949.bin

--- Frame 46 ---
  [ground_truth] Pub 17 boxes
Publishing 17 3D boxes
  [ground_truth] File: sweeper_gt/bin/AD002_JS_urban_20251112_152557_day_clear_lidar_1762933046000524998.bin
  [prediction] Pub 11 boxes
Publishing 11 3D boxes
  [prediction] File: sweeper_predict/bin/AD002_JS_urban_20251112_152557_day_clear_lidar_1762933046000524998.bin

--- Frame 47 ---
  [ground_truth] Pub 18 boxes
Publishing 18 3D boxes
  [ground_truth] File: sweeper_gt/bin/AD002_JS_urban_20251112_152557_day_clear_lidar_1762933049600537062.bin
  [prediction] Pub 12 boxes
Publishing 12 3D boxes
  [prediction] File: sweeper_predict/bin/AD002_JS_urban_20251112_152557_day_clear_lidar_1762933049600537062.bin

--- Frame 48 ---
  [ground_truth] Pub 15 boxes
Publishing 15 3D boxes
  [ground_truth] File: sweeper_gt/bin/AD002_JS_urban_20251112_152557_day_clear_lidar_1762933053600852966.bin
  [prediction] Pub 13 boxes
Publishing 13 3D boxes
  [prediction] File: sweeper_predict/bin/AD002_JS_urban_20251112_152557_day_clear_lidar_1762933053600852966.bin

--- Frame 49 ---
  [ground_truth] Pub 15 boxes
Publishing 15 3D boxes
  [ground_truth] File: sweeper_gt/bin/AD002_JS_urban_20251112_152557_day_clear_lidar_1762933057600651979.bin
  [prediction] Pub 16 boxes
Publishing 16 3D boxes
  [prediction] File: sweeper_predict/bin/AD002_JS_urban_20251112_152557_day_clear_lidar_1762933057600651979.bin

--- Frame 50 ---
  [ground_truth] Pub 19 boxes
Publishing 19 3D boxes
  [ground_truth] File: sweeper_gt/bin/AD002_JS_urban_20251112_152557_day_clear_lidar_1762933061200620890.bin
  [prediction] Pub 14 boxes
Publishing 14 3D boxes
  [prediction] File: sweeper_predict/bin/AD002_JS_urban_20251112_152557_day_clear_lidar_1762933061200620890.bin

--- Frame 51 ---
  [ground_truth] Pub 18 boxes
Publishing 18 3D boxes
  [ground_truth] File: sweeper_gt/bin/AD002_JS_urban_20251112_152557_day_clear_lidar_1762933065200551033.bin
  [prediction] Pub 10 boxes
Publishing 10 3D boxes
  [prediction] File: sweeper_predict/bin/AD002_JS_urban_20251112_152557_day_clear_lidar_1762933065200551033.bin

--- Frame 52 ---
  [ground_truth] Pub 21 boxes
Publishing 21 3D boxes
  [ground_truth] File: sweeper_gt/bin/AD002_JS_urban_20251112_152557_day_clear_lidar_1762933068800538063.bin
  [prediction] Pub 12 boxes
Publishing 12 3D boxes
  [prediction] File: sweeper_predict/bin/AD002_JS_urban_20251112_152557_day_clear_lidar_1762933068800538063.bin

--- Frame 53 ---
  [ground_truth] Pub 22 boxes
Publishing 22 3D boxes
  [ground_truth] File: sweeper_gt/bin/AD002_JS_urban_20251112_152557_day_clear_lidar_1762933072800793886.bin
  [prediction] Pub 11 boxes
Publishing 11 3D boxes
  [prediction] File: sweeper_predict/bin/AD002_JS_urban_20251112_152557_day_clear_lidar_1762933072800793886.bin

--- Frame 54 ---
  [ground_truth] Pub 20 boxes
Publishing 20 3D boxes
  [ground_truth] File: sweeper_gt/bin/AD002_JS_urban_20251112_152557_day_clear_lidar_1762933076800646067.bin
  [prediction] Pub 14 boxes
Publishing 14 3D boxes
  [prediction] File: sweeper_predict/bin/AD002_JS_urban_20251112_152557_day_clear_lidar_1762933076800646067.bin

--- Frame 55 ---
  [ground_truth] Pub 12 boxes
Publishing 12 3D boxes
  [ground_truth] File: sweeper_gt/bin/AD002_JS_urban_20251112_152557_day_clear_lidar_1762933320500518084.bin
  [prediction] Pub 9 boxes
Publishing 9 3D boxes
  [prediction] File: sweeper_predict/bin/AD002_JS_urban_20251112_152557_day_clear_lidar_1762933320500518084.bin

--- Frame 56 ---
  [ground_truth] Pub 11 boxes
Publishing 11 3D boxes
  [ground_truth] File: sweeper_gt/bin/AD002_JS_urban_20251112_152557_day_clear_lidar_1762933324500817060.bin
  [prediction] Pub 5 boxes
Publishing 5 3D boxes
  [prediction] File: sweeper_predict/bin/AD002_JS_urban_20251112_152557_day_clear_lidar_1762933324500817060.bin

--- Frame 57 ---
  [ground_truth] Pub 16 boxes
Publishing 16 3D boxes
  [ground_truth] File: sweeper_gt/bin/AD002_JS_urban_20251112_152557_day_clear_lidar_1762933328500614882.bin
  [prediction] Pub 5 boxes
Publishing 5 3D boxes
  [prediction] File: sweeper_predict/bin/AD002_JS_urban_20251112_152557_day_clear_lidar_1762933328500614882.bin

--- Frame 58 ---
  [ground_truth] Pub 16 boxes
Publishing 16 3D boxes
  [ground_truth] File: sweeper_gt/bin/AD002_JS_urban_20251112_152557_day_clear_lidar_1762933332100646019.bin
  [prediction] Pub 6 boxes
Publishing 6 3D boxes
  [prediction] File: sweeper_predict/bin/AD002_JS_urban_20251112_152557_day_clear_lidar_1762933332100646019.bin

--- Frame 59 ---
  [ground_truth] Pub 17 boxes
Publishing 17 3D boxes
  [ground_truth] File: sweeper_gt/bin/AD002_JS_urban_20251112_152557_day_clear_lidar_1762933336100534916.bin
  [prediction] Pub 6 boxes
Publishing 6 3D boxes
  [prediction] File: sweeper_predict/bin/AD002_JS_urban_20251112_152557_day_clear_lidar_1762933336100534916.bin

--- Frame 60 ---
  [ground_truth] Pub 17 boxes
Publishing 17 3D boxes
  [ground_truth] File: sweeper_gt/bin/AD002_JS_urban_20251112_152557_day_clear_lidar_1762933339700547934.bin
  [prediction] Pub 5 boxes
Publishing 5 3D boxes
  [prediction] File: sweeper_predict/bin/AD002_JS_urban_20251112_152557_day_clear_lidar_1762933339700547934.bin

--- Frame 61 ---
  [ground_truth] Pub 17 boxes
Publishing 17 3D boxes
  [ground_truth] File: sweeper_gt/bin/AD002_JS_urban_20251112_152557_day_clear_lidar_1762933343700812101.bin
  [prediction] Pub 3 boxes
Publishing 3 3D boxes
  [prediction] File: sweeper_predict/bin/AD002_JS_urban_20251112_152557_day_clear_lidar_1762933343700812101.bin

--- Frame 62 ---
  [ground_truth] Pub 15 boxes
Publishing 15 3D boxes
  [ground_truth] File: sweeper_gt/bin/AD002_JS_urban_20251112_152557_day_clear_lidar_1762933347700660944.bin
  [prediction] Pub 4 boxes
Publishing 4 3D boxes
  [prediction] File: sweeper_predict/bin/AD002_JS_urban_20251112_152557_day_clear_lidar_1762933347700660944.bin

--- Frame 63 ---
  [ground_truth] Pub 14 boxes
Publishing 14 3D boxes
  [ground_truth] File: sweeper_gt/bin/AD002_JS_urban_20251112_152557_day_clear_lidar_1762933351300626040.bin
  [prediction] Pub 6 boxes
Publishing 6 3D boxes
  [prediction] File: sweeper_predict/bin/AD002_JS_urban_20251112_152557_day_clear_lidar_1762933351300626040.bin

--- Frame 64 ---
  [ground_truth] Pub 13 boxes
Publishing 13 3D boxes
  [ground_truth] File: sweeper_gt/bin/AD002_JS_urban_20251112_152557_day_clear_lidar_1762933355300534964.bin
  [prediction] Pub 6 boxes
Publishing 6 3D boxes
  [prediction] File: sweeper_predict/bin/AD002_JS_urban_20251112_152557_day_clear_lidar_1762933355300534964.bin

--- Frame 65 ---
  [ground_truth] Pub 15 boxes
Publishing 15 3D boxes
  [ground_truth] File: sweeper_gt/bin/AD002_JS_urban_20251112_152557_day_clear_lidar_1762933358900527954.bin
  [prediction] Pub 4 boxes
Publishing 4 3D boxes
  [prediction] File: sweeper_predict/bin/AD002_JS_urban_20251112_152557_day_clear_lidar_1762933358900527954.bin

--- Frame 66 ---
  [ground_truth] Pub 13 boxes
Publishing 13 3D boxes
  [ground_truth] File: sweeper_gt/bin/AD002_JS_urban_20251112_152557_day_clear_lidar_1762933362900785923.bin
  [prediction] Pub 4 boxes
Publishing 4 3D boxes
  [prediction] File: sweeper_predict/bin/AD002_JS_urban_20251112_152557_day_clear_lidar_1762933362900785923.bin

--- Frame 67 ---
  [ground_truth] Pub 12 boxes
Publishing 12 3D boxes
  [ground_truth] File: sweeper_gt/bin/AD002_JS_urban_20251112_152557_day_clear_lidar_1762933366900681973.bin
  [prediction] Pub 6 boxes
Publishing 6 3D boxes
  [prediction] File: sweeper_predict/bin/AD002_JS_urban_20251112_152557_day_clear_lidar_1762933366900681973.bin

--- Frame 68 ---
  [ground_truth] Pub 17 boxes
Publishing 17 3D boxes
  [ground_truth] File: sweeper_gt/bin/AD002_JS_urban_20251112_152557_day_clear_lidar_1762933370500669003.bin
  [prediction] Pub 8 boxes
Publishing 8 3D boxes
  [prediction] File: sweeper_predict/bin/AD002_JS_urban_20251112_152557_day_clear_lidar_1762933370500669003.bin

--- Frame 69 ---
  [ground_truth] Pub 14 boxes
Publishing 14 3D boxes
  [ground_truth] File: sweeper_gt/bin/AD002_JS_urban_20251112_152557_day_clear_lidar_1762933374500513077.bin
  [prediction] Pub 6 boxes
Publishing 6 3D boxes
  [prediction] File: sweeper_predict/bin/AD002_JS_urban_20251112_152557_day_clear_lidar_1762933374500513077.bin

--- Frame 70 ---
  [ground_truth] Pub 13 boxes
Publishing 13 3D boxes
  [ground_truth] File: sweeper_gt/bin/AD002_JS_urban_20251112_152557_day_clear_lidar_1762933378500799894.bin
  [prediction] Pub 9 boxes
Publishing 9 3D boxes
  [prediction] File: sweeper_predict/bin/AD002_JS_urban_20251112_152557_day_clear_lidar_1762933378500799894.bin

--- Frame 71 ---
  [ground_truth] Pub 15 boxes
Publishing 15 3D boxes
  [ground_truth] File: sweeper_gt/bin/AD002_JS_urban_20251112_152557_day_clear_lidar_1762933382100816011.bin
  [prediction] Pub 8 boxes
Publishing 8 3D boxes
  [prediction] File: sweeper_predict/bin/AD002_JS_urban_20251112_152557_day_clear_lidar_1762933382100816011.bin

--- Frame 72 ---
  [ground_truth] Pub 22 boxes
Publishing 22 3D boxes
  [ground_truth] File: sweeper_gt/bin/AD002_JS_urban_20251112_152557_day_clear_lidar_1762933386100632906.bin
  [prediction] Pub 14 boxes
Publishing 14 3D boxes
  [prediction] File: sweeper_predict/bin/AD002_JS_urban_20251112_152557_day_clear_lidar_1762933386100632906.bin

--- Frame 73 ---
  [ground_truth] Pub 21 boxes
Publishing 21 3D boxes
  [ground_truth] File: sweeper_gt/bin/AD002_JS_urban_20251112_152557_day_clear_lidar_1762933389700645924.bin
  [prediction] Pub 14 boxes
Publishing 14 3D boxes
  [prediction] File: sweeper_predict/bin/AD002_JS_urban_20251112_152557_day_clear_lidar_1762933389700645924.bin

--- Frame 74 ---
  [ground_truth] Pub 24 boxes
Publishing 24 3D boxes
  [ground_truth] File: sweeper_gt/bin/AD002_JS_urban_20251112_152557_day_clear_lidar_1762933393700500965.bin
  [prediction] Pub 16 boxes
Publishing 16 3D boxes
  [prediction] File: sweeper_predict/bin/AD002_JS_urban_20251112_152557_day_clear_lidar_1762933393700500965.bin

--- Frame 75 ---
  [ground_truth] Pub 20 boxes
Publishing 20 3D boxes
  [ground_truth] File: sweeper_gt/bin/AD002_JS_urban_20251112_152557_day_clear_lidar_1762933397700818062.bin
  [prediction] Pub 14 boxes
Publishing 14 3D boxes
  [prediction] File: sweeper_predict/bin/AD002_JS_urban_20251112_152557_day_clear_lidar_1762933397700818062.bin

--- Frame 76 ---
  [ground_truth] Pub 22 boxes
Publishing 22 3D boxes
  [ground_truth] File: sweeper_gt/bin/AD002_JS_urban_20251112_152557_day_clear_lidar_1762933401300775051.bin
  [prediction] Pub 15 boxes
Publishing 15 3D boxes
  [prediction] File: sweeper_predict/bin/AD002_JS_urban_20251112_152557_day_clear_lidar_1762933401300775051.bin

--- Frame 77 ---
  [ground_truth] Pub 25 boxes
Publishing 25 3D boxes
  [ground_truth] File: sweeper_gt/bin/AD002_JS_urban_20251112_152557_day_clear_lidar_1762933405300668955.bin
  [prediction] Pub 16 boxes
Publishing 16 3D boxes
  [prediction] File: sweeper_predict/bin/AD002_JS_urban_20251112_152557_day_clear_lidar_1762933405300668955.bin

--- Frame 78 ---
  [ground_truth] Pub 22 boxes
Publishing 22 3D boxes
  [ground_truth] File: sweeper_gt/bin/AD002_JS_urban_20251112_152557_day_clear_lidar_1762933408900655985.bin
  [prediction] Pub 11 boxes
Publishing 11 3D boxes
  [prediction] File: sweeper_predict/bin/AD002_JS_urban_20251112_152557_day_clear_lidar_1762933408900655985.bin

--- Frame 79 ---
  [ground_truth] Pub 22 boxes
Publishing 22 3D boxes
  [ground_truth] File: sweeper_gt/bin/AD002_JS_urban_20251112_152557_day_clear_lidar_1762933412900549889.bin
  [prediction] Pub 12 boxes
Publishing 12 3D boxes
  [prediction] File: sweeper_predict/bin/AD002_JS_urban_20251112_152557_day_clear_lidar_1762933412900549889.bin

--- Frame 80 ---
  [ground_truth] Pub 20 boxes
Publishing 20 3D boxes
  [ground_truth] File: sweeper_gt/bin/AD002_JS_urban_20251112_152557_day_clear_lidar_1762933416900806904.bin
  [prediction] Pub 12 boxes
Publishing 12 3D boxes
  [prediction] File: sweeper_predict/bin/AD002_JS_urban_20251112_152557_day_clear_lidar_1762933416900806904.bin

--- Frame 81 ---
  [ground_truth] Pub 24 boxes
Publishing 24 3D boxes
  [ground_truth] File: sweeper_gt/bin/AD002_JS_urban_20251112_152557_day_clear_lidar_1762933420500832081.bin
  [prediction] Pub 12 boxes
Publishing 12 3D boxes
  [prediction] File: sweeper_predict/bin/AD002_JS_urban_20251112_152557_day_clear_lidar_1762933420500832081.bin

--- Frame 82 ---
  [ground_truth] Pub 20 boxes
Publishing 20 3D boxes
  [ground_truth] File: sweeper_gt/bin/AD002_JS_urban_20251112_152557_day_clear_lidar_1762933424500634909.bin
  [prediction] Pub 16 boxes
Publishing 16 3D boxes
  [prediction] File: sweeper_predict/bin/AD002_JS_urban_20251112_152557_day_clear_lidar_1762933424500634909.bin

--- Frame 83 ---
  [ground_truth] Pub 19 boxes
Publishing 19 3D boxes
  [ground_truth] File: sweeper_gt/bin/AD002_JS_urban_20251112_152557_day_clear_lidar_1762933428500499010.bin
  [prediction] Pub 10 boxes
Publishing 10 3D boxes
  [prediction] File: sweeper_predict/bin/AD002_JS_urban_20251112_152557_day_clear_lidar_1762933428500499010.bin

--- Frame 84 ---
  [ground_truth] Pub 17 boxes
Publishing 17 3D boxes
  [ground_truth] File: sweeper_gt/bin/AD002_JS_urban_20251112_152557_day_clear_lidar_1762933432700525045.bin
  [prediction] Pub 11 boxes
Publishing 11 3D boxes
  [prediction] File: sweeper_predict/bin/AD002_JS_urban_20251112_152557_day_clear_lidar_1762933432700525045.bin

--- Frame 85 ---
  [ground_truth] Pub 18 boxes
Publishing 18 3D boxes
  [ground_truth] File: sweeper_gt/bin/AD002_JS_urban_20251112_152557_day_clear_lidar_1762933436700834036.bin
  [prediction] Pub 8 boxes
Publishing 8 3D boxes
  [prediction] File: sweeper_predict/bin/AD002_JS_urban_20251112_152557_day_clear_lidar_1762933436700834036.bin

--- Frame 86 ---
  [ground_truth] Pub 20 boxes
Publishing 20 3D boxes
  [ground_truth] File: sweeper_gt/bin/AD002_JS_urban_20251112_152557_day_clear_lidar_1762933440500541925.bin
  [prediction] Pub 9 boxes
Publishing 9 3D boxes
  [prediction] File: sweeper_predict/bin/AD002_JS_urban_20251112_152557_day_clear_lidar_1762933440500541925.bin

--- Frame 87 ---
  [ground_truth] Pub 16 boxes
Publishing 16 3D boxes
  [ground_truth] File: sweeper_gt/bin/AD002_JS_urban_20251112_152557_day_clear_lidar_1762933444500750065.bin
  [prediction] Pub 9 boxes
Publishing 9 3D boxes
  [prediction] File: sweeper_predict/bin/AD002_JS_urban_20251112_152557_day_clear_lidar_1762933444500750065.bin

--- Frame 88 ---
  [ground_truth] Pub 14 boxes
Publishing 14 3D boxes
  [ground_truth] File: sweeper_gt/bin/AD002_JS_urban_20251112_152557_day_clear_lidar_1762933448500663042.bin
  [prediction] Pub 5 boxes
Publishing 5 3D boxes
  [prediction] File: sweeper_predict/bin/AD002_JS_urban_20251112_152557_day_clear_lidar_1762933448500663042.bin

--- Frame 89 ---
  [ground_truth] Pub 10 boxes
Publishing 10 3D boxes
  [ground_truth] File: sweeper_gt/bin/AD002_JS_urban_20251112_152557_day_clear_lidar_1762933462100507975.bin
  [prediction] Pub 11 boxes
Publishing 11 3D boxes
  [prediction] File: sweeper_predict/bin/AD002_JS_urban_20251112_152557_day_clear_lidar_1762933462100507975.bin

--- Frame 90 ---
  [ground_truth] Pub 12 boxes
Publishing 12 3D boxes
  [ground_truth] File: sweeper_gt/bin/AD002_JS_urban_20251112_152557_day_clear_lidar_1762933466100810051.bin
  [prediction] Pub 10 boxes
Publishing 10 3D boxes
  [prediction] File: sweeper_predict/bin/AD002_JS_urban_20251112_152557_day_clear_lidar_1762933466100810051.bin

--- Frame 91 ---
  [ground_truth] Pub 10 boxes
Publishing 10 3D boxes
  [ground_truth] File: sweeper_gt/bin/AD002_JS_urban_20251112_152557_day_clear_lidar_1762933469700808048.bin
  [prediction] Pub 9 boxes
Publishing 9 3D boxes
  [prediction] File: sweeper_predict/bin/AD002_JS_urban_20251112_152557_day_clear_lidar_1762933469700808048.bin

--- Frame 92 ---
  [ground_truth] Pub 12 boxes
Publishing 12 3D boxes
  [ground_truth] File: sweeper_gt/bin/AD002_JS_urban_20251112_152557_day_clear_lidar_1762933473700653076.bin
  [prediction] Pub 14 boxes
Publishing 14 3D boxes
  [prediction] File: sweeper_predict/bin/AD002_JS_urban_20251112_152557_day_clear_lidar_1762933473700653076.bin

--- Frame 93 ---
  [ground_truth] Pub 11 boxes
Publishing 11 3D boxes
  [ground_truth] File: sweeper_gt/bin/AD002_JS_urban_20251112_152557_day_clear_lidar_1762933477700530052.bin
  [prediction] Pub 9 boxes
Publishing 9 3D boxes
  [prediction] File: sweeper_predict/bin/AD002_JS_urban_20251112_152557_day_clear_lidar_1762933477700530052.bin

--- Frame 94 ---
  [ground_truth] Pub 12 boxes
Publishing 12 3D boxes
  [ground_truth] File: sweeper_gt/bin/AD002_JS_urban_20251112_152557_day_clear_lidar_1762933481300564051.bin
  [prediction] Pub 10 boxes
Publishing 10 3D boxes
  [prediction] File: sweeper_predict/bin/AD002_JS_urban_20251112_152557_day_clear_lidar_1762933481300564051.bin

--- Frame 95 ---
  [ground_truth] Pub 10 boxes
Publishing 10 3D boxes
  [ground_truth] File: sweeper_gt/bin/AD002_JS_urban_20251112_152557_day_clear_lidar_1762933485300795078.bin
  [prediction] Pub 9 boxes
Publishing 9 3D boxes
  [prediction] File: sweeper_predict/bin/AD002_JS_urban_20251112_152557_day_clear_lidar_1762933485300795078.bin

--- Frame 96 ---
  [ground_truth] Pub 11 boxes
Publishing 11 3D boxes
  [ground_truth] File: sweeper_gt/bin/AD002_JS_urban_20251112_152557_day_clear_lidar_1762933488900824070.bin
  [prediction] Pub 8 boxes
Publishing 8 3D boxes
  [prediction] File: sweeper_predict/bin/AD002_JS_urban_20251112_152557_day_clear_lidar_1762933488900824070.bin

--- Frame 97 ---
  [ground_truth] Pub 10 boxes
Publishing 10 3D boxes
  [ground_truth] File: sweeper_gt/bin/AD002_JS_urban_20251112_152557_day_clear_lidar_1762933492900634050.bin
  [prediction] Pub 7 boxes
Publishing 7 3D boxes
  [prediction] File: sweeper_predict/bin/AD002_JS_urban_20251112_152557_day_clear_lidar_1762933492900634050.bin

--- Frame 98 ---
  [ground_truth] Pub 9 boxes
Publishing 9 3D boxes
  [ground_truth] File: sweeper_gt/bin/AD002_JS_urban_20251112_152557_day_clear_lidar_1762933496900501966.bin
  [prediction] Pub 7 boxes
Publishing 7 3D boxes
  [prediction] File: sweeper_predict/bin/AD002_JS_urban_20251112_152557_day_clear_lidar_1762933496900501966.bin

--- Frame 99 ---
  [ground_truth] Pub 8 boxes
Publishing 8 3D boxes
  [ground_truth] File: sweeper_gt/bin/AD002_JS_urban_20251112_152557_day_clear_lidar_1762933500500530005.bin
  [prediction] Pub 6 boxes
Publishing 6 3D boxes
  [prediction] File: sweeper_predict/bin/AD002_JS_urban_20251112_152557_day_clear_lidar_1762933500500530005.bin

--- Frame 100 ---
  [ground_truth] Pub 8 boxes
Publishing 8 3D boxes
  [ground_truth] File: sweeper_gt/bin/AD002_JS_urban_20251112_152557_day_clear_lidar_1762933504500788927.bin
  [prediction] Pub 6 boxes
Publishing 6 3D boxes
  [prediction] File: sweeper_predict/bin/AD002_JS_urban_20251112_152557_day_clear_lidar_1762933504500788927.bin

--- Frame 101 ---
  [ground_truth] Pub 8 boxes
Publishing 8 3D boxes
  [ground_truth] File: sweeper_gt/bin/AD002_JS_urban_20251112_152557_day_clear_lidar_1762933508500677109.bin
  [prediction] Pub 6 boxes
Publishing 6 3D boxes
  [prediction] File: sweeper_predict/bin/AD002_JS_urban_20251112_152557_day_clear_lidar_1762933508500677109.bin

--- Frame 102 ---
  [ground_truth] Pub 8 boxes
Publishing 8 3D boxes
  [ground_truth] File: sweeper_gt/bin/AD002_JS_urban_20251112_152557_day_clear_lidar_1762933512100636005.bin
  [prediction] Pub 6 boxes
Publishing 6 3D boxes
  [prediction] File: sweeper_predict/bin/AD002_JS_urban_20251112_152557_day_clear_lidar_1762933512100636005.bin

--- Frame 103 ---
  [ground_truth] Pub 9 boxes
Publishing 9 3D boxes
  [ground_truth] File: sweeper_gt/bin/AD002_JS_urban_20251112_152557_day_clear_lidar_1762933516100528002.bin
  [prediction] Pub 7 boxes
Publishing 7 3D boxes
  [prediction] File: sweeper_predict/bin/AD002_JS_urban_20251112_152557_day_clear_lidar_1762933516100528002.bin

--- Frame 104 ---
  [ground_truth] Pub 6 boxes
Publishing 6 3D boxes
  [ground_truth] File: sweeper_gt/bin/AD002_JS_urban_20251112_152557_day_clear_lidar_1762933519700565100.bin
  [prediction] Pub 7 boxes
Publishing 7 3D boxes
  [prediction] File: sweeper_predict/bin/AD002_JS_urban_20251112_152557_day_clear_lidar_1762933519700565100.bin

--- Frame 105 ---
  [ground_truth] Pub 6 boxes
Publishing 6 3D boxes
  [ground_truth] File: sweeper_gt/bin/AD002_JS_urban_20251112_152557_day_clear_lidar_1762933523700788021.bin
  [prediction] Pub 4 boxes
Publishing 4 3D boxes
  [prediction] File: sweeper_predict/bin/AD002_JS_urban_20251112_152557_day_clear_lidar_1762933523700788021.bin

--- Frame 106 ---
  [ground_truth] Pub 4 boxes
Publishing 4 3D boxes
  [ground_truth] File: sweeper_gt/bin/AD002_JS_urban_20251112_152557_day_clear_lidar_1762933527700623035.bin
  [prediction] Pub 3 boxes
Publishing 3 3D boxes
  [prediction] File: sweeper_predict/bin/AD002_JS_urban_20251112_152557_day_clear_lidar_1762933527700623035.bin

--- Frame 107 ---
  [ground_truth] Pub 7 boxes
Publishing 7 3D boxes
  [ground_truth] File: sweeper_gt/bin/AD002_JS_urban_20251112_152557_day_clear_lidar_1762933531300647020.bin
  [prediction] Pub 4 boxes
Publishing 4 3D boxes
  [prediction] File: sweeper_predict/bin/AD002_JS_urban_20251112_152557_day_clear_lidar_1762933531300647020.bin

--- Frame 108 ---
  [ground_truth] Pub 8 boxes
Publishing 8 3D boxes
  [ground_truth] File: sweeper_gt/bin/AD002_JS_urban_20251112_152557_day_clear_lidar_1762933535300554037.bin
  [prediction] Pub 5 boxes
Publishing 5 3D boxes
  [prediction] File: sweeper_predict/bin/AD002_JS_urban_20251112_152557_day_clear_lidar_1762933535300554037.bin

--- Frame 109 ---
  [ground_truth] Pub 11 boxes
Publishing 11 3D boxes
  [ground_truth] File: sweeper_gt/bin/AD002_JS_urban_20251112_152557_day_clear_lidar_1762933538900557995.bin
  [prediction] Pub 10 boxes
Publishing 10 3D boxes
  [prediction] File: sweeper_predict/bin/AD002_JS_urban_20251112_152557_day_clear_lidar_1762933538900557995.bin

--- Frame 110 ---
  [ground_truth] Pub 12 boxes
Publishing 12 3D boxes
  [ground_truth] File: sweeper_gt/bin/AD002_JS_urban_20251112_152557_day_clear_lidar_1762933542900844097.bin
  [prediction] Pub 6 boxes
Publishing 6 3D boxes
  [prediction] File: sweeper_predict/bin/AD002_JS_urban_20251112_152557_day_clear_lidar_1762933542900844097.bin

--- Frame 111 ---
  [ground_truth] Pub 11 boxes
Publishing 11 3D boxes
  [ground_truth] File: sweeper_gt/bin/AD002_JS_urban_20251112_152557_day_clear_lidar_1762933546900650978.bin
  [prediction] Pub 10 boxes
Publishing 10 3D boxes
  [prediction] File: sweeper_predict/bin/AD002_JS_urban_20251112_152557_day_clear_lidar_1762933546900650978.bin

--- Frame 112 ---
  [ground_truth] Pub 11 boxes
Publishing 11 3D boxes
  [ground_truth] File: sweeper_gt/bin/AD002_JS_urban_20251112_152557_day_clear_lidar_1762933550900501966.bin
  [prediction] Pub 5 boxes
Publishing 5 3D boxes
  [prediction] File: sweeper_predict/bin/AD002_JS_urban_20251112_152557_day_clear_lidar_1762933550900501966.bin

--- Frame 113 ---
  [ground_truth] Pub 11 boxes
Publishing 11 3D boxes
  [ground_truth] File: sweeper_gt/bin/AD002_JS_urban_20251112_152557_day_clear_lidar_1762933554900803089.bin
  [prediction] Pub 5 boxes
Publishing 5 3D boxes
  [prediction] File: sweeper_predict/bin/AD002_JS_urban_20251112_152557_day_clear_lidar_1762933554900803089.bin

--- Frame 114 ---
  [ground_truth] Pub 13 boxes
Publishing 13 3D boxes
  [ground_truth] File: sweeper_gt/bin/AD002_JS_urban_20251112_152557_day_clear_lidar_1762933559000555038.bin
  [prediction] Pub 5 boxes
Publishing 5 3D boxes
  [prediction] File: sweeper_predict/bin/AD002_JS_urban_20251112_152557_day_clear_lidar_1762933559000555038.bin

--- Frame 115 ---
  [ground_truth] Pub 14 boxes
Publishing 14 3D boxes
  [ground_truth] File: sweeper_gt/bin/AD002_JS_urban_20251112_152557_day_clear_lidar_1762933563000766993.bin
  [prediction] Pub 9 boxes
Publishing 9 3D boxes
  [prediction] File: sweeper_predict/bin/AD002_JS_urban_20251112_152557_day_clear_lidar_1762933563000766993.bin

--- Frame 116 ---
  [ground_truth] Pub 12 boxes
Publishing 12 3D boxes
  [ground_truth] File: sweeper_gt/bin/AD002_JS_urban_20251112_152557_day_clear_lidar_1762933567000648975.bin
  [prediction] Pub 8 boxes
Publishing 8 3D boxes
  [prediction] File: sweeper_predict/bin/AD002_JS_urban_20251112_152557_day_clear_lidar_1762933567000648975.bin

--- Frame 117 ---
  [ground_truth] Pub 14 boxes
Publishing 14 3D boxes
  [ground_truth] File: sweeper_gt/bin/AD002_JS_urban_20251112_152557_day_clear_lidar_1762933570600616932.bin
  [prediction] Pub 10 boxes
Publishing 10 3D boxes
  [prediction] File: sweeper_predict/bin/AD002_JS_urban_20251112_152557_day_clear_lidar_1762933570600616932.bin

--- Frame 118 ---
  [ground_truth] Pub 14 boxes
Publishing 14 3D boxes
  [ground_truth] File: sweeper_gt/bin/AD002_JS_urban_20251112_152557_day_clear_lidar_1762933574600521088.bin
  [prediction] Pub 11 boxes
Publishing 11 3D boxes
  [prediction] File: sweeper_predict/bin/AD002_JS_urban_20251112_152557_day_clear_lidar_1762933574600521088.bin

--- Frame 119 ---
  [ground_truth] Pub 14 boxes
Publishing 14 3D boxes
  [ground_truth] File: sweeper_gt/bin/AD002_JS_urban_20251112_152557_day_clear_lidar_1762933578600805044.bin
  [prediction] Pub 11 boxes
Publishing 11 3D boxes
  [prediction] File: sweeper_predict/bin/AD002_JS_urban_20251112_152557_day_clear_lidar_1762933578600805044.bin

--- Frame 120 ---
  [ground_truth] Pub 13 boxes
Publishing 13 3D boxes
  [ground_truth] File: sweeper_gt/bin/AD002_JS_urban_20251112_152557_day_clear_lidar_1762933582200784922.bin
  [prediction] Pub 12 boxes
Publishing 12 3D boxes
  [prediction] File: sweeper_predict/bin/AD002_JS_urban_20251112_152557_day_clear_lidar_1762933582200784922.bin

--- Frame 121 ---
  [ground_truth] Pub 13 boxes
Publishing 13 3D boxes
  [ground_truth] File: sweeper_gt/bin/AD002_JS_urban_20251112_152557_day_clear_lidar_1762933586200608015.bin
  [prediction] Pub 8 boxes
Publishing 8 3D boxes
  [prediction] File: sweeper_predict/bin/AD002_JS_urban_20251112_152557_day_clear_lidar_1762933586200608015.bin

--- Frame 122 ---
  [ground_truth] Pub 10 boxes
Publishing 10 3D boxes
  [ground_truth] File: sweeper_gt/bin/AD002_JS_urban_20251112_152557_day_clear_lidar_1762933589800618887.bin
  [prediction] Pub 8 boxes
Publishing 8 3D boxes
  [prediction] File: sweeper_predict/bin/AD002_JS_urban_20251112_152557_day_clear_lidar_1762933589800618887.bin

--- Frame 123 ---
  [ground_truth] Pub 8 boxes
Publishing 8 3D boxes
  [ground_truth] File: sweeper_gt/bin/AD002_JS_urban_20251112_152557_day_clear_lidar_1762933593800528049.bin
  [prediction] Pub 5 boxes
Publishing 5 3D boxes
  [prediction] File: sweeper_predict/bin/AD002_JS_urban_20251112_152557_day_clear_lidar_1762933593800528049.bin

--- Frame 124 ---
  [ground_truth] Pub 6 boxes
Publishing 6 3D boxes
  [ground_truth] File: sweeper_gt/bin/AD002_JS_urban_20251112_152557_day_clear_lidar_1762933597800805092.bin
  [prediction] Pub 5 boxes
Publishing 5 3D boxes
  [prediction] File: sweeper_predict/bin/AD002_JS_urban_20251112_152557_day_clear_lidar_1762933597800805092.bin

--- Frame 125 ---
  [ground_truth] Pub 5 boxes
Publishing 5 3D boxes
  [ground_truth] File: sweeper_gt/bin/AD002_JS_urban_20251112_152557_day_clear_lidar_1762933601400825024.bin
  [prediction] Pub 3 boxes
Publishing 3 3D boxes
  [prediction] File: sweeper_predict/bin/AD002_JS_urban_20251112_152557_day_clear_lidar_1762933601400825024.bin

--- Frame 126 ---
  [ground_truth] Pub 6 boxes
Publishing 6 3D boxes
  [ground_truth] File: sweeper_gt/bin/AD002_JS_urban_20251112_152557_day_clear_lidar_1762933605400634050.bin
  [prediction] Pub 4 boxes
Publishing 4 3D boxes
  [prediction] File: sweeper_predict/bin/AD002_JS_urban_20251112_152557_day_clear_lidar_1762933605400634050.bin

--- Frame 127 ---
  [ground_truth] Pub 8 boxes
Publishing 8 3D boxes
  [ground_truth] File: sweeper_gt/bin/AD002_JS_urban_20251112_152557_day_clear_lidar_1762933609000667095.bin
  [prediction] Pub 5 boxes
Publishing 5 3D boxes
  [prediction] File: sweeper_predict/bin/AD002_JS_urban_20251112_152557_day_clear_lidar_1762933609000667095.bin

--- Frame 128 ---
  [ground_truth] Pub 8 boxes
Publishing 8 3D boxes
  [ground_truth] File: sweeper_gt/bin/AD002_JS_urban_20251112_152557_day_clear_lidar_1762933613000494003.bin
  [prediction] Pub 7 boxes
Publishing 7 3D boxes
  [prediction] File: sweeper_predict/bin/AD002_JS_urban_20251112_152557_day_clear_lidar_1762933613000494003.bin

--- Frame 129 ---
  [ground_truth] Pub 9 boxes
Publishing 9 3D boxes
  [ground_truth] File: sweeper_gt/bin/AD002_JS_urban_20251112_152557_day_clear_lidar_1762933617000778913.bin
  [prediction] Pub 7 boxes
Publishing 7 3D boxes
  [prediction] File: sweeper_predict/bin/AD002_JS_urban_20251112_152557_day_clear_lidar_1762933617000778913.bin

--- Frame 130 ---
  [ground_truth] Pub 6 boxes
Publishing 6 3D boxes
  [ground_truth] File: sweeper_gt/bin/AD002_JS_urban_20251112_152557_day_clear_lidar_1762933620600805044.bin
  [prediction] Pub 8 boxes
Publishing 8 3D boxes
  [prediction] File: sweeper_predict/bin/AD002_JS_urban_20251112_152557_day_clear_lidar_1762933620600805044.bin

--- Frame 131 ---
  [ground_truth] Pub 17 boxes
Publishing 17 3D boxes
  [ground_truth] File: sweeper_gt/bin/AD002_JS_urban_20251112_152557_day_clear_lidar_1762933624600605011.bin
  [prediction] Pub 8 boxes
Publishing 8 3D boxes
  [prediction] File: sweeper_predict/bin/AD002_JS_urban_20251112_152557_day_clear_lidar_1762933624600605011.bin

--- Frame 132 ---
  [ground_truth] Pub 16 boxes
Publishing 16 3D boxes
  [ground_truth] File: sweeper_gt/bin/AD002_JS_urban_20251112_152557_day_clear_lidar_1762933628600544930.bin
  [prediction] Pub 11 boxes
Publishing 11 3D boxes
  [prediction] File: sweeper_predict/bin/AD002_JS_urban_20251112_152557_day_clear_lidar_1762933628600544930.bin

--- Frame 133 ---
  [ground_truth] Pub 16 boxes
Publishing 16 3D boxes
  [ground_truth] File: sweeper_gt/bin/AD002_JS_urban_20251112_152557_day_clear_lidar_1762933632200536013.bin
  [prediction] Pub 14 boxes
Publishing 14 3D boxes
  [prediction] File: sweeper_predict/bin/AD002_JS_urban_20251112_152557_day_clear_lidar_1762933632200536013.bin

--- Frame 134 ---
  [ground_truth] Pub 16 boxes
Publishing 16 3D boxes
  [ground_truth] File: sweeper_gt/bin/AD002_JS_urban_20251112_152557_day_clear_lidar_1762933636200792074.bin
  [prediction] Pub 12 boxes
Publishing 12 3D boxes
  [prediction] File: sweeper_predict/bin/AD002_JS_urban_20251112_152557_day_clear_lidar_1762933636200792074.bin

--- Frame 135 ---
  [ground_truth] Pub 16 boxes
Publishing 16 3D boxes
  [ground_truth] File: sweeper_gt/bin/AD002_JS_urban_20251112_152557_day_clear_lidar_1762933639800806999.bin
  [prediction] Pub 16 boxes
Publishing 16 3D boxes
  [prediction] File: sweeper_predict/bin/AD002_JS_urban_20251112_152557_day_clear_lidar_1762933639800806999.bin

--- Frame 136 ---
  [ground_truth] Pub 13 boxes
Publishing 13 3D boxes
  [ground_truth] File: sweeper_gt/bin/AD002_JS_urban_20251112_152557_day_clear_lidar_1762933643800681114.bin
  [prediction] Pub 13 boxes
Publishing 13 3D boxes
  [prediction] File: sweeper_predict/bin/AD002_JS_urban_20251112_152557_day_clear_lidar_1762933643800681114.bin

--- Frame 137 ---
  [ground_truth] Pub 12 boxes
Publishing 12 3D boxes
  [ground_truth] File: sweeper_gt/bin/AD002_JS_urban_20251112_152557_day_clear_lidar_1762933647800546885.bin
  [prediction] Pub 11 boxes
Publishing 11 3D boxes
  [prediction] File: sweeper_predict/bin/AD002_JS_urban_20251112_152557_day_clear_lidar_1762933647800546885.bin

--- Frame 138 ---
  [ground_truth] Pub 20 boxes
Publishing 20 3D boxes
  [ground_truth] File: sweeper_gt/bin/AD002_JS_urban_20251112_152557_day_clear_lidar_1762933691400764942.bin
  [prediction] Pub 20 boxes
Publishing 20 3D boxes
  [prediction] File: sweeper_predict/bin/AD002_JS_urban_20251112_152557_day_clear_lidar_1762933691400764942.bin

--- Frame 139 ---
  [ground_truth] Pub 21 boxes
Publishing 21 3D boxes
  [ground_truth] File: sweeper_gt/bin/AD002_JS_urban_20251112_152557_day_clear_lidar_1762933695400621891.bin
  [prediction] Pub 17 boxes
Publishing 17 3D boxes
  [prediction] File: sweeper_predict/bin/AD002_JS_urban_20251112_152557_day_clear_lidar_1762933695400621891.bin

--- Frame 140 ---
  [ground_truth] Pub 20 boxes
Publishing 20 3D boxes
  [ground_truth] File: sweeper_gt/bin/AD002_JS_urban_20251112_152557_day_clear_lidar_1762933699600641012.bin
  [prediction] Pub 15 boxes
Publishing 15 3D boxes
  [prediction] File: sweeper_predict/bin/AD002_JS_urban_20251112_152557_day_clear_lidar_1762933699600641012.bin

--- Frame 141 ---
  [ground_truth] Pub 19 boxes
Publishing 19 3D boxes
  [ground_truth] File: sweeper_gt/bin/AD002_JS_urban_20251112_152557_day_clear_lidar_1762933703600539923.bin
  [prediction] Pub 17 boxes
Publishing 17 3D boxes
  [prediction] File: sweeper_predict/bin/AD002_JS_urban_20251112_152557_day_clear_lidar_1762933703600539923.bin

--- Frame 142 ---
  [ground_truth] Pub 16 boxes
Publishing 16 3D boxes
  [ground_truth] File: sweeper_gt/bin/AD002_JS_urban_20251112_152557_day_clear_lidar_1762933707600820065.bin
  [prediction] Pub 16 boxes
Publishing 16 3D boxes
  [prediction] File: sweeper_predict/bin/AD002_JS_urban_20251112_152557_day_clear_lidar_1762933707600820065.bin

--- Frame 143 ---
  [ground_truth] Pub 15 boxes
Publishing 15 3D boxes
  [ground_truth] File: sweeper_gt/bin/AD002_JS_urban_20251112_152557_day_clear_lidar_1762933711400552034.bin
  [prediction] Pub 13 boxes
Publishing 13 3D boxes
  [prediction] File: sweeper_predict/bin/AD002_JS_urban_20251112_152557_day_clear_lidar_1762933711400552034.bin

--- Frame 144 ---
  [ground_truth] Pub 17 boxes
Publishing 17 3D boxes
  [ground_truth] File: sweeper_gt/bin/AD002_JS_urban_20251112_152557_day_clear_lidar_1762933715400810003.bin
  [prediction] Pub 12 boxes
Publishing 12 3D boxes
  [prediction] File: sweeper_predict/bin/AD002_JS_urban_20251112_152557_day_clear_lidar_1762933715400810003.bin

--- Frame 145 ---
  [ground_truth] Pub 18 boxes
Publishing 18 3D boxes
  [ground_truth] File: sweeper_gt/bin/AD002_JS_urban_20251112_152557_day_clear_lidar_1762933809000818014.bin
  [prediction] Pub 19 boxes
Publishing 19 3D boxes
  [prediction] File: sweeper_predict/bin/AD002_JS_urban_20251112_152557_day_clear_lidar_1762933809000818014.bin

--- Frame 146 ---
  [ground_truth] Pub 22 boxes
Publishing 22 3D boxes
  [ground_truth] File: sweeper_gt/bin/AD002_JS_urban_20251112_152557_day_clear_lidar_1762933813000607967.bin
  [prediction] Pub 28 boxes
Publishing 28 3D boxes
  [prediction] File: sweeper_predict/bin/AD002_JS_urban_20251112_152557_day_clear_lidar_1762933813000607967.bin

--- Frame 147 ---
  [ground_truth] Pub 23 boxes
Publishing 23 3D boxes
  [ground_truth] File: sweeper_gt/bin/AD002_JS_urban_20251112_152557_day_clear_lidar_1762933817000514030.bin
  [prediction] Pub 26 boxes
Publishing 26 3D boxes
  [prediction] File: sweeper_predict/bin/AD002_JS_urban_20251112_152557_day_clear_lidar_1762933817000514030.bin

--- Frame 148 ---
  [ground_truth] Pub 22 boxes
Publishing 22 3D boxes
  [ground_truth] File: sweeper_gt/bin/AD002_JS_urban_20251112_152557_day_clear_lidar_1762933820700799942.bin
  [prediction] Pub 25 boxes
Publishing 25 3D boxes
  [prediction] File: sweeper_predict/bin/AD002_JS_urban_20251112_152557_day_clear_lidar_1762933820700799942.bin

--- Frame 149 ---
  [ground_truth] Pub 18 boxes
Publishing 18 3D boxes
  [ground_truth] File: sweeper_gt/bin/AD002_JS_urban_20251112_152557_day_clear_lidar_1762933824700629950.bin
  [prediction] Pub 20 boxes
Publishing 20 3D boxes
  [prediction] File: sweeper_predict/bin/AD002_JS_urban_20251112_152557_day_clear_lidar_1762933824700629950.bin

--- Frame 150 ---
  [ground_truth] Pub 18 boxes
Publishing 18 3D boxes
  [ground_truth] File: sweeper_gt/bin/AD002_JS_urban_20251112_152557_day_clear_lidar_1762933828700552940.bin
  [prediction] Pub 19 boxes
Publishing 19 3D boxes
  [prediction] File: sweeper_predict/bin/AD002_JS_urban_20251112_152557_day_clear_lidar_1762933828700552940.bin

--- Frame 151 ---
  [ground_truth] Pub 19 boxes
Publishing 19 3D boxes
  [ground_truth] File: sweeper_gt/bin/AD002_JS_urban_20251112_152557_day_clear_lidar_1762933832300543070.bin
  [prediction] Pub 21 boxes
Publishing 21 3D boxes
  [prediction] File: sweeper_predict/bin/AD002_JS_urban_20251112_152557_day_clear_lidar_1762933832300543070.bin

--- Frame 152 ---
  [ground_truth] Pub 25 boxes
Publishing 25 3D boxes
  [ground_truth] File: sweeper_gt/bin/AD002_JS_urban_20251112_152557_day_clear_lidar_1762933836300781012.bin
  [prediction] Pub 18 boxes
Publishing 18 3D boxes
  [prediction] File: sweeper_predict/bin/AD002_JS_urban_20251112_152557_day_clear_lidar_1762933836300781012.bin

--- Frame 153 ---
  [ground_truth] Pub 32 boxes
Publishing 32 3D boxes
  [ground_truth] File: sweeper_gt/bin/AD002_JS_urban_20251112_152557_day_clear_lidar_1762933839900755882.bin
  [prediction] Pub 26 boxes
Publishing 26 3D boxes
  [prediction] File: sweeper_predict/bin/AD002_JS_urban_20251112_152557_day_clear_lidar_1762933839900755882.bin

--- Frame 154 ---
  [ground_truth] Pub 37 boxes
Publishing 37 3D boxes
  [ground_truth] File: sweeper_gt/bin/AD002_JS_urban_20251112_152557_day_clear_lidar_1762933843900595903.bin
  [prediction] Pub 31 boxes
Publishing 31 3D boxes
  [prediction] File: sweeper_predict/bin/AD002_JS_urban_20251112_152557_day_clear_lidar_1762933843900595903.bin

--- Frame 155 ---
  [ground_truth] Pub 39 boxes
Publishing 39 3D boxes
  [ground_truth] File: sweeper_gt/bin/AD002_JS_urban_20251112_152557_day_clear_lidar_1762933847900506973.bin
  [prediction] Pub 33 boxes
Publishing 33 3D boxes
  [prediction] File: sweeper_predict/bin/AD002_JS_urban_20251112_152557_day_clear_lidar_1762933847900506973.bin

--- Frame 156 ---
  [ground_truth] Pub 40 boxes
Publishing 40 3D boxes
  [ground_truth] File: sweeper_gt/bin/AD002_JS_urban_20251112_152557_day_clear_lidar_1762933851500519991.bin
  [prediction] Pub 34 boxes
Publishing 34 3D boxes
  [prediction] File: sweeper_predict/bin/AD002_JS_urban_20251112_152557_day_clear_lidar_1762933851500519991.bin

--- Frame 157 ---
  [ground_truth] Pub 44 boxes
Publishing 44 3D boxes
  [ground_truth] File: sweeper_gt/bin/AD002_JS_urban_20251112_152557_day_clear_lidar_1762933855500808001.bin
  [prediction] Pub 31 boxes
Publishing 31 3D boxes
  [prediction] File: sweeper_predict/bin/AD002_JS_urban_20251112_152557_day_clear_lidar_1762933855500808001.bin

--- Frame 158 ---
  [ground_truth] Pub 46 boxes
Publishing 46 3D boxes
  [ground_truth] File: sweeper_gt/bin/AD002_JS_urban_20251112_152557_day_clear_lidar_1762933860100661039.bin
  [prediction] Pub 29 boxes
Publishing 29 3D boxes
  [prediction] File: sweeper_predict/bin/AD002_JS_urban_20251112_152557_day_clear_lidar_1762933860100661039.bin

--- Frame 159 ---
  [ground_truth] Pub 41 boxes
Publishing 41 3D boxes
  [ground_truth] File: sweeper_gt/bin/AD002_JS_urban_20251112_152557_day_clear_lidar_1762933864100505114.bin
  [prediction] Pub 31 boxes
Publishing 31 3D boxes
  [prediction] File: sweeper_predict/bin/AD002_JS_urban_20251112_152557_day_clear_lidar_1762933864100505114.bin

--- Frame 160 ---
  [ground_truth] Pub 36 boxes
Publishing 36 3D boxes
  [ground_truth] File: sweeper_gt/bin/AD002_JS_urban_20251112_152557_day_clear_lidar_1762933868100771904.bin
  [prediction] Pub 28 boxes
Publishing 28 3D boxes
  [prediction] File: sweeper_predict/bin/AD002_JS_urban_20251112_152557_day_clear_lidar_1762933868100771904.bin

--- Frame 161 ---
  [ground_truth] Pub 35 boxes
Publishing 35 3D boxes
  [ground_truth] File: sweeper_gt/bin/AD002_JS_urban_20251112_152557_day_clear_lidar_1762933871500643969.bin
  [prediction] Pub 30 boxes
Publishing 30 3D boxes
  [prediction] File: sweeper_predict/bin/AD002_JS_urban_20251112_152557_day_clear_lidar_1762933871500643969.bin

--- Frame 162 ---
  [ground_truth] Pub 22 boxes
Publishing 22 3D boxes
  [ground_truth] File: sweeper_gt/bin/AD002_JS_urban_20251112_152557_day_clear_lidar_1762933875500555038.bin
  [prediction] Pub 19 boxes
Publishing 19 3D boxes
  [prediction] File: sweeper_predict/bin/AD002_JS_urban_20251112_152557_day_clear_lidar_1762933875500555038.bin

--- Frame 163 ---
  [ground_truth] Pub 19 boxes
Publishing 19 3D boxes
  [ground_truth] File: sweeper_gt/bin/AD002_JS_urban_20251112_152557_day_clear_lidar_1762933879100557089.bin
  [prediction] Pub 16 boxes
Publishing 16 3D boxes
  [prediction] File: sweeper_predict/bin/AD002_JS_urban_20251112_152557_day_clear_lidar_1762933879100557089.bin

--- Frame 164 ---
  [ground_truth] Pub 27 boxes
Publishing 27 3D boxes
  [ground_truth] File: sweeper_gt/bin/AD002_JS_urban_20251112_152557_day_clear_lidar_1762933883100783110.bin
  [prediction] Pub 22 boxes
Publishing 22 3D boxes
  [prediction] File: sweeper_predict/bin/AD002_JS_urban_20251112_152557_day_clear_lidar_1762933883100783110.bin

--- Frame 165 ---
  [ground_truth] Pub 28 boxes
Publishing 28 3D boxes
  [ground_truth] File: sweeper_gt/bin/AD002_JS_urban_20251112_152557_day_clear_lidar_1762933887100651026.bin
  [prediction] Pub 21 boxes
Publishing 21 3D boxes
  [prediction] File: sweeper_predict/bin/AD002_JS_urban_20251112_152557_day_clear_lidar_1762933887100651026.bin

--- Frame 166 ---
  [ground_truth] Pub 28 boxes
Publishing 28 3D boxes
  [ground_truth] File: sweeper_gt/bin/AD002_JS_urban_20251112_152557_day_clear_lidar_1762933890700613976.bin
  [prediction] Pub 26 boxes
Publishing 26 3D boxes
  [prediction] File: sweeper_predict/bin/AD002_JS_urban_20251112_152557_day_clear_lidar_1762933890700613976.bin

--- Frame 167 ---
  [ground_truth] Pub 26 boxes
Publishing 26 3D boxes
  [ground_truth] File: sweeper_gt/bin/AD002_JS_urban_20251112_152557_day_clear_lidar_1762933894700532913.bin
  [prediction] Pub 24 boxes
Publishing 24 3D boxes
  [prediction] File: sweeper_predict/bin/AD002_JS_urban_20251112_152557_day_clear_lidar_1762933894700532913.bin

--- Frame 168 ---
  [ground_truth] Pub 25 boxes
Publishing 25 3D boxes
  [ground_truth] File: sweeper_gt/bin/AD002_JS_urban_20251112_152557_day_clear_lidar_1762933898700838089.bin
  [prediction] Pub 22 boxes
Publishing 22 3D boxes
  [prediction] File: sweeper_predict/bin/AD002_JS_urban_20251112_152557_day_clear_lidar_1762933898700838089.bin

--- Frame 169 ---
  [ground_truth] Pub 15 boxes
Publishing 15 3D boxes
  [ground_truth] File: sweeper_gt/bin/AD002_JS_urban_20251112_152557_day_clear_lidar_1762933902300753117.bin
  [prediction] Pub 15 boxes
Publishing 15 3D boxes
  [prediction] File: sweeper_predict/bin/AD002_JS_urban_20251112_152557_day_clear_lidar_1762933902300753117.bin

--- Frame 170 ---
  [ground_truth] Pub 15 boxes
Publishing 15 3D boxes
  [ground_truth] File: sweeper_gt/bin/AD002_JS_urban_20251112_152557_day_clear_lidar_1762933906300625086.bin
  [prediction] Pub 14 boxes
Publishing 14 3D boxes
  [prediction] File: sweeper_predict/bin/AD002_JS_urban_20251112_152557_day_clear_lidar_1762933906300625086.bin

--- Frame 171 ---
  [ground_truth] Pub 18 boxes
Publishing 18 3D boxes
  [ground_truth] File: sweeper_gt/bin/AD002_JS_urban_20251112_152557_day_clear_lidar_1762934180000555992.bin
  [prediction] Pub 15 boxes
Publishing 15 3D boxes
  [prediction] File: sweeper_predict/bin/AD002_JS_urban_20251112_152557_day_clear_lidar_1762934180000555992.bin

--- Frame 172 ---
  [ground_truth] Pub 15 boxes
Publishing 15 3D boxes
  [ground_truth] File: sweeper_gt/bin/AD002_JS_urban_20251112_152557_day_clear_lidar_1762934184000834942.bin
  [prediction] Pub 10 boxes
Publishing 10 3D boxes
  [prediction] File: sweeper_predict/bin/AD002_JS_urban_20251112_152557_day_clear_lidar_1762934184000834942.bin

--- Frame 173 ---
  [ground_truth] Pub 7 boxes
Publishing 7 3D boxes
  [ground_truth] File: sweeper_gt/bin/AD002_JS_urban_20251112_152557_day_clear_lidar_1762934188000639915.bin
  [prediction] Pub 5 boxes
Publishing 5 3D boxes
  [prediction] File: sweeper_predict/bin/AD002_JS_urban_20251112_152557_day_clear_lidar_1762934188000639915.bin

--- Frame 174 ---
  [ground_truth] Pub 10 boxes
Publishing 10 3D boxes
  [ground_truth] File: sweeper_gt/bin/AD002_JS_urban_20251112_152557_day_clear_lidar_1762934191600662947.bin
  [prediction] Pub 9 boxes
Publishing 9 3D boxes
  [prediction] File: sweeper_predict/bin/AD002_JS_urban_20251112_152557_day_clear_lidar_1762934191600662947.bin

--- Frame 175 ---
  [ground_truth] Pub 10 boxes
Publishing 10 3D boxes
  [ground_truth] File: sweeper_gt/bin/AD002_JS_urban_20251112_152557_day_clear_lidar_1762934195600547075.bin
  [prediction] Pub 9 boxes
Publishing 9 3D boxes
  [prediction] File: sweeper_predict/bin/AD002_JS_urban_20251112_152557_day_clear_lidar_1762934195600547075.bin

--- Frame 176 ---
  [ground_truth] Pub 11 boxes
Publishing 11 3D boxes
  [ground_truth] File: sweeper_gt/bin/AD002_JS_urban_20251112_152557_day_clear_lidar_1762934199200521946.bin
  [prediction] Pub 11 boxes
Publishing 11 3D boxes
  [prediction] File: sweeper_predict/bin/AD002_JS_urban_20251112_152557_day_clear_lidar_1762934199200521946.bin

--- Frame 177 ---
  [ground_truth] Pub 14 boxes
Publishing 14 3D boxes
  [ground_truth] File: sweeper_gt/bin/AD002_JS_urban_20251112_152557_day_clear_lidar_1762934203200793028.bin
  [prediction] Pub 16 boxes
Publishing 16 3D boxes
  [prediction] File: sweeper_predict/bin/AD002_JS_urban_20251112_152557_day_clear_lidar_1762934203200793028.bin

--- Frame 178 ---
  [ground_truth] Pub 9 boxes
Publishing 9 3D boxes
  [ground_truth] File: sweeper_gt/bin/AD002_JS_urban_20251112_152557_day_clear_lidar_1762934207200634956.bin
  [prediction] Pub 12 boxes
Publishing 12 3D boxes
  [prediction] File: sweeper_predict/bin/AD002_JS_urban_20251112_152557_day_clear_lidar_1762934207200634956.bin

--- Frame 179 ---
  [ground_truth] Pub 12 boxes
Publishing 12 3D boxes
  [ground_truth] File: sweeper_gt/bin/AD002_JS_urban_20251112_152557_day_clear_lidar_1762934210800612926.bin
  [prediction] Pub 11 boxes
Publishing 11 3D boxes
  [prediction] File: sweeper_predict/bin/AD002_JS_urban_20251112_152557_day_clear_lidar_1762934210800612926.bin

--- Frame 180 ---
  [ground_truth] Pub 14 boxes
Publishing 14 3D boxes
  [ground_truth] File: sweeper_gt/bin/AD002_JS_urban_20251112_152557_day_clear_lidar_1762934214800519943.bin
  [prediction] Pub 11 boxes
Publishing 11 3D boxes
  [prediction] File: sweeper_predict/bin/AD002_JS_urban_20251112_152557_day_clear_lidar_1762934214800519943.bin

--- Frame 181 ---
  [ground_truth] Pub 10 boxes
Publishing 10 3D boxes
  [ground_truth] File: sweeper_gt/bin/AD002_JS_urban_20251112_152557_day_clear_lidar_1762934218800781965.bin
  [prediction] Pub 13 boxes
Publishing 13 3D boxes
  [prediction] File: sweeper_predict/bin/AD002_JS_urban_20251112_152557_day_clear_lidar_1762934218800781965.bin

--- Frame 182 ---
  [ground_truth] Pub 6 boxes
Publishing 6 3D boxes
  [ground_truth] File: sweeper_gt/bin/AD002_JS_urban_20251112_152557_day_clear_lidar_1762934222400804996.bin
  [prediction] Pub 12 boxes
Publishing 12 3D boxes
  [prediction] File: sweeper_predict/bin/AD002_JS_urban_20251112_152557_day_clear_lidar_1762934222400804996.bin

--- Frame 183 ---
  [ground_truth] Pub 5 boxes
Publishing 5 3D boxes
  [ground_truth] File: sweeper_gt/bin/AD002_JS_urban_20251112_152557_day_clear_lidar_1762934226400659084.bin
  [prediction] Pub 9 boxes
Publishing 9 3D boxes
  [prediction] File: sweeper_predict/bin/AD002_JS_urban_20251112_152557_day_clear_lidar_1762934226400659084.bin

--- Frame 184 ---
  [ground_truth] Pub 10 boxes
Publishing 10 3D boxes
  [ground_truth] File: sweeper_gt/bin/AD002_JS_urban_20251113_161151_day_clear_lidar_1763021552000639915.bin
  [prediction] Pub 4 boxes
Publishing 4 3D boxes
  [prediction] File: sweeper_predict/bin/AD002_JS_urban_20251113_161151_day_clear_lidar_1763021552000639915.bin

--- Frame 185 ---
  [ground_truth] Pub 9 boxes
Publishing 9 3D boxes
  [ground_truth] File: sweeper_gt/bin/AD002_JS_urban_20251113_161151_day_clear_lidar_1763021554000801086.bin
  [prediction] Pub 4 boxes
Publishing 4 3D boxes
  [prediction] File: sweeper_predict/bin/AD002_JS_urban_20251113_161151_day_clear_lidar_1763021554000801086.bin

--- Frame 186 ---
  [ground_truth] Pub 11 boxes
Publishing 11 3D boxes
  [ground_truth] File: sweeper_gt/bin/AD002_JS_urban_20251113_161151_day_clear_lidar_1763021556000555992.bin
  [prediction] Pub 6 boxes
Publishing 6 3D boxes
  [prediction] File: sweeper_predict/bin/AD002_JS_urban_20251113_161151_day_clear_lidar_1763021556000555992.bin

--- Frame 187 ---
  [ground_truth] Pub 14 boxes
Publishing 14 3D boxes
  [ground_truth] File: sweeper_gt/bin/AD002_JS_urban_20251113_161151_day_clear_lidar_1763021558000664949.bin
  [prediction] Pub 7 boxes
Publishing 7 3D boxes
  [prediction] File: sweeper_predict/bin/AD002_JS_urban_20251113_161151_day_clear_lidar_1763021558000664949.bin

--- Frame 188 ---
  [ground_truth] Pub 16 boxes
Publishing 16 3D boxes
  [ground_truth] File: sweeper_gt/bin/AD002_JS_urban_20251113_161151_day_clear_lidar_1763021560000811100.bin
  [prediction] Pub 10 boxes
Publishing 10 3D boxes
  [prediction] File: sweeper_predict/bin/AD002_JS_urban_20251113_161151_day_clear_lidar_1763021560000811100.bin

--- Frame 189 ---
  [ground_truth] Pub 18 boxes
Publishing 18 3D boxes
  [ground_truth] File: sweeper_gt/bin/AD002_JS_urban_20251113_161151_day_clear_lidar_1763021562000520945.bin
  [prediction] Pub 19 boxes
Publishing 19 3D boxes
  [prediction] File: sweeper_predict/bin/AD002_JS_urban_20251113_161151_day_clear_lidar_1763021562000520945.bin

--- Frame 190 ---
  [ground_truth] Pub 17 boxes
Publishing 17 3D boxes
  [ground_truth] File: sweeper_gt/bin/AD002_JS_urban_20251113_161151_day_clear_lidar_1763021564000634909.bin
  [prediction] Pub 16 boxes
Publishing 16 3D boxes
  [prediction] File: sweeper_predict/bin/AD002_JS_urban_20251113_161151_day_clear_lidar_1763021564000634909.bin

--- Frame 189 ---
  [ground_truth] Pub 18 boxes
Publishing 18 3D boxes
  [ground_truth] File: sweeper_gt/bin/AD002_JS_urban_20251113_161151_day_clear_lidar_1763021562000520945.bin
  [prediction] Pub 19 boxes
Publishing 19 3D boxes
  [prediction] File: sweeper_predict/bin/AD002_JS_urban_20251113_161151_day_clear_lidar_1763021562000520945.bin

--- Frame 190 ---
  [ground_truth] Pub 17 boxes
Publishing 17 3D boxes
  [ground_truth] File: sweeper_gt/bin/AD002_JS_urban_20251113_161151_day_clear_lidar_1763021564000634909.bin
  [prediction] Pub 16 boxes
Publishing 16 3D boxes
  [prediction] File: sweeper_predict/bin/AD002_JS_urban_20251113_161151_day_clear_lidar_1763021564000634909.bin

--- Frame 191 ---
  [ground_truth] Pub 16 boxes
Publishing 16 3D boxes
  [ground_truth] File: sweeper_gt/bin/AD002_JS_urban_20251113_161151_day_clear_lidar_1763021566000793934.bin
  [prediction] Pub 19 boxes
Publishing 19 3D boxes
  [prediction] File: sweeper_predict/bin/AD002_JS_urban_20251113_161151_day_clear_lidar_1763021566000793934.bin

--- Frame 192 ---
  [ground_truth] Pub 17 boxes
Publishing 17 3D boxes
  [ground_truth] File: sweeper_gt/bin/AD002_JS_urban_20251113_161151_day_clear_lidar_1763021568000556946.bin
  [prediction] Pub 21 boxes
Publishing 21 3D boxes
  [prediction] File: sweeper_predict/bin/AD002_JS_urban_20251113_161151_day_clear_lidar_1763021568000556946.bin

--- Frame 193 ---
  [ground_truth] Pub 18 boxes
Publishing 18 3D boxes
  [ground_truth] File: sweeper_gt/bin/AD002_JS_urban_20251113_161151_day_clear_lidar_1763021570000644922.bin
  [prediction] Pub 21 boxes
Publishing 21 3D boxes
  [prediction] File: sweeper_predict/bin/AD002_JS_urban_20251113_161151_day_clear_lidar_1763021570000644922.bin

--- Frame 194 ---
  [ground_truth] Pub 16 boxes
Publishing 16 3D boxes
  [ground_truth] File: sweeper_gt/bin/AD002_JS_urban_20251113_161151_day_clear_lidar_1763021572000802040.bin
  [prediction] Pub 19 boxes
Publishing 19 3D boxes
  [prediction] File: sweeper_predict/bin/AD002_JS_urban_20251113_161151_day_clear_lidar_1763021572000802040.bin

--- Frame 195 ---
  [ground_truth] Pub 15 boxes
Publishing 15 3D boxes
  [ground_truth] File: sweeper_gt/bin/AD002_JS_urban_20251113_161151_day_clear_lidar_1763021574000535965.bin
  [prediction] Pub 18 boxes
Publishing 18 3D boxes
  [prediction] File: sweeper_predict/bin/AD002_JS_urban_20251113_161151_day_clear_lidar_1763021574000535965.bin

--- Frame 196 ---
  [ground_truth] Pub 20 boxes
Publishing 20 3D boxes
  [ground_truth] File: sweeper_gt/bin/AD002_JS_urban_20251113_161151_day_clear_lidar_1763021576000639915.bin
  [prediction] Pub 20 boxes
Publishing 20 3D boxes
  [prediction] File: sweeper_predict/bin/AD002_JS_urban_20251113_161151_day_clear_lidar_1763021576000639915.bin

--- Frame 195 ---
  [ground_truth] Pub 15 boxes
Publishing 15 3D boxes
  [ground_truth] File: sweeper_gt/bin/AD002_JS_urban_20251113_161151_day_clear_lidar_1763021574000535965.bin
  [prediction] Pub 18 boxes
Publishing 18 3D boxes
  [prediction] File: sweeper_predict/bin/AD002_JS_urban_20251113_161151_day_clear_lidar_1763021574000535965.bin

--- Frame 194 ---
  [ground_truth] Pub 16 boxes
Publishing 16 3D boxes
  [ground_truth] File: sweeper_gt/bin/AD002_JS_urban_20251113_161151_day_clear_lidar_1763021572000802040.bin
  [prediction] Pub 19 boxes
Publishing 19 3D boxes
  [prediction] File: sweeper_predict/bin/AD002_JS_urban_20251113_161151_day_clear_lidar_1763021572000802040.bin

--- Frame 195 ---
  [ground_truth] Pub 15 boxes
Publishing 15 3D boxes
  [ground_truth] File: sweeper_gt/bin/AD002_JS_urban_20251113_161151_day_clear_lidar_1763021574000535965.bin
  [prediction] Pub 18 boxes
Publishing 18 3D boxes
  [prediction] File: sweeper_predict/bin/AD002_JS_urban_20251113_161151_day_clear_lidar_1763021574000535965.bin

--- Frame 196 ---
  [ground_truth] Pub 20 boxes
Publishing 20 3D boxes
  [ground_truth] File: sweeper_gt/bin/AD002_JS_urban_20251113_161151_day_clear_lidar_1763021576000639915.bin
  [prediction] Pub 20 boxes
Publishing 20 3D boxes
  [prediction] File: sweeper_predict/bin/AD002_JS_urban_20251113_161151_day_clear_lidar_1763021576000639915.bin

--- Frame 197 ---
  [ground_truth] Pub 19 boxes
Publishing 19 3D boxes
  [ground_truth] File: sweeper_gt/bin/AD002_JS_urban_20251113_161151_day_clear_lidar_1763021578000818968.bin
  [prediction] Pub 16 boxes
Publishing 16 3D boxes
  [prediction] File: sweeper_predict/bin/AD002_JS_urban_20251113_161151_day_clear_lidar_1763021578000818968.bin

--- Frame 198 ---
  [ground_truth] Pub 18 boxes
Publishing 18 3D boxes
  [ground_truth] File: sweeper_gt/bin/AD002_JS_urban_20251113_161151_day_clear_lidar_1763021580000541925.bin
  [prediction] Pub 20 boxes
Publishing 20 3D boxes
  [prediction] File: sweeper_predict/bin/AD002_JS_urban_20251113_161151_day_clear_lidar_1763021580000541925.bin

--- Frame 199 ---
  [ground_truth] Pub 19 boxes
Publishing 19 3D boxes
  [ground_truth] File: sweeper_gt/bin/AD002_JS_urban_20251113_161151_day_clear_lidar_1763021582000659943.bin
  [prediction] Pub 19 boxes
Publishing 19 3D boxes
  [prediction] File: sweeper_predict/bin/AD002_JS_urban_20251113_161151_day_clear_lidar_1763021582000659943.bin

--- Frame 200 ---
  [ground_truth] Pub 19 boxes
Publishing 19 3D boxes
  [ground_truth] File: sweeper_gt/bin/AD002_JS_urban_20251113_161151_day_clear_lidar_1763021584000850916.bin
  [prediction] Pub 18 boxes
Publishing 18 3D boxes
  [prediction] File: sweeper_predict/bin/AD002_JS_urban_20251113_161151_day_clear_lidar_1763021584000850916.bin

--- Frame 201 ---
  [ground_truth] Pub 17 boxes
Publishing 17 3D boxes
  [ground_truth] File: sweeper_gt/bin/AD002_JS_urban_20251113_161151_day_clear_lidar_1763021586000520945.bin
  [prediction] Pub 17 boxes
Publishing 17 3D boxes
  [prediction] File: sweeper_predict/bin/AD002_JS_urban_20251113_161151_day_clear_lidar_1763021586000520945.bin

--- Frame 202 ---
  [ground_truth] Pub 17 boxes
Publishing 17 3D boxes
  [ground_truth] File: sweeper_gt/bin/AD002_JS_urban_20251113_161151_day_clear_lidar_1763021588000633955.bin
  [prediction] Pub 16 boxes
Publishing 16 3D boxes
  [prediction] File: sweeper_predict/bin/AD002_JS_urban_20251113_161151_day_clear_lidar_1763021588000633955.bin

--- Frame 203 ---
  [ground_truth] Pub 17 boxes
Publishing 17 3D boxes
  [ground_truth] File: sweeper_gt/bin/AD002_JS_urban_20251113_161151_day_clear_lidar_1763021590000761986.bin
  [prediction] Pub 16 boxes
Publishing 16 3D boxes
  [prediction] File: sweeper_predict/bin/AD002_JS_urban_20251113_161151_day_clear_lidar_1763021590000761986.bin

--- Frame 204 ---
  [ground_truth] Pub 17 boxes
Publishing 17 3D boxes
  [ground_truth] File: sweeper_gt/bin/AD002_JS_urban_20251113_161151_day_clear_lidar_1763021592000556946.bin
  [prediction] Pub 16 boxes
Publishing 16 3D boxes
  [prediction] File: sweeper_predict/bin/AD002_JS_urban_20251113_161151_day_clear_lidar_1763021592000556946.bin

--- Frame 205 ---
  [ground_truth] Pub 18 boxes
Publishing 18 3D boxes
  [ground_truth] File: sweeper_gt/bin/AD002_JS_urban_20251113_161151_day_clear_lidar_1763021594000705004.bin
  [prediction] Pub 17 boxes
Publishing 17 3D boxes
  [prediction] File: sweeper_predict/bin/AD002_JS_urban_20251113_161151_day_clear_lidar_1763021594000705004.bin

--- Frame 206 ---
  [ground_truth] Pub 17 boxes
Publishing 17 3D boxes
  [ground_truth] File: sweeper_gt/bin/AD002_JS_urban_20251113_161151_day_clear_lidar_1763021596000799894.bin
  [prediction] Pub 17 boxes
Publishing 17 3D boxes
  [prediction] File: sweeper_predict/bin/AD002_JS_urban_20251113_161151_day_clear_lidar_1763021596000799894.bin

--- Frame 207 ---
  [ground_truth] Pub 17 boxes
Publishing 17 3D boxes
  [ground_truth] File: sweeper_gt/bin/AD002_JS_urban_20251113_161151_day_clear_lidar_1763021598000508070.bin
  [prediction] Pub 21 boxes
Publishing 21 3D boxes
  [prediction] File: sweeper_predict/bin/AD002_JS_urban_20251113_161151_day_clear_lidar_1763021598000508070.bin

--- Frame 208 ---
  [ground_truth] Pub 30 boxes
Publishing 30 3D boxes
  [ground_truth] File: sweeper_gt/bin/AD002_JS_urban_20251113_161151_day_clear_lidar_1763021600000662088.bin
  [prediction] Pub 22 boxes
Publishing 22 3D boxes
  [prediction] File: sweeper_predict/bin/AD002_JS_urban_20251113_161151_day_clear_lidar_1763021600000662088.bin

--- Frame 209 ---
  [ground_truth] Pub 24 boxes
Publishing 24 3D boxes
  [ground_truth] File: sweeper_gt/bin/AD002_JS_urban_20251113_161151_day_clear_lidar_1763021602000797033.bin
  [prediction] Pub 21 boxes
Publishing 21 3D boxes
  [prediction] File: sweeper_predict/bin/AD002_JS_urban_20251113_161151_day_clear_lidar_1763021602000797033.bin

--- Frame 210 ---
  [ground_truth] Pub 20 boxes
Publishing 20 3D boxes
  [ground_truth] File: sweeper_gt/bin/AD002_JS_urban_20251113_161151_day_clear_lidar_1763021604000523090.bin
  [prediction] Pub 18 boxes
Publishing 18 3D boxes
  [prediction] File: sweeper_predict/bin/AD002_JS_urban_20251113_161151_day_clear_lidar_1763021604000523090.bin

--- Frame 211 ---
  [ground_truth] Pub 19 boxes
Publishing 19 3D boxes
  [ground_truth] File: sweeper_gt/bin/AD002_JS_urban_20251113_161151_day_clear_lidar_1763021606000654936.bin
  [prediction] Pub 17 boxes
Publishing 17 3D boxes
  [prediction] File: sweeper_predict/bin/AD002_JS_urban_20251113_161151_day_clear_lidar_1763021606000654936.bin

--- Frame 212 ---
  [ground_truth] Pub 20 boxes
Publishing 20 3D boxes
  [ground_truth] File: sweeper_gt/bin/AD002_JS_urban_20251113_161151_day_clear_lidar_1763021608000775099.bin
  [prediction] Pub 18 boxes
Publishing 18 3D boxes
  [prediction] File: sweeper_predict/bin/AD002_JS_urban_20251113_161151_day_clear_lidar_1763021608000775099.bin

--- Frame 213 ---
  [ground_truth] Pub 15 boxes
Publishing 15 3D boxes
  [ground_truth] File: sweeper_gt/bin/AD002_JS_urban_20251113_161151_day_clear_lidar_1763021610000503063.bin
  [prediction] Pub 17 boxes
Publishing 17 3D boxes
  [prediction] File: sweeper_predict/bin/AD002_JS_urban_20251113_161151_day_clear_lidar_1763021610000503063.bin

--- Frame 214 ---
  [ground_truth] Pub 15 boxes
Publishing 15 3D boxes
  [ground_truth] File: sweeper_gt/bin/AD002_JS_urban_20251113_161151_day_clear_lidar_1763021613500658035.bin
  [prediction] Pub 14 boxes
Publishing 14 3D boxes
  [prediction] File: sweeper_predict/bin/AD002_JS_urban_20251113_161151_day_clear_lidar_1763021613500658035.bin

--- Frame 215 ---
  [ground_truth] Pub 15 boxes
Publishing 15 3D boxes
  [ground_truth] File: sweeper_gt/bin/AD002_JS_urban_20251113_161151_day_clear_lidar_1763021615500802040.bin
  [prediction] Pub 11 boxes
Publishing 11 3D boxes
  [prediction] File: sweeper_predict/bin/AD002_JS_urban_20251113_161151_day_clear_lidar_1763021615500802040.bin

--- Frame 216 ---
  [ground_truth] Pub 16 boxes
Publishing 16 3D boxes
  [ground_truth] File: sweeper_gt/bin/AD002_JS_urban_20251113_161151_day_clear_lidar_1763021617500560999.bin
  [prediction] Pub 16 boxes
Publishing 16 3D boxes
  [prediction] File: sweeper_predict/bin/AD002_JS_urban_20251113_161151_day_clear_lidar_1763021617500560999.bin

--- Frame 217 ---
  [ground_truth] Pub 16 boxes
Publishing 16 3D boxes
  [ground_truth] File: sweeper_gt/bin/AD002_JS_urban_20251113_161151_day_clear_lidar_1763021619500658989.bin
  [prediction] Pub 19 boxes
Publishing 19 3D boxes
  [prediction] File: sweeper_predict/bin/AD002_JS_urban_20251113_161151_day_clear_lidar_1763021619500658989.bin

--- Frame 218 ---
  [ground_truth] Pub 16 boxes
Publishing 16 3D boxes
  [ground_truth] File: sweeper_gt/bin/AD002_JS_urban_20251113_161151_day_clear_lidar_1763021621500859976.bin
  [prediction] Pub 19 boxes
Publishing 19 3D boxes
  [prediction] File: sweeper_predict/bin/AD002_JS_urban_20251113_161151_day_clear_lidar_1763021621500859976.bin

--- Frame 219 ---
  [ground_truth] Pub 15 boxes
Publishing 15 3D boxes
  [ground_truth] File: sweeper_gt/bin/AD002_JS_urban_20251113_161151_day_clear_lidar_1763021623500533104.bin
  [prediction] Pub 16 boxes
Publishing 16 3D boxes
  [prediction] File: sweeper_predict/bin/AD002_JS_urban_20251113_161151_day_clear_lidar_1763021623500533104.bin

--- Frame 220 ---
  [ground_truth] Pub 20 boxes
Publishing 20 3D boxes
  [ground_truth] File: sweeper_gt/bin/AD002_JS_urban_20251113_161151_day_clear_lidar_1763021625500641108.bin
  [prediction] Pub 18 boxes
Publishing 18 3D boxes
  [prediction] File: sweeper_predict/bin/AD002_JS_urban_20251113_161151_day_clear_lidar_1763021625500641108.bin

--- Frame 221 ---
  [ground_truth] Pub 20 boxes
Publishing 20 3D boxes
  [ground_truth] File: sweeper_gt/bin/AD002_JS_urban_20251113_161151_day_clear_lidar_1763021627500821114.bin
  [prediction] Pub 23 boxes
Publishing 23 3D boxes
  [prediction] File: sweeper_predict/bin/AD002_JS_urban_20251113_161151_day_clear_lidar_1763021627500821114.bin

--- Frame 222 ---
  [ground_truth] Pub 20 boxes
Publishing 20 3D boxes
  [ground_truth] File: sweeper_gt/bin/AD002_JS_urban_20251113_161151_day_clear_lidar_1763021629500513077.bin
  [prediction] Pub 23 boxes
Publishing 23 3D boxes
  [prediction] File: sweeper_predict/bin/AD002_JS_urban_20251113_161151_day_clear_lidar_1763021629500513077.bin

--- Frame 223 ---
  [ground_truth] Pub 20 boxes
Publishing 20 3D boxes
  [ground_truth] File: sweeper_gt/bin/AD002_JS_urban_20251113_161151_day_clear_lidar_1763021631500658035.bin
  [prediction] Pub 24 boxes
Publishing 24 3D boxes
  [prediction] File: sweeper_predict/bin/AD002_JS_urban_20251113_161151_day_clear_lidar_1763021631500658035.bin

--- Frame 224 ---
  [ground_truth] Pub 20 boxes
Publishing 20 3D boxes
  [ground_truth] File: sweeper_gt/bin/AD002_JS_urban_20251113_161151_day_clear_lidar_1763021633200825930.bin
  [prediction] Pub 23 boxes
Publishing 23 3D boxes
  [prediction] File: sweeper_predict/bin/AD002_JS_urban_20251113_161151_day_clear_lidar_1763021633200825930.bin

--- Frame 225 ---
  [ground_truth] Pub 20 boxes
Publishing 20 3D boxes
  [ground_truth] File: sweeper_gt/bin/AD002_JS_urban_20251113_161151_day_clear_lidar_1763021635200542927.bin
  [prediction] Pub 26 boxes
Publishing 26 3D boxes
  [prediction] File: sweeper_predict/bin/AD002_JS_urban_20251113_161151_day_clear_lidar_1763021635200542927.bin

--- Frame 226 ---
  [ground_truth] Pub 30 boxes
Publishing 30 3D boxes
  [ground_truth] File: sweeper_gt/bin/AD002_JS_urban_20251113_161151_day_clear_lidar_1763021637200666904.bin
  [prediction] Pub 25 boxes
Publishing 25 3D boxes
  [prediction] File: sweeper_predict/bin/AD002_JS_urban_20251113_161151_day_clear_lidar_1763021637200666904.bin

--- Frame 227 ---
  [ground_truth] Pub 29 boxes
Publishing 29 3D boxes
  [ground_truth] File: sweeper_gt/bin/AD002_JS_urban_20251113_161151_day_clear_lidar_1763021639200783968.bin
  [prediction] Pub 27 boxes
Publishing 27 3D boxes
  [prediction] File: sweeper_predict/bin/AD002_JS_urban_20251113_161151_day_clear_lidar_1763021639200783968.bin

--- Frame 228 ---
  [ground_truth] Pub 32 boxes
Publishing 32 3D boxes
  [ground_truth] File: sweeper_gt/bin/AD002_JS_urban_20251113_161151_day_clear_lidar_1763021641200530052.bin
  [prediction] Pub 28 boxes
Publishing 28 3D boxes
  [prediction] File: sweeper_predict/bin/AD002_JS_urban_20251113_161151_day_clear_lidar_1763021641200530052.bin

--- Frame 229 ---
  [ground_truth] Pub 35 boxes
Publishing 35 3D boxes
  [ground_truth] File: sweeper_gt/bin/AD002_JS_urban_20251113_161151_day_clear_lidar_1763021643200640917.bin
  [prediction] Pub 28 boxes
Publishing 28 3D boxes
  [prediction] File: sweeper_predict/bin/AD002_JS_urban_20251113_161151_day_clear_lidar_1763021643200640917.bin

--- Frame 230 ---
  [ground_truth] Pub 34 boxes
Publishing 34 3D boxes
  [ground_truth] File: sweeper_gt/bin/AD002_JS_urban_20251113_161151_day_clear_lidar_1763021645200800896.bin
  [prediction] Pub 25 boxes
Publishing 25 3D boxes
  [prediction] File: sweeper_predict/bin/AD002_JS_urban_20251113_161151_day_clear_lidar_1763021645200800896.bin

--- Frame 231 ---
  [ground_truth] Pub 34 boxes
Publishing 34 3D boxes
  [ground_truth] File: sweeper_gt/bin/AD002_JS_urban_20251113_161151_day_clear_lidar_1763021647200506926.bin
  [prediction] Pub 28 boxes
Publishing 28 3D boxes
  [prediction] File: sweeper_predict/bin/AD002_JS_urban_20251113_161151_day_clear_lidar_1763021647200506926.bin

--- Frame 232 ---
  [ground_truth] Pub 33 boxes
Publishing 33 3D boxes
  [ground_truth] File: sweeper_gt/bin/AD002_JS_urban_20251113_161151_day_clear_lidar_1763021649200602055.bin
  [prediction] Pub 32 boxes
Publishing 32 3D boxes
  [prediction] File: sweeper_predict/bin/AD002_JS_urban_20251113_161151_day_clear_lidar_1763021649200602055.bin

--- Frame 233 ---
  [ground_truth] Pub 34 boxes
Publishing 34 3D boxes
  [ground_truth] File: sweeper_gt/bin/AD002_JS_urban_20251113_161151_day_clear_lidar_1763021651200829029.bin
  [prediction] Pub 27 boxes
Publishing 27 3D boxes
  [prediction] File: sweeper_predict/bin/AD002_JS_urban_20251113_161151_day_clear_lidar_1763021651200829029.bin

--- Frame 234 ---
  [ground_truth] Pub 32 boxes
Publishing 32 3D boxes
  [ground_truth] File: sweeper_gt/bin/AD002_JS_urban_20251113_161151_day_clear_lidar_1763021653200511932.bin
  [prediction] Pub 28 boxes
Publishing 28 3D boxes
  [prediction] File: sweeper_predict/bin/AD002_JS_urban_20251113_161151_day_clear_lidar_1763021653200511932.bin

--- Frame 235 ---
  [ground_truth] Pub 32 boxes
Publishing 32 3D boxes
  [ground_truth] File: sweeper_gt/bin/AD002_JS_urban_20251113_161151_day_clear_lidar_1763021655200666904.bin
  [prediction] Pub 27 boxes
Publishing 27 3D boxes
  [prediction] File: sweeper_predict/bin/AD002_JS_urban_20251113_161151_day_clear_lidar_1763021655200666904.bin

--- Frame 236 ---
  [ground_truth] Pub 31 boxes
Publishing 31 3D boxes
  [ground_truth] File: sweeper_gt/bin/AD002_JS_urban_20251113_161151_day_clear_lidar_1763021657200781107.bin
  [prediction] Pub 27 boxes
Publishing 27 3D boxes
  [prediction] File: sweeper_predict/bin/AD002_JS_urban_20251113_161151_day_clear_lidar_1763021657200781107.bin

--- Frame 237 ---
  [ground_truth] Pub 30 boxes
Publishing 30 3D boxes
  [ground_truth] File: sweeper_gt/bin/AD002_JS_urban_20251113_161151_day_clear_lidar_1763021659200539112.bin
  [prediction] Pub 27 boxes
Publishing 27 3D boxes
  [prediction] File: sweeper_predict/bin/AD002_JS_urban_20251113_161151_day_clear_lidar_1763021659200539112.bin

--- Frame 238 ---
  [ground_truth] Pub 30 boxes
Publishing 30 3D boxes
  [ground_truth] File: sweeper_gt/bin/AD002_JS_urban_20251113_161151_day_clear_lidar_1763021661200635910.bin
  [prediction] Pub 28 boxes
Publishing 28 3D boxes
  [prediction] File: sweeper_predict/bin/AD002_JS_urban_20251113_161151_day_clear_lidar_1763021661200635910.bin

--- Frame 239 ---
  [ground_truth] Pub 29 boxes
Publishing 29 3D boxes
  [ground_truth] File: sweeper_gt/bin/AD002_JS_urban_20251113_161151_day_clear_lidar_1763021663200781107.bin
  [prediction] Pub 23 boxes
Publishing 23 3D boxes
  [prediction] File: sweeper_predict/bin/AD002_JS_urban_20251113_161151_day_clear_lidar_1763021663200781107.bin

--- Frame 240 ---
  [ground_truth] Pub 27 boxes
Publishing 27 3D boxes
  [ground_truth] File: sweeper_gt/bin/AD002_JS_urban_20251113_161151_day_clear_lidar_1763021665200483084.bin
  [prediction] Pub 22 boxes
Publishing 22 3D boxes
  [prediction] File: sweeper_predict/bin/AD002_JS_urban_20251113_161151_day_clear_lidar_1763021665200483084.bin

--- Frame 241 ---
  [ground_truth] Pub 26 boxes
Publishing 26 3D boxes
  [ground_truth] File: sweeper_gt/bin/AD002_JS_urban_20251113_161151_day_clear_lidar_1763021667200575113.bin
  [prediction] Pub 20 boxes
Publishing 20 3D boxes
  [prediction] File: sweeper_predict/bin/AD002_JS_urban_20251113_161151_day_clear_lidar_1763021667200575113.bin

--- Frame 242 ---
  [ground_truth] Pub 25 boxes
Publishing 25 3D boxes
  [ground_truth] File: sweeper_gt/bin/AD002_JS_urban_20251113_161151_day_clear_lidar_1763021669200797081.bin
  [prediction] Pub 18 boxes
Publishing 18 3D boxes
  [prediction] File: sweeper_predict/bin/AD002_JS_urban_20251113_161151_day_clear_lidar_1763021669200797081.bin

--- Frame 243 ---
  [ground_truth] Pub 26 boxes
Publishing 26 3D boxes
  [ground_truth] File: sweeper_gt/bin/AD002_JS_urban_20251113_161151_day_clear_lidar_1763021671200536013.bin
  [prediction] Pub 20 boxes
Publishing 20 3D boxes
  [prediction] File: sweeper_predict/bin/AD002_JS_urban_20251113_161151_day_clear_lidar_1763021671200536013.bin

--- Frame 244 ---
  [ground_truth] Pub 21 boxes
Publishing 21 3D boxes
  [ground_truth] File: sweeper_gt/bin/AD002_JS_urban_20251113_161151_day_clear_lidar_1763021673200623035.bin
  [prediction] Pub 24 boxes
Publishing 24 3D boxes
  [prediction] File: sweeper_predict/bin/AD002_JS_urban_20251113_161151_day_clear_lidar_1763021673200623035.bin

--- Frame 245 ---
  [ground_truth] Pub 21 boxes
Publishing 21 3D boxes
  [ground_truth] File: sweeper_gt/bin/AD002_JS_urban_20251113_161151_day_clear_lidar_1763021675200808048.bin
  [prediction] Pub 19 boxes
Publishing 19 3D boxes
  [prediction] File: sweeper_predict/bin/AD002_JS_urban_20251113_161151_day_clear_lidar_1763021675200808048.bin

--- Frame 246 ---
  [ground_truth] Pub 21 boxes
Publishing 21 3D boxes
  [ground_truth] File: sweeper_gt/bin/AD002_JS_urban_20251113_161151_day_clear_lidar_1763021677200541019.bin
  [prediction] Pub 22 boxes
Publishing 22 3D boxes
  [prediction] File: sweeper_predict/bin/AD002_JS_urban_20251113_161151_day_clear_lidar_1763021677200541019.bin

--- Frame 247 ---
  [ground_truth] Pub 21 boxes
Publishing 21 3D boxes
  [ground_truth] File: sweeper_gt/bin/AD002_JS_urban_20251113_161151_day_clear_lidar_1763021679200644016.bin
  [prediction] Pub 20 boxes
Publishing 20 3D boxes
  [prediction] File: sweeper_predict/bin/AD002_JS_urban_20251113_161151_day_clear_lidar_1763021679200644016.bin

--- Frame 248 ---
  [ground_truth] Pub 20 boxes
Publishing 20 3D boxes
  [ground_truth] File: sweeper_gt/bin/AD002_JS_urban_20251113_161151_day_clear_lidar_1763021681200767040.bin
  [prediction] Pub 20 boxes
Publishing 20 3D boxes
  [prediction] File: sweeper_predict/bin/AD002_JS_urban_20251113_161151_day_clear_lidar_1763021681200767040.bin

--- Frame 249 ---
  [ground_truth] Pub 20 boxes
Publishing 20 3D boxes
  [ground_truth] File: sweeper_gt/bin/AD002_JS_urban_20251113_161151_day_clear_lidar_1763021683200541973.bin
  [prediction] Pub 20 boxes
Publishing 20 3D boxes
  [prediction] File: sweeper_predict/bin/AD002_JS_urban_20251113_161151_day_clear_lidar_1763021683200541973.bin

--- Frame 250 ---
  [ground_truth] Pub 23 boxes
Publishing 23 3D boxes
  [ground_truth] File: sweeper_gt/bin/AD002_JS_urban_20251113_161151_day_clear_lidar_1763021685200663090.bin
  [prediction] Pub 20 boxes
Publishing 20 3D boxes
  [prediction] File: sweeper_predict/bin/AD002_JS_urban_20251113_161151_day_clear_lidar_1763021685200663090.bin

--- Frame 251 ---
  [ground_truth] Pub 23 boxes
Publishing 23 3D boxes
  [ground_truth] File: sweeper_gt/bin/AD002_JS_urban_20251113_161151_day_clear_lidar_1763021687200779915.bin
  [prediction] Pub 20 boxes
Publishing 20 3D boxes
  [prediction] File: sweeper_predict/bin/AD002_JS_urban_20251113_161151_day_clear_lidar_1763021687200779915.bin

--- Frame 252 ---
  [ground_truth] Pub 24 boxes
Publishing 24 3D boxes
  [ground_truth] File: sweeper_gt/bin/AD002_JS_urban_20251113_161151_day_clear_lidar_1763021689200552940.bin
  [prediction] Pub 18 boxes
Publishing 18 3D boxes
  [prediction] File: sweeper_predict/bin/AD002_JS_urban_20251113_161151_day_clear_lidar_1763021689200552940.bin

--- Frame 253 ---
  [ground_truth] Pub 22 boxes
Publishing 22 3D boxes
  [ground_truth] File: sweeper_gt/bin/AD002_JS_urban_20251113_161151_day_clear_lidar_1763021691200669050.bin
  [prediction] Pub 18 boxes
Publishing 18 3D boxes
  [prediction] File: sweeper_predict/bin/AD002_JS_urban_20251113_161151_day_clear_lidar_1763021691200669050.bin

--- Frame 254 ---
  [ground_truth] Pub 20 boxes
Publishing 20 3D boxes
  [ground_truth] File: sweeper_gt/bin/AD002_JS_urban_20251113_161151_day_clear_lidar_1763021693300657034.bin
  [prediction] Pub 22 boxes
Publishing 22 3D boxes
  [prediction] File: sweeper_predict/bin/AD002_JS_urban_20251113_161151_day_clear_lidar_1763021693300657034.bin

--- Frame 255 ---
  [ground_truth] Pub 20 boxes
Publishing 20 3D boxes
  [ground_truth] File: sweeper_gt/bin/AD002_JS_urban_20251113_161151_day_clear_lidar_1763021695300802946.bin
  [prediction] Pub 21 boxes
Publishing 21 3D boxes
  [prediction] File: sweeper_predict/bin/AD002_JS_urban_20251113_161151_day_clear_lidar_1763021695300802946.bin

--- Frame 256 ---
  [ground_truth] Pub 21 boxes
Publishing 21 3D boxes
  [ground_truth] File: sweeper_gt/bin/AD002_JS_urban_20251113_161151_day_clear_lidar_1763021697300548077.bin
  [prediction] Pub 23 boxes
Publishing 23 3D boxes
  [prediction] File: sweeper_predict/bin/AD002_JS_urban_20251113_161151_day_clear_lidar_1763021697300548077.bin

--- Frame 257 ---
  [ground_truth] Pub 21 boxes
Publishing 21 3D boxes
  [ground_truth] File: sweeper_gt/bin/AD002_JS_urban_20251113_161151_day_clear_lidar_1763021699300628901.bin
  [prediction] Pub 22 boxes
Publishing 22 3D boxes
  [prediction] File: sweeper_predict/bin/AD002_JS_urban_20251113_161151_day_clear_lidar_1763021699300628901.bin

--- Frame 258 ---
  [ground_truth] Pub 21 boxes
Publishing 21 3D boxes
  [ground_truth] File: sweeper_gt/bin/AD002_JS_urban_20251113_161151_day_clear_lidar_1763021701300812006.bin
  [prediction] Pub 22 boxes
Publishing 22 3D boxes
  [prediction] File: sweeper_predict/bin/AD002_JS_urban_20251113_161151_day_clear_lidar_1763021701300812006.bin

--- Frame 259 ---
  [ground_truth] Pub 22 boxes
Publishing 22 3D boxes
  [ground_truth] File: sweeper_gt/bin/AD002_JS_urban_20251113_161151_day_clear_lidar_1763021703300544977.bin
  [prediction] Pub 25 boxes
Publishing 25 3D boxes
  [prediction] File: sweeper_predict/bin/AD002_JS_urban_20251113_161151_day_clear_lidar_1763021703300544977.bin

--- Frame 260 ---
  [ground_truth] Pub 22 boxes
Publishing 22 3D boxes
  [ground_truth] File: sweeper_gt/bin/AD002_JS_urban_20251113_161151_day_clear_lidar_1763021705300626040.bin
  [prediction] Pub 22 boxes
Publishing 22 3D boxes
  [prediction] File: sweeper_predict/bin/AD002_JS_urban_20251113_161151_day_clear_lidar_1763021705300626040.bin

--- Frame 261 ---
  [ground_truth] Pub 22 boxes
Publishing 22 3D boxes
  [ground_truth] File: sweeper_gt/bin/AD002_JS_urban_20251113_161151_day_clear_lidar_1763021707300822020.bin
  [prediction] Pub 22 boxes
Publishing 22 3D boxes
  [prediction] File: sweeper_predict/bin/AD002_JS_urban_20251113_161151_day_clear_lidar_1763021707300822020.bin

--- Frame 262 ---
  [ground_truth] Pub 26 boxes
Publishing 26 3D boxes
  [ground_truth] File: sweeper_gt/bin/AD002_JS_urban_20251113_161151_day_clear_lidar_1763021709300508976.bin
  [prediction] Pub 24 boxes
Publishing 24 3D boxes
  [prediction] File: sweeper_predict/bin/AD002_JS_urban_20251113_161151_day_clear_lidar_1763021709300508976.bin

--- Frame 263 ---
  [ground_truth] Pub 27 boxes
Publishing 27 3D boxes
  [ground_truth] File: sweeper_gt/bin/AD002_JS_urban_20251113_161151_day_clear_lidar_1763021711300642967.bin
  [prediction] Pub 22 boxes
Publishing 22 3D boxes
  [prediction] File: sweeper_predict/bin/AD002_JS_urban_20251113_161151_day_clear_lidar_1763021711300642967.bin

--- Frame 264 ---
  [ground_truth] Pub 26 boxes
Publishing 26 3D boxes
  [ground_truth] File: sweeper_gt/bin/AD002_JS_urban_20251113_161151_day_clear_lidar_1763021713300805092.bin
  [prediction] Pub 21 boxes
Publishing 21 3D boxes
  [prediction] File: sweeper_predict/bin/AD002_JS_urban_20251113_161151_day_clear_lidar_1763021713300805092.bin

--- Frame 265 ---
  [ground_truth] Pub 28 boxes
Publishing 28 3D boxes
  [ground_truth] File: sweeper_gt/bin/AD002_JS_urban_20251113_161151_day_clear_lidar_1763021715300493002.bin
  [prediction] Pub 23 boxes
Publishing 23 3D boxes
  [prediction] File: sweeper_predict/bin/AD002_JS_urban_20251113_161151_day_clear_lidar_1763021715300493002.bin

--- Frame 266 ---
  [ground_truth] Pub 27 boxes
Publishing 27 3D boxes
  [ground_truth] File: sweeper_gt/bin/AD002_JS_urban_20251113_161151_day_clear_lidar_1763021717300633907.bin
  [prediction] Pub 25 boxes
Publishing 25 3D boxes
  [prediction] File: sweeper_predict/bin/AD002_JS_urban_20251113_161151_day_clear_lidar_1763021717300633907.bin

--- Frame 267 ---
  [ground_truth] Pub 28 boxes
Publishing 28 3D boxes
  [ground_truth] File: sweeper_gt/bin/AD002_JS_urban_20251113_161151_day_clear_lidar_1763021719300815105.bin
  [prediction] Pub 26 boxes
Publishing 26 3D boxes
  [prediction] File: sweeper_predict/bin/AD002_JS_urban_20251113_161151_day_clear_lidar_1763021719300815105.bin

--- Frame 268 ---
  [ground_truth] Pub 28 boxes
Publishing 28 3D boxes
  [ground_truth] File: sweeper_gt/bin/AD002_JS_urban_20251113_161151_day_clear_lidar_1763021721300518036.bin
  [prediction] Pub 27 boxes
Publishing 27 3D boxes
  [prediction] File: sweeper_predict/bin/AD002_JS_urban_20251113_161151_day_clear_lidar_1763021721300518036.bin

--- Frame 269 ---
  [ground_truth] Pub 29 boxes
Publishing 29 3D boxes
  [ground_truth] File: sweeper_gt/bin/AD002_JS_urban_20251113_161151_day_clear_lidar_1763021723300679922.bin
  [prediction] Pub 26 boxes
Publishing 26 3D boxes
  [prediction] File: sweeper_predict/bin/AD002_JS_urban_20251113_161151_day_clear_lidar_1763021723300679922.bin

--- Frame 270 ---
  [ground_truth] Pub 30 boxes
Publishing 30 3D boxes
  [ground_truth] File: sweeper_gt/bin/AD002_JS_urban_20251113_161151_day_clear_lidar_1763021725300770044.bin
  [prediction] Pub 27 boxes
Publishing 27 3D boxes
  [prediction] File: sweeper_predict/bin/AD002_JS_urban_20251113_161151_day_clear_lidar_1763021725300770044.bin

--- Frame 271 ---
  [ground_truth] Pub 28 boxes
Publishing 28 3D boxes
  [ground_truth] File: sweeper_gt/bin/AD002_JS_urban_20251113_161151_day_clear_lidar_1763021727300478935.bin
  [prediction] Pub 26 boxes
Publishing 26 3D boxes
  [prediction] File: sweeper_predict/bin/AD002_JS_urban_20251113_161151_day_clear_lidar_1763021727300478935.bin

--- Frame 272 ---
  [ground_truth] Pub 30 boxes
Publishing 30 3D boxes
  [ground_truth] File: sweeper_gt/bin/AD002_JS_urban_20251113_161151_day_clear_lidar_1763021729300620079.bin
  [prediction] Pub 24 boxes
Publishing 24 3D boxes
  [prediction] File: sweeper_predict/bin/AD002_JS_urban_20251113_161151_day_clear_lidar_1763021729300620079.bin

--- Frame 273 ---
  [ground_truth] Pub 24 boxes
Publishing 24 3D boxes
  [ground_truth] File: sweeper_gt/bin/AD002_JS_urban_20251113_161151_day_clear_lidar_1763021731300765038.bin
  [prediction] Pub 22 boxes
Publishing 22 3D boxes
  [prediction] File: sweeper_predict/bin/AD002_JS_urban_20251113_161151_day_clear_lidar_1763021731300765038.bin

--- Frame 274 ---
  [ground_truth] Pub 20 boxes
Publishing 20 3D boxes
  [ground_truth] File: sweeper_gt/bin/AD002_JS_urban_20251113_161151_day_clear_lidar_1763021734000773907.bin
  [prediction] Pub 21 boxes
Publishing 21 3D boxes
  [prediction] File: sweeper_predict/bin/AD002_JS_urban_20251113_161151_day_clear_lidar_1763021734000773907.bin

--- Frame 275 ---
  [ground_truth] Pub 20 boxes
Publishing 20 3D boxes
  [ground_truth] File: sweeper_gt/bin/AD002_JS_urban_20251113_161151_day_clear_lidar_1763021736000489950.bin
  [prediction] Pub 23 boxes
Publishing 23 3D boxes
  [prediction] File: sweeper_predict/bin/AD002_JS_urban_20251113_161151_day_clear_lidar_1763021736000489950.bin

--- Frame 276 ---
  [ground_truth] Pub 18 boxes
Publishing 18 3D boxes
  [ground_truth] File: sweeper_gt/bin/AD002_JS_urban_20251113_161151_day_clear_lidar_1763021738000660896.bin
  [prediction] Pub 18 boxes
Publishing 18 3D boxes
  [prediction] File: sweeper_predict/bin/AD002_JS_urban_20251113_161151_day_clear_lidar_1763021738000660896.bin

--- Frame 277 ---
  [ground_truth] Pub 18 boxes
Publishing 18 3D boxes
  [ground_truth] File: sweeper_gt/bin/AD002_JS_urban_20251113_161151_day_clear_lidar_1763021740000777006.bin
  [prediction] Pub 15 boxes
Publishing 15 3D boxes
  [prediction] File: sweeper_predict/bin/AD002_JS_urban_20251113_161151_day_clear_lidar_1763021740000777006.bin

--- Frame 278 ---
  [ground_truth] Pub 16 boxes
Publishing 16 3D boxes
  [ground_truth] File: sweeper_gt/bin/AD002_JS_urban_20251113_161151_day_clear_lidar_1763021742000531912.bin
  [prediction] Pub 14 boxes
Publishing 14 3D boxes
  [prediction] File: sweeper_predict/bin/AD002_JS_urban_20251113_161151_day_clear_lidar_1763021742000531912.bin

--- Frame 279 ---
  [ground_truth] Pub 15 boxes
Publishing 15 3D boxes
  [ground_truth] File: sweeper_gt/bin/AD002_JS_urban_20251113_161151_day_clear_lidar_1763021744000653982.bin
  [prediction] Pub 12 boxes
Publishing 12 3D boxes
  [prediction] File: sweeper_predict/bin/AD002_JS_urban_20251113_161151_day_clear_lidar_1763021744000653982.bin

--- Frame 280 ---
  [ground_truth] Pub 14 boxes
Publishing 14 3D boxes
  [ground_truth] File: sweeper_gt/bin/AD002_JS_urban_20251113_161151_day_clear_lidar_1763021746000756025.bin
  [prediction] Pub 11 boxes
Publishing 11 3D boxes
  [prediction] File: sweeper_predict/bin/AD002_JS_urban_20251113_161151_day_clear_lidar_1763021746000756025.bin

--- Frame 281 ---
  [ground_truth] Pub 18 boxes
Publishing 18 3D boxes
  [ground_truth] File: sweeper_gt/bin/AD002_JS_urban_20251113_161151_day_clear_lidar_1763021748000533104.bin
  [prediction] Pub 14 boxes
Publishing 14 3D boxes
  [prediction] File: sweeper_predict/bin/AD002_JS_urban_20251113_161151_day_clear_lidar_1763021748000533104.bin

--- Frame 282 ---
  [ground_truth] Pub 20 boxes
Publishing 20 3D boxes
  [ground_truth] File: sweeper_gt/bin/AD002_JS_urban_20251113_161151_day_clear_lidar_1763021750000677109.bin
  [prediction] Pub 17 boxes
Publishing 17 3D boxes
  [prediction] File: sweeper_predict/bin/AD002_JS_urban_20251113_161151_day_clear_lidar_1763021750000677109.bin

--- Frame 283 ---
  [ground_truth] Pub 20 boxes
Publishing 20 3D boxes
  [ground_truth] File: sweeper_gt/bin/AD002_JS_urban_20251113_161151_day_clear_lidar_1763021752100671053.bin
  [prediction] Pub 16 boxes
Publishing 16 3D boxes
  [prediction] File: sweeper_predict/bin/AD002_JS_urban_20251113_161151_day_clear_lidar_1763021752100671053.bin

--- Frame 284 ---
  [ground_truth] Pub 20 boxes
Publishing 20 3D boxes
  [ground_truth] File: sweeper_gt/bin/AD002_JS_urban_20251113_161151_day_clear_lidar_1763021754100778103.bin
  [prediction] Pub 19 boxes
Publishing 19 3D boxes
  [prediction] File: sweeper_predict/bin/AD002_JS_urban_20251113_161151_day_clear_lidar_1763021754100778103.bin

--- Frame 285 ---
  [ground_truth] Pub 20 boxes
Publishing 20 3D boxes
  [ground_truth] File: sweeper_gt/bin/AD002_JS_urban_20251113_161151_day_clear_lidar_1763021756100523949.bin
  [prediction] Pub 16 boxes
Publishing 16 3D boxes
  [prediction] File: sweeper_predict/bin/AD002_JS_urban_20251113_161151_day_clear_lidar_1763021756100523949.bin

--- Frame 286 ---
  [ground_truth] Pub 22 boxes
Publishing 22 3D boxes
  [ground_truth] File: sweeper_gt/bin/AD002_JS_urban_20251113_161151_day_clear_lidar_1763021758100635052.bin
  [prediction] Pub 18 boxes
Publishing 18 3D boxes
  [prediction] File: sweeper_predict/bin/AD002_JS_urban_20251113_161151_day_clear_lidar_1763021758100635052.bin

--- Frame 287 ---
  [ground_truth] Pub 25 boxes
Publishing 25 3D boxes
  [ground_truth] File: sweeper_gt/bin/AD002_JS_urban_20251113_161151_day_clear_lidar_1763021760100822926.bin
  [prediction] Pub 18 boxes
Publishing 18 3D boxes
  [prediction] File: sweeper_predict/bin/AD002_JS_urban_20251113_161151_day_clear_lidar_1763021760100822926.bin

--- Frame 288 ---
  [ground_truth] Pub 25 boxes
Publishing 25 3D boxes
  [ground_truth] File: sweeper_gt/bin/AD002_JS_urban_20251113_161151_day_clear_lidar_1763021762100543976.bin
  [prediction] Pub 21 boxes
Publishing 21 3D boxes
  [prediction] File: sweeper_predict/bin/AD002_JS_urban_20251113_161151_day_clear_lidar_1763021762100543976.bin

--- Frame 289 ---
  [ground_truth] Pub 26 boxes
Publishing 26 3D boxes
  [ground_truth] File: sweeper_gt/bin/AD002_JS_urban_20251113_161151_day_clear_lidar_1763021764100652933.bin
  [prediction] Pub 24 boxes
Publishing 24 3D boxes
  [prediction] File: sweeper_predict/bin/AD002_JS_urban_20251113_161151_day_clear_lidar_1763021764100652933.bin

--- Frame 290 ---
  [ground_truth] Pub 24 boxes
Publishing 24 3D boxes
  [ground_truth] File: sweeper_gt/bin/AD002_JS_urban_20251113_161151_day_clear_lidar_1763021766100815058.bin
  [prediction] Pub 21 boxes
Publishing 21 3D boxes
  [prediction] File: sweeper_predict/bin/AD002_JS_urban_20251113_161151_day_clear_lidar_1763021766100815058.bin

--- Frame 291 ---
  [ground_truth] Pub 23 boxes
Publishing 23 3D boxes
  [ground_truth] File: sweeper_gt/bin/AD002_JS_urban_20251113_161151_day_clear_lidar_1763021768100517988.bin
  [prediction] Pub 23 boxes
Publishing 23 3D boxes
  [prediction] File: sweeper_predict/bin/AD002_JS_urban_20251113_161151_day_clear_lidar_1763021768100517988.bin

--- Frame 292 ---
  [ground_truth] Pub 16 boxes
Publishing 16 3D boxes
  [ground_truth] File: sweeper_gt/bin/AD002_JS_urban_20251113_161151_day_clear_lidar_1763021770100658894.bin
  [prediction] Pub 20 boxes
Publishing 20 3D boxes
  [prediction] File: sweeper_predict/bin/AD002_JS_urban_20251113_161151_day_clear_lidar_1763021770100658894.bin

--- Frame 293 ---
  [ground_truth] Pub 17 boxes
Publishing 17 3D boxes
  [ground_truth] File: sweeper_gt/bin/AD002_JS_urban_20251113_161151_day_clear_lidar_1763021772100794077.bin
  [prediction] Pub 18 boxes
Publishing 18 3D boxes
  [prediction] File: sweeper_predict/bin/AD002_JS_urban_20251113_161151_day_clear_lidar_1763021772100794077.bin

--- Frame 294 ---
  [ground_truth] Pub 16 boxes
Publishing 16 3D boxes
  [ground_truth] File: sweeper_gt/bin/AD002_JS_urban_20251113_161151_day_clear_lidar_1763021774100519896.bin
  [prediction] Pub 16 boxes
Publishing 16 3D boxes
  [prediction] File: sweeper_predict/bin/AD002_JS_urban_20251113_161151_day_clear_lidar_1763021774100519896.bin

--- Frame 295 ---
  [ground_truth] Pub 16 boxes
Publishing 16 3D boxes
  [ground_truth] File: sweeper_gt/bin/AD002_JS_urban_20251113_161151_day_clear_lidar_1763021776100629091.bin
  [prediction] Pub 17 boxes
Publishing 17 3D boxes
  [prediction] File: sweeper_predict/bin/AD002_JS_urban_20251113_161151_day_clear_lidar_1763021776100629091.bin

--- Frame 296 ---
  [ground_truth] Pub 15 boxes
Publishing 15 3D boxes
  [ground_truth] File: sweeper_gt/bin/AD002_JS_urban_20251113_161151_day_clear_lidar_1763021778100783110.bin
  [prediction] Pub 16 boxes
Publishing 16 3D boxes
  [prediction] File: sweeper_predict/bin/AD002_JS_urban_20251113_161151_day_clear_lidar_1763021778100783110.bin

--- Frame 297 ---
  [ground_truth] Pub 16 boxes
Publishing 16 3D boxes
  [ground_truth] File: sweeper_gt/bin/AD002_JS_urban_20251113_161151_day_clear_lidar_1763021780100538969.bin
  [prediction] Pub 15 boxes
Publishing 15 3D boxes
  [prediction] File: sweeper_predict/bin/AD002_JS_urban_20251113_161151_day_clear_lidar_1763021780100538969.bin

--- Frame 298 ---
  [ground_truth] Pub 13 boxes
Publishing 13 3D boxes
  [ground_truth] File: sweeper_gt/bin/AD002_JS_urban_20251113_161151_day_clear_lidar_1763021782100621939.bin
  [prediction] Pub 15 boxes
Publishing 15 3D boxes
  [prediction] File: sweeper_predict/bin/AD002_JS_urban_20251113_161151_day_clear_lidar_1763021782100621939.bin

--- Frame 299 ---
  [ground_truth] Pub 15 boxes
Publishing 15 3D boxes
  [ground_truth] File: sweeper_gt/bin/AD002_JS_urban_20251113_161151_day_clear_lidar_1763021784100810051.bin
  [prediction] Pub 14 boxes
Publishing 14 3D boxes
  [prediction] File: sweeper_predict/bin/AD002_JS_urban_20251113_161151_day_clear_lidar_1763021784100810051.bin

--- Frame 300 ---
  [ground_truth] Pub 15 boxes
Publishing 15 3D boxes
  [ground_truth] File: sweeper_gt/bin/AD002_JS_urban_20251113_161151_day_clear_lidar_1763021786100517988.bin
  [prediction] Pub 16 boxes
Publishing 16 3D boxes
  [prediction] File: sweeper_predict/bin/AD002_JS_urban_20251113_161151_day_clear_lidar_1763021786100517988.bin

--- Frame 301 ---
  [ground_truth] Pub 15 boxes
Publishing 15 3D boxes
  [ground_truth] File: sweeper_gt/bin/AD002_JS_urban_20251113_161151_day_clear_lidar_1763021788100626945.bin
  [prediction] Pub 13 boxes
Publishing 13 3D boxes
  [prediction] File: sweeper_predict/bin/AD002_JS_urban_20251113_161151_day_clear_lidar_1763021788100626945.bin

--- Frame 302 ---
  [ground_truth] Pub 15 boxes
Publishing 15 3D boxes
  [ground_truth] File: sweeper_gt/bin/AD002_JS_urban_20251113_161151_day_clear_lidar_1763021790100821972.bin
  [prediction] Pub 13 boxes
Publishing 13 3D boxes
  [prediction] File: sweeper_predict/bin/AD002_JS_urban_20251113_161151_day_clear_lidar_1763021790100821972.bin

--- Frame 303 ---
  [ground_truth] Pub 15 boxes
Publishing 15 3D boxes
  [ground_truth] File: sweeper_gt/bin/AD002_JS_urban_20251113_161151_day_clear_lidar_1763021792100524902.bin
  [prediction] Pub 14 boxes
Publishing 14 3D boxes
  [prediction] File: sweeper_predict/bin/AD002_JS_urban_20251113_161151_day_clear_lidar_1763021792100524902.bin

--- Frame 304 ---
  [ground_truth] Pub 17 boxes
Publishing 17 3D boxes
  [ground_truth] File: sweeper_gt/bin/AD002_JS_urban_20251113_161151_day_clear_lidar_1763021794100699902.bin
  [prediction] Pub 14 boxes
Publishing 14 3D boxes
  [prediction] File: sweeper_predict/bin/AD002_JS_urban_20251113_161151_day_clear_lidar_1763021794100699902.bin

--- Frame 305 ---
  [ground_truth] Pub 17 boxes
Publishing 17 3D boxes
  [ground_truth] File: sweeper_gt/bin/AD002_JS_urban_20251113_161151_day_clear_lidar_1763021796100764990.bin
  [prediction] Pub 13 boxes
Publishing 13 3D boxes
  [prediction] File: sweeper_predict/bin/AD002_JS_urban_20251113_161151_day_clear_lidar_1763021796100764990.bin

--- Frame 306 ---
  [ground_truth] Pub 17 boxes
Publishing 17 3D boxes
  [ground_truth] File: sweeper_gt/bin/AD002_JS_urban_20251113_161151_day_clear_lidar_1763021798100524902.bin
  [prediction] Pub 13 boxes
Publishing 13 3D boxes
  [prediction] File: sweeper_predict/bin/AD002_JS_urban_20251113_161151_day_clear_lidar_1763021798100524902.bin

--- Frame 307 ---
  [ground_truth] Pub 17 boxes
Publishing 17 3D boxes
  [ground_truth] File: sweeper_gt/bin/AD002_JS_urban_20251113_161151_day_clear_lidar_1763021800100635052.bin
  [prediction] Pub 15 boxes
Publishing 15 3D boxes
  [prediction] File: sweeper_predict/bin/AD002_JS_urban_20251113_161151_day_clear_lidar_1763021800100635052.bin

--- Frame 308 ---
  [ground_truth] Pub 17 boxes
Publishing 17 3D boxes
  [ground_truth] File: sweeper_gt/bin/AD002_JS_urban_20251113_161151_day_clear_lidar_1763021802100754023.bin
  [prediction] Pub 14 boxes
Publishing 14 3D boxes
  [prediction] File: sweeper_predict/bin/AD002_JS_urban_20251113_161151_day_clear_lidar_1763021802100754023.bin

--- Frame 309 ---
  [ground_truth] Pub 12 boxes
Publishing 12 3D boxes
  [ground_truth] File: sweeper_gt/bin/AD002_JS_urban_20251113_161151_day_clear_lidar_1763021804100547075.bin
  [prediction] Pub 10 boxes
Publishing 10 3D boxes
  [prediction] File: sweeper_predict/bin/AD002_JS_urban_20251113_161151_day_clear_lidar_1763021804100547075.bin

--- Frame 310 ---
  [ground_truth] Pub 18 boxes
Publishing 18 3D boxes
  [ground_truth] File: sweeper_gt/bin/AD002_JS_urban_20251113_161151_day_clear_lidar_1763021806100666046.bin
  [prediction] Pub 16 boxes
Publishing 16 3D boxes
  [prediction] File: sweeper_predict/bin/AD002_JS_urban_20251113_161151_day_clear_lidar_1763021806100666046.bin

--- Frame 311 ---
  [ground_truth] Pub 21 boxes
Publishing 21 3D boxes
  [ground_truth] File: sweeper_gt/bin/AD002_JS_urban_20251113_161151_day_clear_lidar_1763021808100785971.bin
  [prediction] Pub 21 boxes
Publishing 21 3D boxes
  [prediction] File: sweeper_predict/bin/AD002_JS_urban_20251113_161151_day_clear_lidar_1763021808100785971.bin

--- Frame 312 ---
  [ground_truth] Pub 22 boxes
Publishing 22 3D boxes
  [ground_truth] File: sweeper_gt/bin/AD002_JS_urban_20251113_161151_day_clear_lidar_1763021810100506067.bin
  [prediction] Pub 19 boxes
Publishing 19 3D boxes
  [prediction] File: sweeper_predict/bin/AD002_JS_urban_20251113_161151_day_clear_lidar_1763021810100506067.bin

--- Frame 313 ---
  [ground_truth] Pub 21 boxes
Publishing 21 3D boxes
  [ground_truth] File: sweeper_gt/bin/AD002_JS_urban_20251113_161151_day_clear_lidar_1763021812100622892.bin
  [prediction] Pub 15 boxes
Publishing 15 3D boxes
  [prediction] File: sweeper_predict/bin/AD002_JS_urban_20251113_161151_day_clear_lidar_1763021812100622892.bin

--- Frame 314 ---
  [ground_truth] Pub 16 boxes
Publishing 16 3D boxes
  [ground_truth] File: sweeper_gt/bin/AD002_JS_urban_20251113_161151_day_clear_lidar_1763021814100824118.bin
  [prediction] Pub 12 boxes
Publishing 12 3D boxes
  [prediction] File: sweeper_predict/bin/AD002_JS_urban_20251113_161151_day_clear_lidar_1763021814100824118.bin

--- Frame 315 ---
  [ground_truth] Pub 19 boxes
Publishing 19 3D boxes
  [ground_truth] File: sweeper_gt/bin/AD002_JS_urban_20251113_161151_day_clear_lidar_1763021816100523949.bin
  [prediction] Pub 13 boxes
Publishing 13 3D boxes
  [prediction] File: sweeper_predict/bin/AD002_JS_urban_20251113_161151_day_clear_lidar_1763021816100523949.bin

--- Frame 316 ---
  [ground_truth] Pub 20 boxes
Publishing 20 3D boxes
  [ground_truth] File: sweeper_gt/bin/AD002_JS_urban_20251113_161151_day_clear_lidar_1763021818100624084.bin
  [prediction] Pub 17 boxes
Publishing 17 3D boxes
  [prediction] File: sweeper_predict/bin/AD002_JS_urban_20251113_161151_day_clear_lidar_1763021818100624084.bin

--- Frame 317 ---
  [ground_truth] Pub 21 boxes
Publishing 21 3D boxes
  [ground_truth] File: sweeper_gt/bin/AD002_JS_urban_20251113_161151_day_clear_lidar_1763021820100780010.bin
  [prediction] Pub 16 boxes
Publishing 16 3D boxes
  [prediction] File: sweeper_predict/bin/AD002_JS_urban_20251113_161151_day_clear_lidar_1763021820100780010.bin

--- Frame 318 ---
  [ground_truth] Pub 21 boxes
Publishing 21 3D boxes
  [ground_truth] File: sweeper_gt/bin/AD002_JS_urban_20251113_161151_day_clear_lidar_1763021822100502968.bin
  [prediction] Pub 17 boxes
Publishing 17 3D boxes
  [prediction] File: sweeper_predict/bin/AD002_JS_urban_20251113_161151_day_clear_lidar_1763021822100502968.bin

--- Frame 318 ---
  [ground_truth] Pub 21 boxes
Publishing 21 3D boxes
  [ground_truth] File: sweeper_gt/bin/AD002_JS_urban_20251113_161151_day_clear_lidar_1763021822100502968.bin
  [prediction] Pub 17 boxes
Publishing 17 3D boxes
  [prediction] File: sweeper_predict/bin/AD002_JS_urban_20251113_161151_day_clear_lidar_1763021822100502968.bin

--- Frame 319 ---
  [ground_truth] Pub 21 boxes
Publishing 21 3D boxes
  [ground_truth] File: sweeper_gt/bin/AD002_JS_urban_20251113_161151_day_clear_lidar_1763021824100616932.bin
  [prediction] Pub 17 boxes
Publishing 17 3D boxes
  [prediction] File: sweeper_predict/bin/AD002_JS_urban_20251113_161151_day_clear_lidar_1763021824100616932.bin

--- Frame 320 ---
  [ground_truth] Pub 20 boxes
Publishing 20 3D boxes
  [ground_truth] File: sweeper_gt/bin/AD002_JS_urban_20251113_161151_day_clear_lidar_1763021826100812912.bin
  [prediction] Pub 19 boxes
Publishing 19 3D boxes
  [prediction] File: sweeper_predict/bin/AD002_JS_urban_20251113_161151_day_clear_lidar_1763021826100812912.bin

--- Frame 321 ---
  [ground_truth] Pub 20 boxes
Publishing 20 3D boxes
  [ground_truth] File: sweeper_gt/bin/AD002_JS_urban_20251113_161151_day_clear_lidar_1763021828100512981.bin
  [prediction] Pub 18 boxes
Publishing 18 3D boxes
  [prediction] File: sweeper_predict/bin/AD002_JS_urban_20251113_161151_day_clear_lidar_1763021828100512981.bin

--- Frame 322 ---
  [ground_truth] Pub 20 boxes
Publishing 20 3D boxes
  [ground_truth] File: sweeper_gt/bin/AD002_JS_urban_20251113_161151_day_clear_lidar_1763021830100647926.bin
  [prediction] Pub 20 boxes
Publishing 20 3D boxes
  [prediction] File: sweeper_predict/bin/AD002_JS_urban_20251113_161151_day_clear_lidar_1763021830100647926.bin

--- Frame 323 ---
  [ground_truth] Pub 19 boxes
Publishing 19 3D boxes
  [ground_truth] File: sweeper_gt/bin/AD002_JS_urban_20251113_161151_day_clear_lidar_1763021832100802898.bin
  [prediction] Pub 12 boxes
Publishing 12 3D boxes
  [prediction] File: sweeper_predict/bin/AD002_JS_urban_20251113_161151_day_clear_lidar_1763021832100802898.bin

--- Frame 324 ---
  [ground_truth] Pub 22 boxes
Publishing 22 3D boxes
  [ground_truth] File: sweeper_gt/bin/AD002_JS_urban_20251113_161151_day_clear_lidar_1763021834100538969.bin
  [prediction] Pub 17 boxes
Publishing 17 3D boxes
  [prediction] File: sweeper_predict/bin/AD002_JS_urban_20251113_161151_day_clear_lidar_1763021834100538969.bin

--- Frame 325 ---
  [ground_truth] Pub 19 boxes
Publishing 19 3D boxes
  [ground_truth] File: sweeper_gt/bin/AD002_JS_urban_20251113_161151_day_clear_lidar_1763021836100656033.bin
  [prediction] Pub 17 boxes
Publishing 17 3D boxes
  [prediction] File: sweeper_predict/bin/AD002_JS_urban_20251113_161151_day_clear_lidar_1763021836100656033.bin

--- Frame 326 ---
  [ground_truth] Pub 18 boxes
Publishing 18 3D boxes
  [ground_truth] File: sweeper_gt/bin/AD002_JS_urban_20251113_161151_day_clear_lidar_1763021838100801945.bin
  [prediction] Pub 15 boxes
Publishing 15 3D boxes
  [prediction] File: sweeper_predict/bin/AD002_JS_urban_20251113_161151_day_clear_lidar_1763021838100801945.bin

--- Frame 327 ---
  [ground_truth] Pub 17 boxes
Publishing 17 3D boxes
  [ground_truth] File: sweeper_gt/bin/AD002_JS_urban_20251113_161151_day_clear_lidar_1763021840100557089.bin
  [prediction] Pub 17 boxes
Publishing 17 3D boxes
  [prediction] File: sweeper_predict/bin/AD002_JS_urban_20251113_161151_day_clear_lidar_1763021840100557089.bin

--- Frame 328 ---
  [ground_truth] Pub 16 boxes
Publishing 16 3D boxes
  [ground_truth] File: sweeper_gt/bin/AD002_JS_urban_20251113_161151_day_clear_lidar_1763021842100657940.bin
  [prediction] Pub 17 boxes
Publishing 17 3D boxes
  [prediction] File: sweeper_predict/bin/AD002_JS_urban_20251113_161151_day_clear_lidar_1763021842100657940.bin

--- Frame 329 ---
  [ground_truth] Pub 16 boxes
Publishing 16 3D boxes
  [ground_truth] File: sweeper_gt/bin/AD002_JS_urban_20251113_161151_day_clear_lidar_1763021844100836992.bin
  [prediction] Pub 17 boxes
Publishing 17 3D boxes
  [prediction] File: sweeper_predict/bin/AD002_JS_urban_20251113_161151_day_clear_lidar_1763021844100836992.bin

--- Frame 330 ---
  [ground_truth] Pub 16 boxes
Publishing 16 3D boxes
  [ground_truth] File: sweeper_gt/bin/AD002_JS_urban_20251113_161151_day_clear_lidar_1763021846100558043.bin
  [prediction] Pub 16 boxes
Publishing 16 3D boxes
  [prediction] File: sweeper_predict/bin/AD002_JS_urban_20251113_161151_day_clear_lidar_1763021846100558043.bin

--- Frame 331 ---
  [ground_truth] Pub 17 boxes
Publishing 17 3D boxes
  [ground_truth] File: sweeper_gt/bin/AD002_JS_urban_20251113_161151_day_clear_lidar_1763021848100604057.bin
  [prediction] Pub 17 boxes
Publishing 17 3D boxes
  [prediction] File: sweeper_predict/bin/AD002_JS_urban_20251113_161151_day_clear_lidar_1763021848100604057.bin

--- Frame 332 ---
  [ground_truth] Pub 19 boxes
Publishing 19 3D boxes
  [ground_truth] File: sweeper_gt/bin/AD002_JS_urban_20251113_161151_day_clear_lidar_1763021850100811005.bin
  [prediction] Pub 15 boxes
Publishing 15 3D boxes
  [prediction] File: sweeper_predict/bin/AD002_JS_urban_20251113_161151_day_clear_lidar_1763021850100811005.bin

--- Frame 333 ---
  [ground_truth] Pub 18 boxes
Publishing 18 3D boxes
  [ground_truth] File: sweeper_gt/bin/AD002_JS_urban_20251113_161151_day_clear_lidar_1763021852200824976.bin
  [prediction] Pub 17 boxes
Publishing 17 3D boxes
  [prediction] File: sweeper_predict/bin/AD002_JS_urban_20251113_161151_day_clear_lidar_1763021852200824976.bin

--- Frame 334 ---
  [ground_truth] Pub 20 boxes
Publishing 20 3D boxes
  [ground_truth] File: sweeper_gt/bin/AD002_JS_urban_20251113_161151_day_clear_lidar_1763021854200542927.bin
  [prediction] Pub 17 boxes
Publishing 17 3D boxes
  [prediction] File: sweeper_predict/bin/AD002_JS_urban_20251113_161151_day_clear_lidar_1763021854200542927.bin

--- Frame 335 ---
  [ground_truth] Pub 20 boxes
Publishing 20 3D boxes
  [ground_truth] File: sweeper_gt/bin/AD002_JS_urban_20251113_161151_day_clear_lidar_1763021856200628042.bin
  [prediction] Pub 16 boxes
Publishing 16 3D boxes
  [prediction] File: sweeper_predict/bin/AD002_JS_urban_20251113_161151_day_clear_lidar_1763021856200628042.bin

--- Frame 336 ---
  [ground_truth] Pub 21 boxes
Publishing 21 3D boxes
  [ground_truth] File: sweeper_gt/bin/AD002_JS_urban_20251113_161151_day_clear_lidar_1763021858200812101.bin
  [prediction] Pub 16 boxes
Publishing 16 3D boxes
  [prediction] File: sweeper_predict/bin/AD002_JS_urban_20251113_161151_day_clear_lidar_1763021858200812101.bin

--- Frame 337 ---
  [ground_truth] Pub 20 boxes
Publishing 20 3D boxes
  [ground_truth] File: sweeper_gt/bin/AD002_JS_urban_20251113_161151_day_clear_lidar_1763021860200544119.bin
  [prediction] Pub 14 boxes
Publishing 14 3D boxes
  [prediction] File: sweeper_predict/bin/AD002_JS_urban_20251113_161151_day_clear_lidar_1763021860200544119.bin

--- Frame 338 ---
  [ground_truth] Pub 20 boxes
Publishing 20 3D boxes
  [ground_truth] File: sweeper_gt/bin/AD002_JS_urban_20251113_161151_day_clear_lidar_1763021862200614929.bin
  [prediction] Pub 14 boxes
Publishing 14 3D boxes
  [prediction] File: sweeper_predict/bin/AD002_JS_urban_20251113_161151_day_clear_lidar_1763021862200614929.bin

--- Frame 339 ---
  [ground_truth] Pub 20 boxes
Publishing 20 3D boxes
  [ground_truth] File: sweeper_gt/bin/AD002_JS_urban_20251113_161151_day_clear_lidar_1763021864200818062.bin
  [prediction] Pub 15 boxes
Publishing 15 3D boxes
  [prediction] File: sweeper_predict/bin/AD002_JS_urban_20251113_161151_day_clear_lidar_1763021864200818062.bin

--- Frame 340 ---
  [ground_truth] Pub 19 boxes
Publishing 19 3D boxes
  [ground_truth] File: sweeper_gt/bin/AD002_JS_urban_20251113_161151_day_clear_lidar_1763021866200525999.bin
  [prediction] Pub 16 boxes
Publishing 16 3D boxes
  [prediction] File: sweeper_predict/bin/AD002_JS_urban_20251113_161151_day_clear_lidar_1763021866200525999.bin

--- Frame 341 ---
  [ground_truth] Pub 17 boxes
Publishing 17 3D boxes
  [ground_truth] File: sweeper_gt/bin/AD002_JS_urban_20251113_161151_day_clear_lidar_1763021868200618029.bin
  [prediction] Pub 14 boxes
Publishing 14 3D boxes
  [prediction] File: sweeper_predict/bin/AD002_JS_urban_20251113_161151_day_clear_lidar_1763021868200618029.bin

--- Frame 342 ---
  [ground_truth] Pub 17 boxes
Publishing 17 3D boxes
  [ground_truth] File: sweeper_gt/bin/AD002_JS_urban_20251113_161151_day_clear_lidar_1763021870200778961.bin
  [prediction] Pub 13 boxes
Publishing 13 3D boxes
  [prediction] File: sweeper_predict/bin/AD002_JS_urban_20251113_161151_day_clear_lidar_1763021870200778961.bin

--- Frame 343 ---
  [ground_truth] Pub 18 boxes
Publishing 18 3D boxes
  [ground_truth] File: sweeper_gt/bin/AD002_JS_urban_20251113_161151_day_clear_lidar_1763021872400665045.bin
  [prediction] Pub 16 boxes
Publishing 16 3D boxes
  [prediction] File: sweeper_predict/bin/AD002_JS_urban_20251113_161151_day_clear_lidar_1763021872400665045.bin

--- Frame 344 ---
  [ground_truth] Pub 18 boxes
Publishing 18 3D boxes
  [ground_truth] File: sweeper_gt/bin/AD002_JS_urban_20251113_161151_day_clear_lidar_1763021874400777102.bin
  [prediction] Pub 19 boxes
Publishing 19 3D boxes
  [prediction] File: sweeper_predict/bin/AD002_JS_urban_20251113_161151_day_clear_lidar_1763021874400777102.bin

--- Frame 345 ---
  [ground_truth] Pub 19 boxes
Publishing 19 3D boxes
  [ground_truth] File: sweeper_gt/bin/AD002_JS_urban_20251113_161151_day_clear_lidar_1763021876400541067.bin
  [prediction] Pub 20 boxes
Publishing 20 3D boxes
  [prediction] File: sweeper_predict/bin/AD002_JS_urban_20251113_161151_day_clear_lidar_1763021876400541067.bin

--- Frame 346 ---
  [ground_truth] Pub 16 boxes
Publishing 16 3D boxes
  [ground_truth] File: sweeper_gt/bin/AD002_JS_urban_20251113_161151_day_clear_lidar_1763021878400650978.bin
  [prediction] Pub 17 boxes
Publishing 17 3D boxes
  [prediction] File: sweeper_predict/bin/AD002_JS_urban_20251113_161151_day_clear_lidar_1763021878400650978.bin

--- Frame 347 ---
  [ground_truth] Pub 16 boxes
Publishing 16 3D boxes
  [ground_truth] File: sweeper_gt/bin/AD002_JS_urban_20251113_161151_day_clear_lidar_1763021880400818110.bin
  [prediction] Pub 18 boxes
Publishing 18 3D boxes
  [prediction] File: sweeper_predict/bin/AD002_JS_urban_20251113_161151_day_clear_lidar_1763021880400818110.bin

--- Frame 348 ---
  [ground_truth] Pub 16 boxes
Publishing 16 3D boxes
  [ground_truth] File: sweeper_gt/bin/AD002_JS_urban_20251113_161151_day_clear_lidar_1763021882400533915.bin
  [prediction] Pub 17 boxes
Publishing 17 3D boxes
  [prediction] File: sweeper_predict/bin/AD002_JS_urban_20251113_161151_day_clear_lidar_1763021882400533915.bin

--- Frame 349 ---
  [ground_truth] Pub 16 boxes
Publishing 16 3D boxes
  [ground_truth] File: sweeper_gt/bin/AD002_JS_urban_20251113_161151_day_clear_lidar_1763021884400641918.bin
  [prediction] Pub 15 boxes
Publishing 15 3D boxes
  [prediction] File: sweeper_predict/bin/AD002_JS_urban_20251113_161151_day_clear_lidar_1763021884400641918.bin

--- Frame 350 ---
  [ground_truth] Pub 16 boxes
Publishing 16 3D boxes
  [ground_truth] File: sweeper_gt/bin/AD002_JS_urban_20251113_161151_day_clear_lidar_1763021886400794029.bin
  [prediction] Pub 19 boxes
Publishing 19 3D boxes
  [prediction] File: sweeper_predict/bin/AD002_JS_urban_20251113_161151_day_clear_lidar_1763021886400794029.bin

--- Frame 351 ---
  [ground_truth] Pub 16 boxes
Publishing 16 3D boxes
  [ground_truth] File: sweeper_gt/bin/AD002_JS_urban_20251113_161151_day_clear_lidar_1763021888400583982.bin
  [prediction] Pub 16 boxes
Publishing 16 3D boxes
  [prediction] File: sweeper_predict/bin/AD002_JS_urban_20251113_161151_day_clear_lidar_1763021888400583982.bin

--- Frame 352 ---
  [ground_truth] Pub 20 boxes
Publishing 20 3D boxes
  [ground_truth] File: sweeper_gt/bin/AD002_JS_urban_20251113_161151_day_clear_lidar_1763021890400615931.bin
  [prediction] Pub 17 boxes
Publishing 17 3D boxes
  [prediction] File: sweeper_predict/bin/AD002_JS_urban_20251113_161151_day_clear_lidar_1763021890400615931.bin

--- Frame 353 ---
  [ground_truth] Pub 20 boxes
Publishing 20 3D boxes
  [ground_truth] File: sweeper_gt/bin/AD002_JS_urban_20251113_161151_day_clear_lidar_1763021892100796938.bin
  [prediction] Pub 20 boxes
Publishing 20 3D boxes
  [prediction] File: sweeper_predict/bin/AD002_JS_urban_20251113_161151_day_clear_lidar_1763021892100796938.bin

--- Frame 354 ---
  [ground_truth] Pub 21 boxes
Publishing 21 3D boxes
  [ground_truth] File: sweeper_gt/bin/AD002_JS_urban_20251113_161151_day_clear_lidar_1763021894100532055.bin
  [prediction] Pub 18 boxes
Publishing 18 3D boxes
  [prediction] File: sweeper_predict/bin/AD002_JS_urban_20251113_161151_day_clear_lidar_1763021894100532055.bin

--- Frame 355 ---
  [ground_truth] Pub 20 boxes
Publishing 20 3D boxes
  [ground_truth] File: sweeper_gt/bin/AD002_JS_urban_20251113_161151_day_clear_lidar_1763021896100681067.bin
  [prediction] Pub 17 boxes
Publishing 17 3D boxes
  [prediction] File: sweeper_predict/bin/AD002_JS_urban_20251113_161151_day_clear_lidar_1763021896100681067.bin

--- Frame 356 ---
  [ground_truth] Pub 19 boxes
Publishing 19 3D boxes
  [ground_truth] File: sweeper_gt/bin/AD002_JS_urban_20251113_161151_day_clear_lidar_1763021898100775003.bin
  [prediction] Pub 14 boxes
Publishing 14 3D boxes
  [prediction] File: sweeper_predict/bin/AD002_JS_urban_20251113_161151_day_clear_lidar_1763021898100775003.bin

--- Frame 357 ---
  [ground_truth] Pub 18 boxes
Publishing 18 3D boxes
  [ground_truth] File: sweeper_gt/bin/AD002_JS_urban_20251113_161151_day_clear_lidar_1763021900100534916.bin
  [prediction] Pub 11 boxes
Publishing 11 3D boxes
  [prediction] File: sweeper_predict/bin/AD002_JS_urban_20251113_161151_day_clear_lidar_1763021900100534916.bin

--- Frame 358 ---
  [ground_truth] Pub 16 boxes
Publishing 16 3D boxes
  [ground_truth] File: sweeper_gt/bin/AD002_JS_urban_20251113_161151_day_clear_lidar_1763021902100621939.bin
  [prediction] Pub 14 boxes
Publishing 14 3D boxes
  [prediction] File: sweeper_predict/bin/AD002_JS_urban_20251113_161151_day_clear_lidar_1763021902100621939.bin

--- Frame 359 ---
  [ground_truth] Pub 15 boxes
Publishing 15 3D boxes
  [ground_truth] File: sweeper_gt/bin/AD002_JS_urban_20251113_161151_day_clear_lidar_1763021904100812912.bin
  [prediction] Pub 15 boxes
Publishing 15 3D boxes
  [prediction] File: sweeper_predict/bin/AD002_JS_urban_20251113_161151_day_clear_lidar_1763021904100812912.bin

--- Frame 360 ---
  [ground_truth] Pub 15 boxes
Publishing 15 3D boxes
  [ground_truth] File: sweeper_gt/bin/AD002_JS_urban_20251113_161151_day_clear_lidar_1763021906100548029.bin
  [prediction] Pub 12 boxes
Publishing 12 3D boxes
  [prediction] File: sweeper_predict/bin/AD002_JS_urban_20251113_161151_day_clear_lidar_1763021906100548029.bin

--- Frame 361 ---
  [ground_truth] Pub 15 boxes
Publishing 15 3D boxes
  [ground_truth] File: sweeper_gt/bin/AD002_JS_urban_20251113_161151_day_clear_lidar_1763021908100613117.bin
  [prediction] Pub 15 boxes
Publishing 15 3D boxes
  [prediction] File: sweeper_predict/bin/AD002_JS_urban_20251113_161151_day_clear_lidar_1763021908100613117.bin

--- Frame 362 ---
  [ground_truth] Pub 14 boxes
Publishing 14 3D boxes
  [ground_truth] File: sweeper_gt/bin/AD002_JS_urban_20251113_161151_day_clear_lidar_1763021910100786924.bin
  [prediction] Pub 13 boxes
Publishing 13 3D boxes
  [prediction] File: sweeper_predict/bin/AD002_JS_urban_20251113_161151_day_clear_lidar_1763021910100786924.bin

--- Frame 363 ---
  [ground_truth] Pub 13 boxes
Publishing 13 3D boxes
  [ground_truth] File: sweeper_gt/bin/AD002_JS_urban_20251113_161151_day_clear_lidar_1763021912100548029.bin
  [prediction] Pub 14 boxes
Publishing 14 3D boxes
  [prediction] File: sweeper_predict/bin/AD002_JS_urban_20251113_161151_day_clear_lidar_1763021912100548029.bin

--- Frame 364 ---
  [ground_truth] Pub 13 boxes
Publishing 13 3D boxes
  [ground_truth] File: sweeper_gt/bin/AD002_JS_urban_20251113_161151_day_clear_lidar_1763021914100641012.bin
  [prediction] Pub 12 boxes
Publishing 12 3D boxes
  [prediction] File: sweeper_predict/bin/AD002_JS_urban_20251113_161151_day_clear_lidar_1763021914100641012.bin

--- Frame 365 ---
  [ground_truth] Pub 13 boxes
Publishing 13 3D boxes
  [ground_truth] File: sweeper_gt/bin/AD002_JS_urban_20251113_161151_day_clear_lidar_1763021916100810051.bin
  [prediction] Pub 13 boxes
Publishing 13 3D boxes
  [prediction] File: sweeper_predict/bin/AD002_JS_urban_20251113_161151_day_clear_lidar_1763021916100810051.bin

--- Frame 366 ---
  [ground_truth] Pub 13 boxes
Publishing 13 3D boxes
  [ground_truth] File: sweeper_gt/bin/AD002_JS_urban_20251113_161151_day_clear_lidar_1763021918100497961.bin
  [prediction] Pub 14 boxes
Publishing 14 3D boxes
  [prediction] File: sweeper_predict/bin/AD002_JS_urban_20251113_161151_day_clear_lidar_1763021918100497961.bin

--- Frame 367 ---
  [ground_truth] Pub 13 boxes
Publishing 13 3D boxes
  [ground_truth] File: sweeper_gt/bin/AD002_JS_urban_20251113_161151_day_clear_lidar_1763021920100645065.bin
  [prediction] Pub 13 boxes
Publishing 13 3D boxes
  [prediction] File: sweeper_predict/bin/AD002_JS_urban_20251113_161151_day_clear_lidar_1763021920100645065.bin

--- Frame 368 ---
  [ground_truth] Pub 13 boxes
Publishing 13 3D boxes
  [ground_truth] File: sweeper_gt/bin/AD002_JS_urban_20251113_161151_day_clear_lidar_1763021922100811958.bin
  [prediction] Pub 14 boxes
Publishing 14 3D boxes
  [prediction] File: sweeper_predict/bin/AD002_JS_urban_20251113_161151_day_clear_lidar_1763021922100811958.bin

--- Frame 369 ---
  [ground_truth] Pub 13 boxes
Publishing 13 3D boxes
  [ground_truth] File: sweeper_gt/bin/AD002_JS_urban_20251113_161151_day_clear_lidar_1763021924100565910.bin
  [prediction] Pub 13 boxes
Publishing 13 3D boxes
  [prediction] File: sweeper_predict/bin/AD002_JS_urban_20251113_161151_day_clear_lidar_1763021924100565910.bin

--- Frame 370 ---
  [ground_truth] Pub 14 boxes
Publishing 14 3D boxes
  [ground_truth] File: sweeper_gt/bin/AD002_JS_urban_20251113_161151_day_clear_lidar_1763021926100636005.bin
  [prediction] Pub 13 boxes
Publishing 13 3D boxes
  [prediction] File: sweeper_predict/bin/AD002_JS_urban_20251113_161151_day_clear_lidar_1763021926100636005.bin

--- Frame 371 ---
  [ground_truth] Pub 14 boxes
Publishing 14 3D boxes
  [ground_truth] File: sweeper_gt/bin/AD002_JS_urban_20251113_161151_day_clear_lidar_1763021928100815058.bin
  [prediction] Pub 13 boxes
Publishing 13 3D boxes
  [prediction] File: sweeper_predict/bin/AD002_JS_urban_20251113_161151_day_clear_lidar_1763021928100815058.bin

--- Frame 372 ---
  [ground_truth] Pub 14 boxes
Publishing 14 3D boxes
  [ground_truth] File: sweeper_gt/bin/AD002_JS_urban_20251113_161151_day_clear_lidar_1763021930100531101.bin
  [prediction] Pub 12 boxes
Publishing 12 3D boxes
  [prediction] File: sweeper_predict/bin/AD002_JS_urban_20251113_161151_day_clear_lidar_1763021930100531101.bin

--- Frame 373 ---
  [ground_truth] Pub 12 boxes
Publishing 12 3D boxes
  [ground_truth] File: sweeper_gt/bin/AD002_JS_urban_20251113_161151_day_clear_lidar_1763021936200781107.bin
  [prediction] Pub 12 boxes
Publishing 12 3D boxes
  [prediction] File: sweeper_predict/bin/AD002_JS_urban_20251113_161151_day_clear_lidar_1763021936200781107.bin

--- Frame 374 ---
  [ground_truth] Pub 12 boxes
Publishing 12 3D boxes
  [ground_truth] File: sweeper_gt/bin/AD002_JS_urban_20251113_161151_day_clear_lidar_1763021938200517893.bin
  [prediction] Pub 14 boxes
Publishing 14 3D boxes
  [prediction] File: sweeper_predict/bin/AD002_JS_urban_20251113_161151_day_clear_lidar_1763021938200517893.bin

--- Frame 375 ---
  [ground_truth] Pub 11 boxes
Publishing 11 3D boxes
  [ground_truth] File: sweeper_gt/bin/AD002_JS_urban_20251113_161151_day_clear_lidar_1763021940200651884.bin
  [prediction] Pub 10 boxes
Publishing 10 3D boxes
  [prediction] File: sweeper_predict/bin/AD002_JS_urban_20251113_161151_day_clear_lidar_1763021940200651884.bin

--- Frame 376 ---
  [ground_truth] Pub 9 boxes
Publishing 9 3D boxes
  [ground_truth] File: sweeper_gt/bin/AD002_JS_urban_20251113_161151_day_clear_lidar_1763021942200803995.bin
  [prediction] Pub 9 boxes
Publishing 9 3D boxes
  [prediction] File: sweeper_predict/bin/AD002_JS_urban_20251113_161151_day_clear_lidar_1763021942200803995.bin

--- Frame 377 ---
  [ground_truth] Pub 10 boxes
Publishing 10 3D boxes
  [ground_truth] File: sweeper_gt/bin/AD002_JS_urban_20251113_161151_day_clear_lidar_1763021944200509071.bin
  [prediction] Pub 8 boxes
Publishing 8 3D boxes
  [prediction] File: sweeper_predict/bin/AD002_JS_urban_20251113_161151_day_clear_lidar_1763021944200509071.bin

--- Frame 378 ---
  [ground_truth] Pub 11 boxes
Publishing 11 3D boxes
  [ground_truth] File: sweeper_gt/bin/AD002_JS_urban_20251113_161151_day_clear_lidar_1763021946200625896.bin
  [prediction] Pub 8 boxes
Publishing 8 3D boxes
  [prediction] File: sweeper_predict/bin/AD002_JS_urban_20251113_161151_day_clear_lidar_1763021946200625896.bin

--- Frame 379 ---
  [ground_truth] Pub 10 boxes
Publishing 10 3D boxes
  [ground_truth] File: sweeper_gt/bin/AD002_JS_urban_20251113_161151_day_clear_lidar_1763021948200834990.bin
  [prediction] Pub 11 boxes
Publishing 11 3D boxes
  [prediction] File: sweeper_predict/bin/AD002_JS_urban_20251113_161151_day_clear_lidar_1763021948200834990.bin

--- Frame 380 ---
  [ground_truth] Pub 11 boxes
Publishing 11 3D boxes
  [ground_truth] File: sweeper_gt/bin/AD002_JS_urban_20251113_161151_day_clear_lidar_1763021950200501919.bin
  [prediction] Pub 9 boxes
Publishing 9 3D boxes
  [prediction] File: sweeper_predict/bin/AD002_JS_urban_20251113_161151_day_clear_lidar_1763021950200501919.bin

--- Frame 381 ---
  [ground_truth] Pub 31 boxes
Publishing 31 3D boxes
  [ground_truth] File: sweeper_gt/bin/AD002_JS_urban_20251113_161151_day_clear_lidar_1763022012100806952.bin
  [prediction] Pub 24 boxes
Publishing 24 3D boxes
  [prediction] File: sweeper_predict/bin/AD002_JS_urban_20251113_161151_day_clear_lidar_1763022012100806952.bin

--- Frame 382 ---
  [ground_truth] Pub 31 boxes
Publishing 31 3D boxes
  [ground_truth] File: sweeper_gt/bin/AD002_JS_urban_20251113_161151_day_clear_lidar_1763022014100523949.bin
  [prediction] Pub 26 boxes
Publishing 26 3D boxes
  [prediction] File: sweeper_predict/bin/AD002_JS_urban_20251113_161151_day_clear_lidar_1763022014100523949.bin

--- Frame 383 ---
  [ground_truth] Pub 33 boxes
Publishing 33 3D boxes
  [ground_truth] File: sweeper_gt/bin/AD002_JS_urban_20251113_161151_day_clear_lidar_1763022016100675106.bin
  [prediction] Pub 23 boxes
Publishing 23 3D boxes
  [prediction] File: sweeper_predict/bin/AD002_JS_urban_20251113_161151_day_clear_lidar_1763022016100675106.bin

--- Frame 384 ---
  [ground_truth] Pub 32 boxes
Publishing 32 3D boxes
  [ground_truth] File: sweeper_gt/bin/AD002_JS_urban_20251113_161151_day_clear_lidar_1763022018100791931.bin
  [prediction] Pub 19 boxes
Publishing 19 3D boxes
  [prediction] File: sweeper_predict/bin/AD002_JS_urban_20251113_161151_day_clear_lidar_1763022018100791931.bin

--- Frame 385 ---
  [ground_truth] Pub 30 boxes
Publishing 30 3D boxes
  [ground_truth] File: sweeper_gt/bin/AD002_JS_urban_20251113_161151_day_clear_lidar_1763022020100536108.bin
  [prediction] Pub 17 boxes
Publishing 17 3D boxes
  [prediction] File: sweeper_predict/bin/AD002_JS_urban_20251113_161151_day_clear_lidar_1763022020100536108.bin

--- Frame 386 ---
  [ground_truth] Pub 27 boxes
Publishing 27 3D boxes
  [ground_truth] File: sweeper_gt/bin/AD002_JS_urban_20251113_161151_day_clear_lidar_1763022022100636005.bin
  [prediction] Pub 21 boxes
Publishing 21 3D boxes
  [prediction] File: sweeper_predict/bin/AD002_JS_urban_20251113_161151_day_clear_lidar_1763022022100636005.bin

--- Frame 387 ---
  [ground_truth] Pub 23 boxes
Publishing 23 3D boxes
  [ground_truth] File: sweeper_gt/bin/AD002_JS_urban_20251113_161151_day_clear_lidar_1763022024100783110.bin
  [prediction] Pub 19 boxes
Publishing 19 3D boxes
  [prediction] File: sweeper_predict/bin/AD002_JS_urban_20251113_161151_day_clear_lidar_1763022024100783110.bin

--- Frame 388 ---
  [ground_truth] Pub 21 boxes
Publishing 21 3D boxes
  [ground_truth] File: sweeper_gt/bin/AD002_JS_urban_20251113_161151_day_clear_lidar_1763022026100516081.bin
  [prediction] Pub 19 boxes
Publishing 19 3D boxes
  [prediction] File: sweeper_predict/bin/AD002_JS_urban_20251113_161151_day_clear_lidar_1763022026100516081.bin

--- Frame 389 ---
  [ground_truth] Pub 20 boxes
Publishing 20 3D boxes
  [ground_truth] File: sweeper_gt/bin/AD002_JS_urban_20251113_161151_day_clear_lidar_1763022028100658894.bin
  [prediction] Pub 16 boxes
Publishing 16 3D boxes
  [prediction] File: sweeper_predict/bin/AD002_JS_urban_20251113_161151_day_clear_lidar_1763022028100658894.bin

--- Frame 390 ---
  [ground_truth] Pub 19 boxes
Publishing 19 3D boxes
  [ground_truth] File: sweeper_gt/bin/AD002_JS_urban_20251113_161151_day_clear_lidar_1763022030100804090.bin
  [prediction] Pub 19 boxes
Publishing 19 3D boxes
  [prediction] File: sweeper_predict/bin/AD002_JS_urban_20251113_161151_day_clear_lidar_1763022030100804090.bin

--- Frame 391 ---
  [ground_truth] Pub 20 boxes
Publishing 20 3D boxes
  [ground_truth] File: sweeper_gt/bin/AD002_JS_urban_20251113_161151_day_clear_lidar_1763022032100506067.bin
  [prediction] Pub 17 boxes
Publishing 17 3D boxes
  [prediction] File: sweeper_predict/bin/AD002_JS_urban_20251113_161151_day_clear_lidar_1763022032100506067.bin

--- Frame 392 ---
  [ground_truth] Pub 19 boxes
Publishing 19 3D boxes
  [ground_truth] File: sweeper_gt/bin/AD002_JS_urban_20251113_161151_day_clear_lidar_1763022034100639105.bin
  [prediction] Pub 18 boxes
Publishing 18 3D boxes
  [prediction] File: sweeper_predict/bin/AD002_JS_urban_20251113_161151_day_clear_lidar_1763022034100639105.bin

--- Frame 393 ---
  [ground_truth] Pub 21 boxes
Publishing 21 3D boxes
  [ground_truth] File: sweeper_gt/bin/AD002_JS_urban_20251113_161151_day_clear_lidar_1763022036100784063.bin
  [prediction] Pub 18 boxes
Publishing 18 3D boxes
  [prediction] File: sweeper_predict/bin/AD002_JS_urban_20251113_161151_day_clear_lidar_1763022036100784063.bin

--- Frame 394 ---
  [ground_truth] Pub 20 boxes
Publishing 20 3D boxes
  [ground_truth] File: sweeper_gt/bin/AD002_JS_urban_20251113_161151_day_clear_lidar_1763022038100539923.bin
  [prediction] Pub 21 boxes
Publishing 21 3D boxes
  [prediction] File: sweeper_predict/bin/AD002_JS_urban_20251113_161151_day_clear_lidar_1763022038100539923.bin

--- Frame 395 ---
  [ground_truth] Pub 20 boxes
Publishing 20 3D boxes
  [ground_truth] File: sweeper_gt/bin/AD002_JS_urban_20251113_161151_day_clear_lidar_1763022040100646973.bin
  [prediction] Pub 19 boxes
Publishing 19 3D boxes
  [prediction] File: sweeper_predict/bin/AD002_JS_urban_20251113_161151_day_clear_lidar_1763022040100646973.bin

--- Frame 396 ---
  [ground_truth] Pub 20 boxes
Publishing 20 3D boxes
  [ground_truth] File: sweeper_gt/bin/AD002_JS_urban_20251113_161151_day_clear_lidar_1763022042100857019.bin
  [prediction] Pub 20 boxes
Publishing 20 3D boxes
  [prediction] File: sweeper_predict/bin/AD002_JS_urban_20251113_161151_day_clear_lidar_1763022042100857019.bin

--- Frame 397 ---
  [ground_truth] Pub 20 boxes
Publishing 20 3D boxes
  [ground_truth] File: sweeper_gt/bin/AD002_JS_urban_20251113_161151_day_clear_lidar_1763022044100505114.bin
  [prediction] Pub 21 boxes
Publishing 21 3D boxes
  [prediction] File: sweeper_predict/bin/AD002_JS_urban_20251113_161151_day_clear_lidar_1763022044100505114.bin

--- Frame 398 ---
  [ground_truth] Pub 17 boxes
Publishing 17 3D boxes
  [ground_truth] File: sweeper_gt/bin/AD002_JS_urban_20251113_161151_day_clear_lidar_1763022046100632906.bin
  [prediction] Pub 21 boxes
Publishing 21 3D boxes
  [prediction] File: sweeper_predict/bin/AD002_JS_urban_20251113_161151_day_clear_lidar_1763022046100632906.bin

--- Frame 399 ---
  [ground_truth] Pub 30 boxes
Publishing 30 3D boxes
  [ground_truth] File: sweeper_gt/bin/AD002_JS_urban_20251113_161151_day_clear_lidar_1763022048100807905.bin
  [prediction] Pub 20 boxes
Publishing 20 3D boxes
  [prediction] File: sweeper_predict/bin/AD002_JS_urban_20251113_161151_day_clear_lidar_1763022048100807905.bin

--- Frame 400 ---
  [ground_truth] Pub 31 boxes
Publishing 31 3D boxes
  [ground_truth] File: sweeper_gt/bin/AD002_JS_urban_20251113_161151_day_clear_lidar_1763022050100526094.bin
  [prediction] Pub 22 boxes
Publishing 22 3D boxes
  [prediction] File: sweeper_predict/bin/AD002_JS_urban_20251113_161151_day_clear_lidar_1763022050100526094.bin

--- Frame 401 ---
  [ground_truth] Pub 31 boxes
Publishing 31 3D boxes
  [ground_truth] File: sweeper_gt/bin/AD002_JS_urban_20251113_161151_day_clear_lidar_1763022052100671053.bin
  [prediction] Pub 23 boxes
Publishing 23 3D boxes
  [prediction] File: sweeper_predict/bin/AD002_JS_urban_20251113_161151_day_clear_lidar_1763022052100671053.bin

--- Frame 402 ---
  [ground_truth] Pub 20 boxes
Publishing 20 3D boxes
  [ground_truth] File: sweeper_gt/bin/AD002_JS_urban_20251113_161151_day_clear_lidar_1763022054100805998.bin
  [prediction] Pub 15 boxes
Publishing 15 3D boxes
  [prediction] File: sweeper_predict/bin/AD002_JS_urban_20251113_161151_day_clear_lidar_1763022054100805998.bin

--- Frame 403 ---
  [ground_truth] Pub 30 boxes
Publishing 30 3D boxes
  [ground_truth] File: sweeper_gt/bin/AD002_JS_urban_20251113_161151_day_clear_lidar_1763022056100528955.bin
  [prediction] Pub 24 boxes
Publishing 24 3D boxes
  [prediction] File: sweeper_predict/bin/AD002_JS_urban_20251113_161151_day_clear_lidar_1763022056100528955.bin

--- Frame 404 ---
  [ground_truth] Pub 28 boxes
Publishing 28 3D boxes
  [ground_truth] File: sweeper_gt/bin/AD002_JS_urban_20251113_161151_day_clear_lidar_1763022058100610018.bin
  [prediction] Pub 15 boxes
Publishing 15 3D boxes
  [prediction] File: sweeper_predict/bin/AD002_JS_urban_20251113_161151_day_clear_lidar_1763022058100610018.bin

--- Frame 405 ---
  [ground_truth] Pub 11 boxes
Publishing 11 3D boxes
  [ground_truth] File: sweeper_gt/bin/AD002_JS_urban_20251113_161151_day_clear_lidar_1763022060100826979.bin
  [prediction] Pub 15 boxes
Publishing 15 3D boxes
  [prediction] File: sweeper_predict/bin/AD002_JS_urban_20251113_161151_day_clear_lidar_1763022060100826979.bin

--- Frame 406 ---
  [ground_truth] Pub 10 boxes
Publishing 10 3D boxes
  [ground_truth] File: sweeper_gt/bin/AD002_JS_urban_20251113_161151_day_clear_lidar_1763022062100487947.bin
  [prediction] Pub 15 boxes
Publishing 15 3D boxes
  [prediction] File: sweeper_predict/bin/AD002_JS_urban_20251113_161151_day_clear_lidar_1763022062100487947.bin

--- Frame 407 ---
  [ground_truth] Pub 10 boxes
Publishing 10 3D boxes
  [ground_truth] File: sweeper_gt/bin/AD002_JS_urban_20251113_161151_day_clear_lidar_1763022064100636959.bin
  [prediction] Pub 14 boxes
Publishing 14 3D boxes
  [prediction] File: sweeper_predict/bin/AD002_JS_urban_20251113_161151_day_clear_lidar_1763022064100636959.bin

--- Frame 408 ---
  [ground_truth] Pub 9 boxes
Publishing 9 3D boxes
  [ground_truth] File: sweeper_gt/bin/AD002_JS_urban_20251113_161151_day_clear_lidar_1763022066100789070.bin
  [prediction] Pub 10 boxes
Publishing 10 3D boxes
  [prediction] File: sweeper_predict/bin/AD002_JS_urban_20251113_161151_day_clear_lidar_1763022066100789070.bin

--- Frame 409 ---
  [ground_truth] Pub 10 boxes
Publishing 10 3D boxes
  [ground_truth] File: sweeper_gt/bin/AD002_JS_urban_20251113_161151_day_clear_lidar_1763022068100543976.bin
  [prediction] Pub 12 boxes
Publishing 12 3D boxes
  [prediction] File: sweeper_predict/bin/AD002_JS_urban_20251113_161151_day_clear_lidar_1763022068100543976.bin

--- Frame 410 ---
  [ground_truth] Pub 12 boxes
Publishing 12 3D boxes
  [ground_truth] File: sweeper_gt/bin/AD002_JS_urban_20251113_161151_day_clear_lidar_1763022070100651026.bin
  [prediction] Pub 14 boxes
Publishing 14 3D boxes
  [prediction] File: sweeper_predict/bin/AD002_JS_urban_20251113_161151_day_clear_lidar_1763022070100651026.bin

--- Frame 411 ---
  [ground_truth] Pub 19 boxes
Publishing 19 3D boxes
  [ground_truth] File: sweeper_gt/bin/AD002_JS_urban_20251113_161151_day_clear_lidar_1763022072100835085.bin
  [prediction] Pub 20 boxes
Publishing 20 3D boxes
  [prediction] File: sweeper_predict/bin/AD002_JS_urban_20251113_161151_day_clear_lidar_1763022072100835085.bin

--- Frame 412 ---
  [ground_truth] Pub 19 boxes
Publishing 19 3D boxes
  [ground_truth] File: sweeper_gt/bin/AD002_JS_urban_20251113_161151_day_clear_lidar_1763022074100559950.bin
  [prediction] Pub 21 boxes
Publishing 21 3D boxes
  [prediction] File: sweeper_predict/bin/AD002_JS_urban_20251113_161151_day_clear_lidar_1763022074100559950.bin

--- Frame 412 ---
  [ground_truth] Pub 19 boxes
Publishing 19 3D boxes
  [ground_truth] File: sweeper_gt/bin/AD002_JS_urban_20251113_161151_day_clear_lidar_1763022074100559950.bin
  [prediction] Pub 21 boxes
Publishing 21 3D boxes
  [prediction] File: sweeper_predict/bin/AD002_JS_urban_20251113_161151_day_clear_lidar_1763022074100559950.bin

--- Frame 413 ---
  [ground_truth] Pub 19 boxes
Publishing 19 3D boxes
  [ground_truth] File: sweeper_gt/bin/AD002_JS_urban_20251113_161151_day_clear_lidar_1763022076100651026.bin
  [prediction] Pub 18 boxes
Publishing 18 3D boxes
  [prediction] File: sweeper_predict/bin/AD002_JS_urban_20251113_161151_day_clear_lidar_1763022076100651026.bin

--- Frame 414 ---
  [ground_truth] Pub 19 boxes
Publishing 19 3D boxes
  [ground_truth] File: sweeper_gt/bin/AD002_JS_urban_20251113_161151_day_clear_lidar_1763022078100862026.bin
  [prediction] Pub 16 boxes
Publishing 16 3D boxes
  [prediction] File: sweeper_predict/bin/AD002_JS_urban_20251113_161151_day_clear_lidar_1763022078100862026.bin

--- Frame 415 ---
  [ground_truth] Pub 18 boxes
Publishing 18 3D boxes
  [ground_truth] File: sweeper_gt/bin/AD002_JS_urban_20251113_161151_day_clear_lidar_1763022080100533009.bin
  [prediction] Pub 18 boxes
Publishing 18 3D boxes
  [prediction] File: sweeper_predict/bin/AD002_JS_urban_20251113_161151_day_clear_lidar_1763022080100533009.bin

--- Frame 416 ---
  [ground_truth] Pub 16 boxes
Publishing 16 3D boxes
  [ground_truth] File: sweeper_gt/bin/AD002_JS_urban_20251113_161151_day_clear_lidar_1763022082100630999.bin
  [prediction] Pub 13 boxes
Publishing 13 3D boxes
  [prediction] File: sweeper_predict/bin/AD002_JS_urban_20251113_161151_day_clear_lidar_1763022082100630999.bin

--- Frame 417 ---
  [ground_truth] Pub 34 boxes
Publishing 34 3D boxes
  [ground_truth] File: sweeper_gt/bin/AD002_JS_urban_20251113_161151_day_clear_lidar_1763022084100734949.bin
  [prediction] Pub 14 boxes
Publishing 14 3D boxes
  [prediction] File: sweeper_predict/bin/AD002_JS_urban_20251113_161151_day_clear_lidar_1763022084100734949.bin

--- Frame 418 ---
  [ground_truth] Pub 32 boxes
Publishing 32 3D boxes
  [ground_truth] File: sweeper_gt/bin/AD002_JS_urban_20251113_161151_day_clear_lidar_1763022086100553989.bin
  [prediction] Pub 13 boxes
Publishing 13 3D boxes
  [prediction] File: sweeper_predict/bin/AD002_JS_urban_20251113_161151_day_clear_lidar_1763022086100553989.bin

--- Frame 419 ---
  [ground_truth] Pub 35 boxes
Publishing 35 3D boxes
  [ground_truth] File: sweeper_gt/bin/AD002_JS_urban_20251113_161151_day_clear_lidar_1763022088100622892.bin
  [prediction] Pub 11 boxes
Publishing 11 3D boxes
  [prediction] File: sweeper_predict/bin/AD002_JS_urban_20251113_161151_day_clear_lidar_1763022088100622892.bin

--- Frame 420 ---
  [ground_truth] Pub 36 boxes
Publishing 36 3D boxes
  [ground_truth] File: sweeper_gt/bin/AD002_JS_urban_20251113_161151_day_clear_lidar_1763022090100773096.bin
  [prediction] Pub 12 boxes
Publishing 12 3D boxes
  [prediction] File: sweeper_predict/bin/AD002_JS_urban_20251113_161151_day_clear_lidar_1763022090100773096.bin

--- Frame 421 ---
  [ground_truth] Pub 32 boxes
Publishing 32 3D boxes
  [ground_truth] File: sweeper_gt/bin/AD002_JS_urban_20251113_161151_day_clear_lidar_1763022092100545883.bin
  [prediction] Pub 13 boxes
Publishing 13 3D boxes
  [prediction] File: sweeper_predict/bin/AD002_JS_urban_20251113_161151_day_clear_lidar_1763022092100545883.bin

--- Frame 422 ---
  [ground_truth] Pub 33 boxes
Publishing 33 3D boxes
  [ground_truth] File: sweeper_gt/bin/AD002_JS_urban_20251113_161151_day_clear_lidar_1763022094100642920.bin
  [prediction] Pub 10 boxes
Publishing 10 3D boxes
  [prediction] File: sweeper_predict/bin/AD002_JS_urban_20251113_161151_day_clear_lidar_1763022094100642920.bin

--- Frame 423 ---
  [ground_truth] Pub 5 boxes
Publishing 5 3D boxes
  [ground_truth] File: sweeper_gt/bin/AD002_JS_urban_20251113_161151_day_clear_lidar_1763022096100781918.bin
  [prediction] Pub 10 boxes
Publishing 10 3D boxes
  [prediction] File: sweeper_predict/bin/AD002_JS_urban_20251113_161151_day_clear_lidar_1763022096100781918.bin

--- Frame 424 ---
  [ground_truth] Pub 5 boxes
Publishing 5 3D boxes
  [ground_truth] File: sweeper_gt/bin/AD002_JS_urban_20251113_161151_day_clear_lidar_1763022098100549936.bin
  [prediction] Pub 13 boxes
Publishing 13 3D boxes
  [prediction] File: sweeper_predict/bin/AD002_JS_urban_20251113_161151_day_clear_lidar_1763022098100549936.bin

--- Frame 425 ---
  [ground_truth] Pub 6 boxes
Publishing 6 3D boxes
  [ground_truth] File: sweeper_gt/bin/AD002_JS_urban_20251113_161151_day_clear_lidar_1763022100100656986.bin
  [prediction] Pub 9 boxes
Publishing 9 3D boxes
  [prediction] File: sweeper_predict/bin/AD002_JS_urban_20251113_161151_day_clear_lidar_1763022100100656986.bin

--- Frame 426 ---
  [ground_truth] Pub 7 boxes
Publishing 7 3D boxes
  [ground_truth] File: sweeper_gt/bin/AD002_JS_urban_20251113_161151_day_clear_lidar_1763022102100835085.bin
  [prediction] Pub 12 boxes
Publishing 12 3D boxes
  [prediction] File: sweeper_predict/bin/AD002_JS_urban_20251113_161151_day_clear_lidar_1763022102100835085.bin

--- Frame 427 ---
  [ground_truth] Pub 7 boxes
Publishing 7 3D boxes
  [ground_truth] File: sweeper_gt/bin/AD002_JS_urban_20251113_161151_day_clear_lidar_1763022104100485086.bin
  [prediction] Pub 11 boxes
Publishing 11 3D boxes
  [prediction] File: sweeper_predict/bin/AD002_JS_urban_20251113_161151_day_clear_lidar_1763022104100485086.bin

--- Frame 428 ---
  [ground_truth] Pub 6 boxes
Publishing 6 3D boxes
  [ground_truth] File: sweeper_gt/bin/AD002_JS_urban_20251113_161151_day_clear_lidar_1763022106100636005.bin
  [prediction] Pub 14 boxes
Publishing 14 3D boxes
  [prediction] File: sweeper_predict/bin/AD002_JS_urban_20251113_161151_day_clear_lidar_1763022106100636005.bin

--- Frame 429 ---
  [ground_truth] Pub 30 boxes
Publishing 30 3D boxes
  [ground_truth] File: sweeper_gt/bin/AD002_JS_urban_20251113_161151_day_clear_lidar_1763022108100800991.bin
  [prediction] Pub 10 boxes
Publishing 10 3D boxes
  [prediction] File: sweeper_predict/bin/AD002_JS_urban_20251113_161151_day_clear_lidar_1763022108100800991.bin

--- Frame 430 ---
  [ground_truth] Pub 26 boxes
Publishing 26 3D boxes
  [ground_truth] File: sweeper_gt/bin/AD002_JS_urban_20251113_161151_day_clear_lidar_1763022110100522995.bin
  [prediction] Pub 11 boxes
Publishing 11 3D boxes
  [prediction] File: sweeper_predict/bin/AD002_JS_urban_20251113_161151_day_clear_lidar_1763022110100522995.bin

--- Frame 431 ---
  [ground_truth] Pub 13 boxes
Publishing 13 3D boxes
  [ground_truth] File: sweeper_gt/bin/AD002_JS_urban_20251113_161151_day_clear_lidar_1763022112100647926.bin
  [prediction] Pub 6 boxes
Publishing 6 3D boxes
  [prediction] File: sweeper_predict/bin/AD002_JS_urban_20251113_161151_day_clear_lidar_1763022112100647926.bin

--- Frame 432 ---
  [ground_truth] Pub 27 boxes
Publishing 27 3D boxes
  [ground_truth] File: sweeper_gt/bin/AD002_JS_urban_20251113_161151_day_clear_lidar_1763022114100807905.bin
  [prediction] Pub 11 boxes
Publishing 11 3D boxes
  [prediction] File: sweeper_predict/bin/AD002_JS_urban_20251113_161151_day_clear_lidar_1763022114100807905.bin

--- Frame 433 ---
  [ground_truth] Pub 26 boxes
Publishing 26 3D boxes
  [ground_truth] File: sweeper_gt/bin/AD002_JS_urban_20251113_161151_day_clear_lidar_1763022116100508928.bin
  [prediction] Pub 13 boxes
Publishing 13 3D boxes
  [prediction] File: sweeper_predict/bin/AD002_JS_urban_20251113_161151_day_clear_lidar_1763022116100508928.bin

--- Frame 434 ---
  [ground_truth] Pub 24 boxes
Publishing 24 3D boxes
  [ground_truth] File: sweeper_gt/bin/AD002_JS_urban_20251113_161151_day_clear_lidar_1763022118100636005.bin
  [prediction] Pub 13 boxes
Publishing 13 3D boxes
  [prediction] File: sweeper_predict/bin/AD002_JS_urban_20251113_161151_day_clear_lidar_1763022118100636005.bin

--- Frame 435 ---
  [ground_truth] Pub 14 boxes
Publishing 14 3D boxes
  [ground_truth] File: sweeper_gt/bin/AD002_JS_urban_20251113_161151_day_clear_lidar_1763022120100810051.bin
  [prediction] Pub 15 boxes
Publishing 15 3D boxes
  [prediction] File: sweeper_predict/bin/AD002_JS_urban_20251113_161151_day_clear_lidar_1763022120100810051.bin

--- Frame 436 ---
  [ground_truth] Pub 16 boxes
Publishing 16 3D boxes
  [ground_truth] File: sweeper_gt/bin/AD002_JS_urban_20251113_161151_day_clear_lidar_1763022122100548983.bin
  [prediction] Pub 18 boxes
Publishing 18 3D boxes
  [prediction] File: sweeper_predict/bin/AD002_JS_urban_20251113_161151_day_clear_lidar_1763022122100548983.bin

--- Frame 437 ---
  [ground_truth] Pub 17 boxes
Publishing 17 3D boxes
  [ground_truth] File: sweeper_gt/bin/AD002_JS_urban_20251113_161151_day_clear_lidar_1763022124100614071.bin
  [prediction] Pub 13 boxes
Publishing 13 3D boxes
  [prediction] File: sweeper_predict/bin/AD002_JS_urban_20251113_161151_day_clear_lidar_1763022124100614071.bin

--- Frame 438 ---
  [ground_truth] Pub 10 boxes
Publishing 10 3D boxes
  [ground_truth] File: sweeper_gt/bin/AD002_JS_urban_20251113_161151_day_clear_lidar_1763022126100773096.bin
  [prediction] Pub 8 boxes
Publishing 8 3D boxes
  [prediction] File: sweeper_predict/bin/AD002_JS_urban_20251113_161151_day_clear_lidar_1763022126100773096.bin

--- Frame 439 ---
  [ground_truth] Pub 17 boxes
Publishing 17 3D boxes
  [ground_truth] File: sweeper_gt/bin/AD002_JS_urban_20251113_161151_day_clear_lidar_1763022128100542068.bin
  [prediction] Pub 14 boxes
Publishing 14 3D boxes
  [prediction] File: sweeper_predict/bin/AD002_JS_urban_20251113_161151_day_clear_lidar_1763022128100542068.bin

--- Frame 440 ---
  [ground_truth] Pub 15 boxes
Publishing 15 3D boxes
  [ground_truth] File: sweeper_gt/bin/AD002_JS_urban_20251113_161151_day_clear_lidar_1763022130100681067.bin
  [prediction] Pub 11 boxes
Publishing 11 3D boxes
  [prediction] File: sweeper_predict/bin/AD002_JS_urban_20251113_161151_day_clear_lidar_1763022130100681067.bin

--- Frame 441 ---
  [ground_truth] Pub 7 boxes
Publishing 7 3D boxes
  [ground_truth] File: sweeper_gt/bin/AD002_JS_urban_20251113_161151_day_clear_lidar_1763022132100810051.bin
  [prediction] Pub 10 boxes
Publishing 10 3D boxes
  [prediction] File: sweeper_predict/bin/AD002_JS_urban_20251113_161151_day_clear_lidar_1763022132100810051.bin

--- Frame 442 ---
  [ground_truth] Pub 8 boxes
Publishing 8 3D boxes
  [ground_truth] File: sweeper_gt/bin/AD002_JS_urban_20251113_161151_day_clear_lidar_1763022134100537062.bin
  [prediction] Pub 14 boxes
Publishing 14 3D boxes
  [prediction] File: sweeper_predict/bin/AD002_JS_urban_20251113_161151_day_clear_lidar_1763022134100537062.bin

--- Frame 443 ---
  [ground_truth] Pub 8 boxes
Publishing 8 3D boxes
  [ground_truth] File: sweeper_gt/bin/AD002_JS_urban_20251113_161151_day_clear_lidar_1763022136100652933.bin
  [prediction] Pub 15 boxes
Publishing 15 3D boxes
  [prediction] File: sweeper_predict/bin/AD002_JS_urban_20251113_161151_day_clear_lidar_1763022136100652933.bin

--- Frame 444 ---
  [ground_truth] Pub 9 boxes
Publishing 9 3D boxes
  [ground_truth] File: sweeper_gt/bin/AD002_JS_urban_20251113_161151_day_clear_lidar_1763022138100869894.bin
  [prediction] Pub 17 boxes
Publishing 17 3D boxes
  [prediction] File: sweeper_predict/bin/AD002_JS_urban_20251113_161151_day_clear_lidar_1763022138100869894.bin

--- Frame 445 ---
  [ground_truth] Pub 10 boxes
Publishing 10 3D boxes
  [ground_truth] File: sweeper_gt/bin/AD002_JS_urban_20251113_161151_day_clear_lidar_1763022140100517035.bin
  [prediction] Pub 19 boxes
Publishing 19 3D boxes
  [prediction] File: sweeper_predict/bin/AD002_JS_urban_20251113_161151_day_clear_lidar_1763022140100517035.bin

--- Frame 446 ---
  [ground_truth] Pub 8 boxes
Publishing 8 3D boxes
  [ground_truth] File: sweeper_gt/bin/AD002_JS_urban_20251113_161151_day_clear_lidar_1763022142100625038.bin
  [prediction] Pub 20 boxes
Publishing 20 3D boxes
  [prediction] File: sweeper_predict/bin/AD002_JS_urban_20251113_161151_day_clear_lidar_1763022142100625038.bin

--- Frame 447 ---
  [ground_truth] Pub 15 boxes
Publishing 15 3D boxes
  [ground_truth] File: sweeper_gt/bin/AD002_JS_urban_20251113_161151_day_clear_lidar_1763022144100826025.bin
  [prediction] Pub 14 boxes
Publishing 14 3D boxes
  [prediction] File: sweeper_predict/bin/AD002_JS_urban_20251113_161151_day_clear_lidar_1763022144100826025.bin

--- Frame 448 ---
  [ground_truth] Pub 16 boxes
Publishing 16 3D boxes
  [ground_truth] File: sweeper_gt/bin/AD002_JS_urban_20251113_161151_day_clear_lidar_1763022146100516081.bin
  [prediction] Pub 10 boxes
Publishing 10 3D boxes
  [prediction] File: sweeper_predict/bin/AD002_JS_urban_20251113_161151_day_clear_lidar_1763022146100516081.bin

--- Frame 449 ---
  [ground_truth] Pub 14 boxes
Publishing 14 3D boxes
  [ground_truth] File: sweeper_gt/bin/AD002_JS_urban_20251113_161151_day_clear_lidar_1763022148100599051.bin
  [prediction] Pub 9 boxes
Publishing 9 3D boxes
  [prediction] File: sweeper_predict/bin/AD002_JS_urban_20251113_161151_day_clear_lidar_1763022148100599051.bin

--- Frame 450 ---
  [ground_truth] Pub 12 boxes
Publishing 12 3D boxes
  [ground_truth] File: sweeper_gt/bin/AD002_JS_urban_20251113_161151_day_clear_lidar_1763022150100814104.bin
  [prediction] Pub 5 boxes
Publishing 5 3D boxes
  [prediction] File: sweeper_predict/bin/AD002_JS_urban_20251113_161151_day_clear_lidar_1763022150100814104.bin

--- Frame 451 ---
  [ground_truth] Pub 9 boxes
Publishing 9 3D boxes
  [ground_truth] File: sweeper_gt/bin/AD002_JS_urban_20251113_161151_day_clear_lidar_1763022156800662994.bin
  [prediction] Pub 7 boxes
Publishing 7 3D boxes
  [prediction] File: sweeper_predict/bin/AD002_JS_urban_20251113_161151_day_clear_lidar_1763022156800662994.bin

--- Frame 452 ---
  [ground_truth] Pub 9 boxes
Publishing 9 3D boxes
  [ground_truth] File: sweeper_gt/bin/AD002_JS_urban_20251113_161151_day_clear_lidar_1763022158800862074.bin
  [prediction] Pub 9 boxes
Publishing 9 3D boxes
  [prediction] File: sweeper_predict/bin/AD002_JS_urban_20251113_161151_day_clear_lidar_1763022158800862074.bin

--- Frame 453 ---
  [ground_truth] Pub 10 boxes
Publishing 10 3D boxes
  [ground_truth] File: sweeper_gt/bin/AD002_JS_urban_20251113_161151_day_clear_lidar_1763022160800535917.bin
  [prediction] Pub 7 boxes
Publishing 7 3D boxes
  [prediction] File: sweeper_predict/bin/AD002_JS_urban_20251113_161151_day_clear_lidar_1763022160800535917.bin

--- Frame 454 ---
  [ground_truth] Pub 10 boxes
Publishing 10 3D boxes
  [ground_truth] File: sweeper_gt/bin/AD002_JS_urban_20251113_161151_day_clear_lidar_1763022162800652027.bin
  [prediction] Pub 8 boxes
Publishing 8 3D boxes
  [prediction] File: sweeper_predict/bin/AD002_JS_urban_20251113_161151_day_clear_lidar_1763022162800652027.bin

--- Frame 455 ---
  [ground_truth] Pub 10 boxes
Publishing 10 3D boxes
  [ground_truth] File: sweeper_gt/bin/AD002_JS_urban_20251113_161151_day_clear_lidar_1763022164800791979.bin
  [prediction] Pub 8 boxes
Publishing 8 3D boxes
  [prediction] File: sweeper_predict/bin/AD002_JS_urban_20251113_161151_day_clear_lidar_1763022164800791979.bin

--- Frame 456 ---
  [ground_truth] Pub 11 boxes
Publishing 11 3D boxes
  [ground_truth] File: sweeper_gt/bin/AD002_JS_urban_20251113_161151_day_clear_lidar_1763022166800554037.bin
  [prediction] Pub 7 boxes
Publishing 7 3D boxes
  [prediction] File: sweeper_predict/bin/AD002_JS_urban_20251113_161151_day_clear_lidar_1763022166800554037.bin

--- Frame 457 ---
  [ground_truth] Pub 11 boxes
Publishing 11 3D boxes
  [ground_truth] File: sweeper_gt/bin/AD002_JS_urban_20251113_161151_day_clear_lidar_1763022168800649881.bin
  [prediction] Pub 10 boxes
Publishing 10 3D boxes
  [prediction] File: sweeper_predict/bin/AD002_JS_urban_20251113_161151_day_clear_lidar_1763022168800649881.bin

--- Frame 458 ---
  [ground_truth] Pub 11 boxes
Publishing 11 3D boxes
  [ground_truth] File: sweeper_gt/bin/AD002_JS_urban_20251113_161151_day_clear_lidar_1763022170800825119.bin
  [prediction] Pub 9 boxes
Publishing 9 3D boxes
  [prediction] File: sweeper_predict/bin/AD002_JS_urban_20251113_161151_day_clear_lidar_1763022170800825119.bin

--- Frame 459 ---
  [ground_truth] Pub 14 boxes
Publishing 14 3D boxes
  [ground_truth] File: sweeper_gt/bin/AD002_JS_urban_20251113_161151_day_clear_lidar_1763022172500566959.bin
  [prediction] Pub 10 boxes
Publishing 10 3D boxes
  [prediction] File: sweeper_predict/bin/AD002_JS_urban_20251113_161151_day_clear_lidar_1763022172500566959.bin

--- Frame 460 ---
  [ground_truth] Pub 14 boxes
Publishing 14 3D boxes
  [ground_truth] File: sweeper_gt/bin/AD002_JS_urban_20251113_161151_day_clear_lidar_1763022174500612974.bin
  [prediction] Pub 14 boxes
Publishing 14 3D boxes
  [prediction] File: sweeper_predict/bin/AD002_JS_urban_20251113_161151_day_clear_lidar_1763022174500612974.bin

--- Frame 461 ---
  [ground_truth] Pub 14 boxes
Publishing 14 3D boxes
  [ground_truth] File: sweeper_gt/bin/AD002_JS_urban_20251113_161151_day_clear_lidar_1763022176500809908.bin
  [prediction] Pub 14 boxes
Publishing 14 3D boxes
  [prediction] File: sweeper_predict/bin/AD002_JS_urban_20251113_161151_day_clear_lidar_1763022176500809908.bin

--- Frame 462 ---
  [ground_truth] Pub 14 boxes
Publishing 14 3D boxes
  [ground_truth] File: sweeper_gt/bin/AD002_JS_urban_20251113_161151_day_clear_lidar_1763022178500545025.bin
  [prediction] Pub 13 boxes
Publishing 13 3D boxes
  [prediction] File: sweeper_predict/bin/AD002_JS_urban_20251113_161151_day_clear_lidar_1763022178500545025.bin

--- Frame 463 ---
  [ground_truth] Pub 15 boxes
Publishing 15 3D boxes
  [ground_truth] File: sweeper_gt/bin/AD002_JS_urban_20251113_161151_day_clear_lidar_1763022180500648975.bin
  [prediction] Pub 14 boxes
Publishing 14 3D boxes
  [prediction] File: sweeper_predict/bin/AD002_JS_urban_20251113_161151_day_clear_lidar_1763022180500648975.bin

--- Frame 464 ---
  [ground_truth] Pub 15 boxes
Publishing 15 3D boxes
  [ground_truth] File: sweeper_gt/bin/AD002_JS_urban_20251113_161151_day_clear_lidar_1763022182500802040.bin
  [prediction] Pub 14 boxes
Publishing 14 3D boxes
  [prediction] File: sweeper_predict/bin/AD002_JS_urban_20251113_161151_day_clear_lidar_1763022182500802040.bin

--- Frame 465 ---
  [ground_truth] Pub 16 boxes
Publishing 16 3D boxes
  [ground_truth] File: sweeper_gt/bin/AD002_JS_urban_20251113_161151_day_clear_lidar_1763022184500508070.bin
  [prediction] Pub 15 boxes
Publishing 15 3D boxes
  [prediction] File: sweeper_predict/bin/AD002_JS_urban_20251113_161151_day_clear_lidar_1763022184500508070.bin

--- Frame 466 ---
  [ground_truth] Pub 17 boxes
Publishing 17 3D boxes
  [ground_truth] File: sweeper_gt/bin/AD002_JS_urban_20251113_161151_day_clear_lidar_1763022186500657082.bin
  [prediction] Pub 15 boxes
Publishing 15 3D boxes
  [prediction] File: sweeper_predict/bin/AD002_JS_urban_20251113_161151_day_clear_lidar_1763022186500657082.bin

--- Frame 467 ---
  [ground_truth] Pub 17 boxes
Publishing 17 3D boxes
  [ground_truth] File: sweeper_gt/bin/AD002_JS_urban_20251113_161151_day_clear_lidar_1763022188500848055.bin
  [prediction] Pub 16 boxes
Publishing 16 3D boxes
  [prediction] File: sweeper_predict/bin/AD002_JS_urban_20251113_161151_day_clear_lidar_1763022188500848055.bin

--- Frame 468 ---
  [ground_truth] Pub 17 boxes
Publishing 17 3D boxes
  [ground_truth] File: sweeper_gt/bin/AD002_JS_urban_20251113_161151_day_clear_lidar_1763022190500519037.bin
  [prediction] Pub 17 boxes
Publishing 17 3D boxes
  [prediction] File: sweeper_predict/bin/AD002_JS_urban_20251113_161151_day_clear_lidar_1763022190500519037.bin

--- Frame 469 ---
  [ground_truth] Pub 17 boxes
Publishing 17 3D boxes
  [ground_truth] File: sweeper_gt/bin/AD002_JS_urban_20251113_161151_day_clear_lidar_1763022192500581980.bin
  [prediction] Pub 21 boxes
Publishing 21 3D boxes
  [prediction] File: sweeper_predict/bin/AD002_JS_urban_20251113_161151_day_clear_lidar_1763022192500581980.bin

--- Frame 470 ---
  [ground_truth] Pub 17 boxes
Publishing 17 3D boxes
  [ground_truth] File: sweeper_gt/bin/AD002_JS_urban_20251113_161151_day_clear_lidar_1763022194500801086.bin
  [prediction] Pub 19 boxes
Publishing 19 3D boxes
  [prediction] File: sweeper_predict/bin/AD002_JS_urban_20251113_161151_day_clear_lidar_1763022194500801086.bin

--- Frame 471 ---
  [ground_truth] Pub 23 boxes
Publishing 23 3D boxes
  [ground_truth] File: sweeper_gt/bin/AD002_JS_urban_20251113_161151_day_clear_lidar_1763022196500586987.bin
  [prediction] Pub 18 boxes
Publishing 18 3D boxes
  [prediction] File: sweeper_predict/bin/AD002_JS_urban_20251113_161151_day_clear_lidar_1763022196500586987.bin

--- Frame 472 ---
  [ground_truth] Pub 23 boxes
Publishing 23 3D boxes
  [ground_truth] File: sweeper_gt/bin/AD002_JS_urban_20251113_161151_day_clear_lidar_1763022198500622988.bin
  [prediction] Pub 22 boxes
Publishing 22 3D boxes
  [prediction] File: sweeper_predict/bin/AD002_JS_urban_20251113_161151_day_clear_lidar_1763022198500622988.bin

--- Frame 473 ---
  [ground_truth] Pub 23 boxes
Publishing 23 3D boxes
  [ground_truth] File: sweeper_gt/bin/AD002_JS_urban_20251113_161151_day_clear_lidar_1763022200500818968.bin
  [prediction] Pub 20 boxes
Publishing 20 3D boxes
  [prediction] File: sweeper_predict/bin/AD002_JS_urban_20251113_161151_day_clear_lidar_1763022200500818968.bin

--- Frame 474 ---
  [ground_truth] Pub 24 boxes
Publishing 24 3D boxes
  [ground_truth] File: sweeper_gt/bin/AD002_JS_urban_20251113_161151_day_clear_lidar_1763022202500562906.bin
  [prediction] Pub 21 boxes
Publishing 21 3D boxes
  [prediction] File: sweeper_predict/bin/AD002_JS_urban_20251113_161151_day_clear_lidar_1763022202500562906.bin

--- Frame 475 ---
  [ground_truth] Pub 24 boxes
Publishing 24 3D boxes
  [ground_truth] File: sweeper_gt/bin/AD002_JS_urban_20251113_161151_day_clear_lidar_1763022204500633955.bin
  [prediction] Pub 21 boxes
Publishing 21 3D boxes
  [prediction] File: sweeper_predict/bin/AD002_JS_urban_20251113_161151_day_clear_lidar_1763022204500633955.bin

--- Frame 476 ---
  [ground_truth] Pub 25 boxes
Publishing 25 3D boxes
  [ground_truth] File: sweeper_gt/bin/AD002_JS_urban_20251113_161151_day_clear_lidar_1763022206500770092.bin
  [prediction] Pub 21 boxes
Publishing 21 3D boxes
  [prediction] File: sweeper_predict/bin/AD002_JS_urban_20251113_161151_day_clear_lidar_1763022206500770092.bin

--- Frame 477 ---
  [ground_truth] Pub 18 boxes
Publishing 18 3D boxes
  [ground_truth] File: sweeper_gt/bin/AD002_JS_urban_20251113_161151_day_clear_lidar_1763022208500498056.bin
  [prediction] Pub 18 boxes
Publishing 18 3D boxes
  [prediction] File: sweeper_predict/bin/AD002_JS_urban_20251113_161151_day_clear_lidar_1763022208500498056.bin

--- Frame 478 ---
  [ground_truth] Pub 20 boxes
Publishing 20 3D boxes
  [ground_truth] File: sweeper_gt/bin/AD002_JS_urban_20251113_161151_day_clear_lidar_1763022210500642061.bin
  [prediction] Pub 18 boxes
Publishing 18 3D boxes
  [prediction] File: sweeper_predict/bin/AD002_JS_urban_20251113_161151_day_clear_lidar_1763022210500642061.bin

--- Frame 479 ---
  [ground_truth] Pub 20 boxes
Publishing 20 3D boxes
  [ground_truth] File: sweeper_gt/bin/AD002_JS_urban_20251113_161151_day_clear_lidar_1763022212500824928.bin
  [prediction] Pub 16 boxes
Publishing 16 3D boxes
  [prediction] File: sweeper_predict/bin/AD002_JS_urban_20251113_161151_day_clear_lidar_1763022212500824928.bin

--- Frame 480 ---
  [ground_truth] Pub 19 boxes
Publishing 19 3D boxes
  [ground_truth] File: sweeper_gt/bin/AD002_JS_urban_20251113_161151_day_clear_lidar_1763022214500546932.bin
  [prediction] Pub 16 boxes
Publishing 16 3D boxes
  [prediction] File: sweeper_predict/bin/AD002_JS_urban_20251113_161151_day_clear_lidar_1763022214500546932.bin

--- Frame 481 ---
  [ground_truth] Pub 20 boxes
Publishing 20 3D boxes
  [ground_truth] File: sweeper_gt/bin/AD002_JS_urban_20251113_161151_day_clear_lidar_1763022216500622034.bin
  [prediction] Pub 16 boxes
Publishing 16 3D boxes
  [prediction] File: sweeper_predict/bin/AD002_JS_urban_20251113_161151_day_clear_lidar_1763022216500622034.bin

--- Frame 482 ---
  [ground_truth] Pub 19 boxes
Publishing 19 3D boxes
  [ground_truth] File: sweeper_gt/bin/AD002_JS_urban_20251113_161151_day_clear_lidar_1763022218500804901.bin
  [prediction] Pub 16 boxes
Publishing 16 3D boxes
  [prediction] File: sweeper_predict/bin/AD002_JS_urban_20251113_161151_day_clear_lidar_1763022218500804901.bin

--- Frame 483 ---
  [ground_truth] Pub 20 boxes
Publishing 20 3D boxes
  [ground_truth] File: sweeper_gt/bin/AD002_JS_urban_20251113_161151_day_clear_lidar_1763022220500531912.bin
  [prediction] Pub 14 boxes
Publishing 14 3D boxes
  [prediction] File: sweeper_predict/bin/AD002_JS_urban_20251113_161151_day_clear_lidar_1763022220500531912.bin

--- Frame 484 ---
  [ground_truth] Pub 21 boxes
Publishing 21 3D boxes
  [ground_truth] File: sweeper_gt/bin/AD002_JS_urban_20251113_161151_day_clear_lidar_1763022222500641108.bin
  [prediction] Pub 17 boxes
Publishing 17 3D boxes
  [prediction] File: sweeper_predict/bin/AD002_JS_urban_20251113_161151_day_clear_lidar_1763022222500641108.bin

--- Frame 485 ---
  [ground_truth] Pub 22 boxes
Publishing 22 3D boxes
  [ground_truth] File: sweeper_gt/bin/AD002_JS_urban_20251113_161151_day_clear_lidar_1763022224500792980.bin
  [prediction] Pub 16 boxes
Publishing 16 3D boxes
  [prediction] File: sweeper_predict/bin/AD002_JS_urban_20251113_161151_day_clear_lidar_1763022224500792980.bin

--- Frame 486 ---
  [ground_truth] Pub 21 boxes
Publishing 21 3D boxes
  [ground_truth] File: sweeper_gt/bin/AD002_JS_urban_20251113_161151_day_clear_lidar_1763022226500549078.bin
  [prediction] Pub 20 boxes
Publishing 20 3D boxes
  [prediction] File: sweeper_predict/bin/AD002_JS_urban_20251113_161151_day_clear_lidar_1763022226500549078.bin

--- Frame 487 ---
  [ground_truth] Pub 22 boxes
Publishing 22 3D boxes
  [ground_truth] File: sweeper_gt/bin/AD002_JS_urban_20251113_161151_day_clear_lidar_1763022228500653982.bin
  [prediction] Pub 18 boxes
Publishing 18 3D boxes
  [prediction] File: sweeper_predict/bin/AD002_JS_urban_20251113_161151_day_clear_lidar_1763022228500653982.bin

--- Frame 488 ---
  [ground_truth] Pub 22 boxes
Publishing 22 3D boxes
  [ground_truth] File: sweeper_gt/bin/AD002_JS_urban_20251113_161151_day_clear_lidar_1763022230500804901.bin
  [prediction] Pub 19 boxes
Publishing 19 3D boxes
  [prediction] File: sweeper_predict/bin/AD002_JS_urban_20251113_161151_day_clear_lidar_1763022230500804901.bin

--- Frame 489 ---
  [ground_truth] Pub 24 boxes
Publishing 24 3D boxes
  [ground_truth] File: sweeper_gt/bin/AD002_JS_urban_20251113_161151_day_clear_lidar_1763022232500543118.bin
  [prediction] Pub 19 boxes
Publishing 19 3D boxes
  [prediction] File: sweeper_predict/bin/AD002_JS_urban_20251113_161151_day_clear_lidar_1763022232500543118.bin

--- Frame 490 ---
  [ground_truth] Pub 24 boxes
Publishing 24 3D boxes
  [ground_truth] File: sweeper_gt/bin/AD002_JS_urban_20251113_161151_day_clear_lidar_1763022234500633955.bin
  [prediction] Pub 19 boxes
Publishing 19 3D boxes
  [prediction] File: sweeper_predict/bin/AD002_JS_urban_20251113_161151_day_clear_lidar_1763022234500633955.bin

--- Frame 491 ---
  [ground_truth] Pub 23 boxes
Publishing 23 3D boxes
  [ground_truth] File: sweeper_gt/bin/AD002_JS_urban_20251113_161151_day_clear_lidar_1763022236500796080.bin
  [prediction] Pub 21 boxes
Publishing 21 3D boxes
  [prediction] File: sweeper_predict/bin/AD002_JS_urban_20251113_161151_day_clear_lidar_1763022236500796080.bin

--- Frame 492 ---
  [ground_truth] Pub 22 boxes
Publishing 22 3D boxes
  [ground_truth] File: sweeper_gt/bin/AD002_JS_urban_20251113_161151_day_clear_lidar_1763022238500520945.bin
  [prediction] Pub 20 boxes
Publishing 20 3D boxes
  [prediction] File: sweeper_predict/bin/AD002_JS_urban_20251113_161151_day_clear_lidar_1763022238500520945.bin

--- Frame 493 ---
  [ground_truth] Pub 23 boxes
Publishing 23 3D boxes
  [ground_truth] File: sweeper_gt/bin/AD002_JS_urban_20251113_161151_day_clear_lidar_1763022240500633001.bin
  [prediction] Pub 18 boxes
Publishing 18 3D boxes
  [prediction] File: sweeper_predict/bin/AD002_JS_urban_20251113_161151_day_clear_lidar_1763022240500633001.bin

--- Frame 494 ---
  [ground_truth] Pub 23 boxes
Publishing 23 3D boxes
  [ground_truth] File: sweeper_gt/bin/AD002_JS_urban_20251113_161151_day_clear_lidar_1763022242500824928.bin
  [prediction] Pub 19 boxes
Publishing 19 3D boxes
  [prediction] File: sweeper_predict/bin/AD002_JS_urban_20251113_161151_day_clear_lidar_1763022242500824928.bin

--- Frame 495 ---
  [ground_truth] Pub 16 boxes
Publishing 16 3D boxes
  [ground_truth] File: sweeper_gt/bin/AD002_JS_urban_20251113_161151_day_clear_lidar_1763022244500518084.bin
  [prediction] Pub 17 boxes
Publishing 17 3D boxes
  [prediction] File: sweeper_predict/bin/AD002_JS_urban_20251113_161151_day_clear_lidar_1763022244500518084.bin

--- Frame 496 ---
  [ground_truth] Pub 16 boxes
Publishing 16 3D boxes
  [ground_truth] File: sweeper_gt/bin/AD002_JS_urban_20251113_161151_day_clear_lidar_1763022246500621080.bin
  [prediction] Pub 17 boxes
Publishing 17 3D boxes
  [prediction] File: sweeper_predict/bin/AD002_JS_urban_20251113_161151_day_clear_lidar_1763022246500621080.bin

--- Frame 497 ---
  [ground_truth] Pub 15 boxes
Publishing 15 3D boxes
  [ground_truth] File: sweeper_gt/bin/AD002_JS_urban_20251113_161151_day_clear_lidar_1763022248500767946.bin
  [prediction] Pub 17 boxes
Publishing 17 3D boxes
  [prediction] File: sweeper_predict/bin/AD002_JS_urban_20251113_161151_day_clear_lidar_1763022248500767946.bin

--- Frame 498 ---
  [ground_truth] Pub 15 boxes
Publishing 15 3D boxes
  [ground_truth] File: sweeper_gt/bin/AD002_JS_urban_20251113_161151_day_clear_lidar_1763022250500540018.bin
  [prediction] Pub 16 boxes
Publishing 16 3D boxes
  [prediction] File: sweeper_predict/bin/AD002_JS_urban_20251113_161151_day_clear_lidar_1763022250500540018.bin

--- Frame 499 ---
  [ground_truth] Pub 15 boxes
Publishing 15 3D boxes
  [ground_truth] File: sweeper_gt/bin/AD002_JS_urban_20251113_161151_day_clear_lidar_1763022252500669956.bin
  [prediction] Pub 14 boxes
Publishing 14 3D boxes
  [prediction] File: sweeper_predict/bin/AD002_JS_urban_20251113_161151_day_clear_lidar_1763022252500669956.bin

--- Frame 500 ---
  [ground_truth] Pub 16 boxes
Publishing 16 3D boxes
  [ground_truth] File: sweeper_gt/bin/AD002_JS_urban_20251113_161151_day_clear_lidar_1763022254500828981.bin
  [prediction] Pub 15 boxes
Publishing 15 3D boxes
  [prediction] File: sweeper_predict/bin/AD002_JS_urban_20251113_161151_day_clear_lidar_1763022254500828981.bin

--- Frame 501 ---
  [ground_truth] Pub 15 boxes
Publishing 15 3D boxes
  [ground_truth] File: sweeper_gt/bin/AD002_JS_urban_20251113_161151_day_clear_lidar_1763022256500513077.bin
  [prediction] Pub 14 boxes
Publishing 14 3D boxes
  [prediction] File: sweeper_predict/bin/AD002_JS_urban_20251113_161151_day_clear_lidar_1763022256500513077.bin

--- Frame 502 ---
  [ground_truth] Pub 15 boxes
Publishing 15 3D boxes
  [ground_truth] File: sweeper_gt/bin/AD002_JS_urban_20251113_161151_day_clear_lidar_1763022258500603914.bin
  [prediction] Pub 15 boxes
Publishing 15 3D boxes
  [prediction] File: sweeper_predict/bin/AD002_JS_urban_20251113_161151_day_clear_lidar_1763022258500603914.bin

--- Frame 503 ---
  [ground_truth] Pub 15 boxes
Publishing 15 3D boxes
  [ground_truth] File: sweeper_gt/bin/AD002_JS_urban_20251113_161151_day_clear_lidar_1763022260500817060.bin
  [prediction] Pub 16 boxes
Publishing 16 3D boxes
  [prediction] File: sweeper_predict/bin/AD002_JS_urban_20251113_161151_day_clear_lidar_1763022260500817060.bin

--- Frame 502 ---
  [ground_truth] Pub 15 boxes
Publishing 15 3D boxes
  [ground_truth] File: sweeper_gt/bin/AD002_JS_urban_20251113_161151_day_clear_lidar_1763022258500603914.bin
  [prediction] Pub 15 boxes
Publishing 15 3D boxes
  [prediction] File: sweeper_predict/bin/AD002_JS_urban_20251113_161151_day_clear_lidar_1763022258500603914.bin

--- Frame 503 ---
  [ground_truth] Pub 15 boxes
Publishing 15 3D boxes
  [ground_truth] File: sweeper_gt/bin/AD002_JS_urban_20251113_161151_day_clear_lidar_1763022260500817060.bin
  [prediction] Pub 16 boxes
Publishing 16 3D boxes
  [prediction] File: sweeper_predict/bin/AD002_JS_urban_20251113_161151_day_clear_lidar_1763022260500817060.bin

--- Frame 504 ---
  [ground_truth] Pub 16 boxes
Publishing 16 3D boxes
  [ground_truth] File: sweeper_gt/bin/AD002_JS_urban_20251113_161151_day_clear_lidar_1763022262500588894.bin
  [prediction] Pub 13 boxes
Publishing 13 3D boxes
  [prediction] File: sweeper_predict/bin/AD002_JS_urban_20251113_161151_day_clear_lidar_1763022262500588894.bin

--- Frame 505 ---
  [ground_truth] Pub 16 boxes
Publishing 16 3D boxes
  [ground_truth] File: sweeper_gt/bin/AD002_JS_urban_20251113_161151_day_clear_lidar_1763022264500650883.bin
  [prediction] Pub 14 boxes
Publishing 14 3D boxes
  [prediction] File: sweeper_predict/bin/AD002_JS_urban_20251113_161151_day_clear_lidar_1763022264500650883.bin

--- Frame 506 ---
  [ground_truth] Pub 17 boxes
Publishing 17 3D boxes
  [ground_truth] File: sweeper_gt/bin/AD002_JS_urban_20251113_161151_day_clear_lidar_1763022266500763893.bin
  [prediction] Pub 13 boxes
Publishing 13 3D boxes
  [prediction] File: sweeper_predict/bin/AD002_JS_urban_20251113_161151_day_clear_lidar_1763022266500763893.bin

--- Frame 507 ---
  [ground_truth] Pub 16 boxes
Publishing 16 3D boxes
  [ground_truth] File: sweeper_gt/bin/AD002_JS_urban_20251113_161151_day_clear_lidar_1763022268500536919.bin
  [prediction] Pub 14 boxes
Publishing 14 3D boxes
  [prediction] File: sweeper_predict/bin/AD002_JS_urban_20251113_161151_day_clear_lidar_1763022268500536919.bin

--- Frame 508 ---
  [ground_truth] Pub 17 boxes
Publishing 17 3D boxes
  [ground_truth] File: sweeper_gt/bin/AD002_JS_urban_20251113_161151_day_clear_lidar_1763022270500688076.bin
  [prediction] Pub 15 boxes
Publishing 15 3D boxes
  [prediction] File: sweeper_predict/bin/AD002_JS_urban_20251113_161151_day_clear_lidar_1763022270500688076.bin

--- Frame 509 ---
  [ground_truth] Pub 17 boxes
Publishing 17 3D boxes
  [ground_truth] File: sweeper_gt/bin/AD002_JS_urban_20251113_161151_day_clear_lidar_1763022272800791979.bin
  [prediction] Pub 14 boxes
Publishing 14 3D boxes
  [prediction] File: sweeper_predict/bin/AD002_JS_urban_20251113_161151_day_clear_lidar_1763022272800791979.bin

--- Frame 510 ---
  [ground_truth] Pub 19 boxes
Publishing 19 3D boxes
  [ground_truth] File: sweeper_gt/bin/AD002_JS_urban_20251113_161151_day_clear_lidar_1763022274800549984.bin
  [prediction] Pub 15 boxes
Publishing 15 3D boxes
  [prediction] File: sweeper_predict/bin/AD002_JS_urban_20251113_161151_day_clear_lidar_1763022274800549984.bin

--- Frame 511 ---
  [ground_truth] Pub 19 boxes
Publishing 19 3D boxes
  [ground_truth] File: sweeper_gt/bin/AD002_JS_urban_20251113_161151_day_clear_lidar_1763022276800632954.bin
  [prediction] Pub 20 boxes
Publishing 20 3D boxes
  [prediction] File: sweeper_predict/bin/AD002_JS_urban_20251113_161151_day_clear_lidar_1763022276800632954.bin

--- Frame 512 ---
  [ground_truth] Pub 21 boxes
Publishing 21 3D boxes
  [ground_truth] File: sweeper_gt/bin/AD002_JS_urban_20251113_161151_day_clear_lidar_1763022278800781012.bin
  [prediction] Pub 17 boxes
Publishing 17 3D boxes
  [prediction] File: sweeper_predict/bin/AD002_JS_urban_20251113_161151_day_clear_lidar_1763022278800781012.bin

--- Frame 513 ---
  [ground_truth] Pub 18 boxes
Publishing 18 3D boxes
  [ground_truth] File: sweeper_gt/bin/AD002_JS_urban_20251113_161151_day_clear_lidar_1763022280800507069.bin
  [prediction] Pub 16 boxes
Publishing 16 3D boxes
  [prediction] File: sweeper_predict/bin/AD002_JS_urban_20251113_161151_day_clear_lidar_1763022280800507069.bin

--- Frame 514 ---
  [ground_truth] Pub 18 boxes
Publishing 18 3D boxes
  [ground_truth] File: sweeper_gt/bin/AD002_JS_urban_20251113_161151_day_clear_lidar_1763022282800627947.bin
  [prediction] Pub 16 boxes
Publishing 16 3D boxes
  [prediction] File: sweeper_predict/bin/AD002_JS_urban_20251113_161151_day_clear_lidar_1763022282800627947.bin

--- Frame 515 ---
  [ground_truth] Pub 19 boxes
Publishing 19 3D boxes
  [ground_truth] File: sweeper_gt/bin/AD002_JS_urban_20251113_161151_day_clear_lidar_1763022284800822020.bin
  [prediction] Pub 14 boxes
Publishing 14 3D boxes
  [prediction] File: sweeper_predict/bin/AD002_JS_urban_20251113_161151_day_clear_lidar_1763022284800822020.bin

--- Frame 516 ---
  [ground_truth] Pub 18 boxes
Publishing 18 3D boxes
  [ground_truth] File: sweeper_gt/bin/AD002_JS_urban_20251113_161151_day_clear_lidar_1763022286800532103.bin
  [prediction] Pub 15 boxes
Publishing 15 3D boxes
  [prediction] File: sweeper_predict/bin/AD002_JS_urban_20251113_161151_day_clear_lidar_1763022286800532103.bin

--- Frame 517 ---
  [ground_truth] Pub 17 boxes
Publishing 17 3D boxes
  [ground_truth] File: sweeper_gt/bin/AD002_JS_urban_20251113_161151_day_clear_lidar_1763022288800645113.bin
  [prediction] Pub 12 boxes
Publishing 12 3D boxes
  [prediction] File: sweeper_predict/bin/AD002_JS_urban_20251113_161151_day_clear_lidar_1763022288800645113.bin

--- Frame 518 ---
  [ground_truth] Pub 17 boxes
Publishing 17 3D boxes
  [ground_truth] File: sweeper_gt/bin/AD002_JS_urban_20251113_161151_day_clear_lidar_1763022290800781965.bin
  [prediction] Pub 16 boxes
Publishing 16 3D boxes
  [prediction] File: sweeper_predict/bin/AD002_JS_urban_20251113_161151_day_clear_lidar_1763022290800781965.bin

--- Frame 519 ---
  [ground_truth] Pub 16 boxes
Publishing 16 3D boxes
  [ground_truth] File: sweeper_gt/bin/AD002_JS_urban_20251113_161151_day_clear_lidar_1763022294400782108.bin
  [prediction] Pub 17 boxes
Publishing 17 3D boxes
  [prediction] File: sweeper_predict/bin/AD002_JS_urban_20251113_161151_day_clear_lidar_1763022294400782108.bin

--- Frame 520 ---
  [ground_truth] Pub 15 boxes
Publishing 15 3D boxes
  [ground_truth] File: sweeper_gt/bin/AD002_JS_urban_20251113_161151_day_clear_lidar_1763022296400516033.bin
  [prediction] Pub 17 boxes
Publishing 17 3D boxes
  [prediction] File: sweeper_predict/bin/AD002_JS_urban_20251113_161151_day_clear_lidar_1763022296400516033.bin

--- Frame 521 ---
  [ground_truth] Pub 15 boxes
Publishing 15 3D boxes
  [ground_truth] File: sweeper_gt/bin/AD002_JS_urban_20251113_161151_day_clear_lidar_1763022298400645971.bin
  [prediction] Pub 15 boxes
Publishing 15 3D boxes
  [prediction] File: sweeper_predict/bin/AD002_JS_urban_20251113_161151_day_clear_lidar_1763022298400645971.bin

--- Frame 522 ---
  [ground_truth] Pub 16 boxes
Publishing 16 3D boxes
  [ground_truth] File: sweeper_gt/bin/AD002_JS_urban_20251113_161151_day_clear_lidar_1763022300400810957.bin
  [prediction] Pub 16 boxes
Publishing 16 3D boxes
  [prediction] File: sweeper_predict/bin/AD002_JS_urban_20251113_161151_day_clear_lidar_1763022300400810957.bin

--- Frame 523 ---
  [ground_truth] Pub 15 boxes
Publishing 15 3D boxes
  [ground_truth] File: sweeper_gt/bin/AD002_JS_urban_20251113_161151_day_clear_lidar_1763022302400499105.bin
  [prediction] Pub 16 boxes
Publishing 16 3D boxes
  [prediction] File: sweeper_predict/bin/AD002_JS_urban_20251113_161151_day_clear_lidar_1763022302400499105.bin

--- Frame 524 ---
  [ground_truth] Pub 15 boxes
Publishing 15 3D boxes
  [ground_truth] File: sweeper_gt/bin/AD002_JS_urban_20251113_161151_day_clear_lidar_1763022304400661945.bin
  [prediction] Pub 15 boxes
Publishing 15 3D boxes
  [prediction] File: sweeper_predict/bin/AD002_JS_urban_20251113_161151_day_clear_lidar_1763022304400661945.bin

--- Frame 525 ---
  [ground_truth] Pub 13 boxes
Publishing 13 3D boxes
  [ground_truth] File: sweeper_gt/bin/AD002_JS_urban_20251113_161151_day_clear_lidar_1763022306400779963.bin
  [prediction] Pub 14 boxes
Publishing 14 3D boxes
  [prediction] File: sweeper_predict/bin/AD002_JS_urban_20251113_161151_day_clear_lidar_1763022306400779963.bin

--- Frame 526 ---
  [ground_truth] Pub 13 boxes
Publishing 13 3D boxes
  [ground_truth] File: sweeper_gt/bin/AD002_JS_urban_20251113_161151_day_clear_lidar_1763022308400532961.bin
  [prediction] Pub 14 boxes
Publishing 14 3D boxes
  [prediction] File: sweeper_predict/bin/AD002_JS_urban_20251113_161151_day_clear_lidar_1763022308400532961.bin

--- Frame 527 ---
  [ground_truth] Pub 13 boxes
Publishing 13 3D boxes
  [ground_truth] File: sweeper_gt/bin/AD002_JS_urban_20251113_161151_day_clear_lidar_1763022310400649071.bin
  [prediction] Pub 11 boxes
Publishing 11 3D boxes
  [prediction] File: sweeper_predict/bin/AD002_JS_urban_20251113_161151_day_clear_lidar_1763022310400649071.bin

--- Frame 528 ---
  [ground_truth] Pub 13 boxes
Publishing 13 3D boxes
  [ground_truth] File: sweeper_gt/bin/AD002_JS_urban_20251113_161151_day_clear_lidar_1763022312300527096.bin
  [prediction] Pub 12 boxes
Publishing 12 3D boxes
  [prediction] File: sweeper_predict/bin/AD002_JS_urban_20251113_161151_day_clear_lidar_1763022312300527096.bin

--- Frame 529 ---
  [ground_truth] Pub 12 boxes
Publishing 12 3D boxes
  [ground_truth] File: sweeper_gt/bin/AD002_JS_urban_20251113_161151_day_clear_lidar_1763022314300637960.bin
  [prediction] Pub 13 boxes
Publishing 13 3D boxes
  [prediction] File: sweeper_predict/bin/AD002_JS_urban_20251113_161151_day_clear_lidar_1763022314300637960.bin

--- Frame 530 ---
  [ground_truth] Pub 12 boxes
Publishing 12 3D boxes
  [ground_truth] File: sweeper_gt/bin/AD002_JS_urban_20251113_161151_day_clear_lidar_1763022316300820112.bin
  [prediction] Pub 12 boxes
Publishing 12 3D boxes
  [prediction] File: sweeper_predict/bin/AD002_JS_urban_20251113_161151_day_clear_lidar_1763022316300820112.bin

--- Frame 531 ---
  [ground_truth] Pub 13 boxes
Publishing 13 3D boxes
  [ground_truth] File: sweeper_gt/bin/AD002_JS_urban_20251113_161151_day_clear_lidar_1763022318300508976.bin
  [prediction] Pub 11 boxes
Publishing 11 3D boxes
  [prediction] File: sweeper_predict/bin/AD002_JS_urban_20251113_161151_day_clear_lidar_1763022318300508976.bin

--- Frame 532 ---
  [ground_truth] Pub 14 boxes
Publishing 14 3D boxes
  [ground_truth] File: sweeper_gt/bin/AD002_JS_urban_20251113_161151_day_clear_lidar_1763022320300657034.bin
  [prediction] Pub 13 boxes
Publishing 13 3D boxes
  [prediction] File: sweeper_predict/bin/AD002_JS_urban_20251113_161151_day_clear_lidar_1763022320300657034.bin

--- Frame 533 ---
  [ground_truth] Pub 14 boxes
Publishing 14 3D boxes
  [ground_truth] File: sweeper_gt/bin/AD002_JS_urban_20251113_161151_day_clear_lidar_1763022322300748110.bin
  [prediction] Pub 12 boxes
Publishing 12 3D boxes
  [prediction] File: sweeper_predict/bin/AD002_JS_urban_20251113_161151_day_clear_lidar_1763022322300748110.bin

--- Frame 534 ---
  [ground_truth] Pub 15 boxes
Publishing 15 3D boxes
  [ground_truth] File: sweeper_gt/bin/AD002_JS_urban_20251113_161151_day_clear_lidar_1763022324300468922.bin
  [prediction] Pub 11 boxes
Publishing 11 3D boxes
  [prediction] File: sweeper_predict/bin/AD002_JS_urban_20251113_161151_day_clear_lidar_1763022324300468922.bin

--- Frame 535 ---
  [ground_truth] Pub 15 boxes
Publishing 15 3D boxes
  [ground_truth] File: sweeper_gt/bin/AD002_JS_urban_20251113_161151_day_clear_lidar_1763022326300659895.bin
  [prediction] Pub 14 boxes
Publishing 14 3D boxes
  [prediction] File: sweeper_predict/bin/AD002_JS_urban_20251113_161151_day_clear_lidar_1763022326300659895.bin

--- Frame 536 ---
  [ground_truth] Pub 15 boxes
Publishing 15 3D boxes
  [ground_truth] File: sweeper_gt/bin/AD002_JS_urban_20251113_161151_day_clear_lidar_1763022328300765991.bin
  [prediction] Pub 12 boxes
Publishing 12 3D boxes
  [prediction] File: sweeper_predict/bin/AD002_JS_urban_20251113_161151_day_clear_lidar_1763022328300765991.bin

--- Frame 537 ---
  [ground_truth] Pub 13 boxes
Publishing 13 3D boxes
  [ground_truth] File: sweeper_gt/bin/AD002_JS_urban_20251113_161151_day_clear_lidar_1763022330300534964.bin
  [prediction] Pub 10 boxes
Publishing 10 3D boxes
  [prediction] File: sweeper_predict/bin/AD002_JS_urban_20251113_161151_day_clear_lidar_1763022330300534964.bin

--- Frame 538 ---
  [ground_truth] Pub 14 boxes
Publishing 14 3D boxes
  [ground_truth] File: sweeper_gt/bin/AD002_JS_urban_20251113_161151_day_clear_lidar_1763022332500798941.bin
  [prediction] Pub 11 boxes
Publishing 11 3D boxes
  [prediction] File: sweeper_predict/bin/AD002_JS_urban_20251113_161151_day_clear_lidar_1763022332500798941.bin

--- Frame 539 ---
  [ground_truth] Pub 13 boxes
Publishing 13 3D boxes
  [ground_truth] File: sweeper_gt/bin/AD002_JS_urban_20251113_161151_day_clear_lidar_1763022334500469923.bin
  [prediction] Pub 10 boxes
Publishing 10 3D boxes
  [prediction] File: sweeper_predict/bin/AD002_JS_urban_20251113_161151_day_clear_lidar_1763022334500469923.bin

--- Frame 540 ---
  [ground_truth] Pub 14 boxes
Publishing 14 3D boxes
  [ground_truth] File: sweeper_gt/bin/AD002_JS_urban_20251113_161151_day_clear_lidar_1763022336500627995.bin
  [prediction] Pub 12 boxes
Publishing 12 3D boxes
  [prediction] File: sweeper_predict/bin/AD002_JS_urban_20251113_161151_day_clear_lidar_1763022336500627995.bin

--- Frame 541 ---
  [ground_truth] Pub 17 boxes
Publishing 17 3D boxes
  [ground_truth] File: sweeper_gt/bin/AD002_JS_urban_20251113_161151_day_clear_lidar_1763022338500822067.bin
  [prediction] Pub 13 boxes
Publishing 13 3D boxes
  [prediction] File: sweeper_predict/bin/AD002_JS_urban_20251113_161151_day_clear_lidar_1763022338500822067.bin

--- Frame 542 ---
  [ground_truth] Pub 17 boxes
Publishing 17 3D boxes
  [ground_truth] File: sweeper_gt/bin/AD002_JS_urban_20251113_161151_day_clear_lidar_1763022340500552893.bin
  [prediction] Pub 17 boxes
Publishing 17 3D boxes
  [prediction] File: sweeper_predict/bin/AD002_JS_urban_20251113_161151_day_clear_lidar_1763022340500552893.bin

--- Frame 543 ---
  [ground_truth] Pub 20 boxes
Publishing 20 3D boxes
  [ground_truth] File: sweeper_gt/bin/AD002_JS_urban_20251113_161151_day_clear_lidar_1763022342500622034.bin
  [prediction] Pub 23 boxes
Publishing 23 3D boxes
  [prediction] File: sweeper_predict/bin/AD002_JS_urban_20251113_161151_day_clear_lidar_1763022342500622034.bin

--- Frame 544 ---
  [ground_truth] Pub 21 boxes
Publishing 21 3D boxes
  [ground_truth] File: sweeper_gt/bin/AD002_JS_urban_20251113_161151_day_clear_lidar_1763022344500780106.bin
  [prediction] Pub 23 boxes
Publishing 23 3D boxes
  [prediction] File: sweeper_predict/bin/AD002_JS_urban_20251113_161151_day_clear_lidar_1763022344500780106.bin

--- Frame 545 ---
  [ground_truth] Pub 20 boxes
Publishing 20 3D boxes
  [ground_truth] File: sweeper_gt/bin/AD002_JS_urban_20251113_161151_day_clear_lidar_1763022346500466108.bin
  [prediction] Pub 19 boxes
Publishing 19 3D boxes
  [prediction] File: sweeper_predict/bin/AD002_JS_urban_20251113_161151_day_clear_lidar_1763022346500466108.bin

--- Frame 546 ---
  [ground_truth] Pub 21 boxes
Publishing 21 3D boxes
  [ground_truth] File: sweeper_gt/bin/AD002_JS_urban_20251113_161151_day_clear_lidar_1763022348500628948.bin
  [prediction] Pub 18 boxes
Publishing 18 3D boxes
  [prediction] File: sweeper_predict/bin/AD002_JS_urban_20251113_161151_day_clear_lidar_1763022348500628948.bin

--- Frame 547 ---
  [ground_truth] Pub 20 boxes
Publishing 20 3D boxes
  [ground_truth] File: sweeper_gt/bin/AD002_JS_urban_20251113_161151_day_clear_lidar_1763022350500799894.bin
  [prediction] Pub 20 boxes
Publishing 20 3D boxes
  [prediction] File: sweeper_predict/bin/AD002_JS_urban_20251113_161151_day_clear_lidar_1763022350500799894.bin

--- Frame 548 ---
  [ground_truth] Pub 21 boxes
Publishing 21 3D boxes
  [ground_truth] File: sweeper_gt/bin/AD002_JS_urban_20251113_161151_day_clear_lidar_1763022352500535011.bin
  [prediction] Pub 17 boxes
Publishing 17 3D boxes
  [prediction] File: sweeper_predict/bin/AD002_JS_urban_20251113_161151_day_clear_lidar_1763022352500535011.bin

--- Frame 549 ---
  [ground_truth] Pub 22 boxes
Publishing 22 3D boxes
  [ground_truth] File: sweeper_gt/bin/AD002_JS_urban_20251113_161151_day_clear_lidar_1763022354500627041.bin
  [prediction] Pub 19 boxes
Publishing 19 3D boxes
  [prediction] File: sweeper_predict/bin/AD002_JS_urban_20251113_161151_day_clear_lidar_1763022354500627041.bin

--- Frame 550 ---
  [ground_truth] Pub 21 boxes
Publishing 21 3D boxes
  [ground_truth] File: sweeper_gt/bin/AD002_JS_urban_20251113_161151_day_clear_lidar_1763022356500829935.bin
  [prediction] Pub 17 boxes
Publishing 17 3D boxes
  [prediction] File: sweeper_predict/bin/AD002_JS_urban_20251113_161151_day_clear_lidar_1763022356500829935.bin

--- Frame 551 ---
  [ground_truth] Pub 19 boxes
Publishing 19 3D boxes
  [ground_truth] File: sweeper_gt/bin/AD002_JS_urban_20251113_161151_day_clear_lidar_1763022358500514030.bin
  [prediction] Pub 17 boxes
Publishing 17 3D boxes
  [prediction] File: sweeper_predict/bin/AD002_JS_urban_20251113_161151_day_clear_lidar_1763022358500514030.bin

--- Frame 552 ---
  [ground_truth] Pub 20 boxes
Publishing 20 3D boxes
  [ground_truth] File: sweeper_gt/bin/AD002_JS_urban_20251113_161151_day_clear_lidar_1763022360500638962.bin
  [prediction] Pub 18 boxes
Publishing 18 3D boxes
  [prediction] File: sweeper_predict/bin/AD002_JS_urban_20251113_161151_day_clear_lidar_1763022360500638962.bin

--- Frame 553 ---
  [ground_truth] Pub 21 boxes
Publishing 21 3D boxes
  [ground_truth] File: sweeper_gt/bin/AD002_JS_urban_20251113_161151_day_clear_lidar_1763022362500813007.bin
  [prediction] Pub 17 boxes
Publishing 17 3D boxes
  [prediction] File: sweeper_predict/bin/AD002_JS_urban_20251113_161151_day_clear_lidar_1763022362500813007.bin

--- Frame 554 ---
  [ground_truth] Pub 21 boxes
Publishing 21 3D boxes
  [ground_truth] File: sweeper_gt/bin/AD002_JS_urban_20251113_161151_day_clear_lidar_1763022364500569105.bin
  [prediction] Pub 19 boxes
Publishing 19 3D boxes
  [prediction] File: sweeper_predict/bin/AD002_JS_urban_20251113_161151_day_clear_lidar_1763022364500569105.bin

--- Frame 555 ---
  [ground_truth] Pub 21 boxes
Publishing 21 3D boxes
  [ground_truth] File: sweeper_gt/bin/AD002_JS_urban_20251113_161151_day_clear_lidar_1763022366500660896.bin
  [prediction] Pub 16 boxes
Publishing 16 3D boxes
  [prediction] File: sweeper_predict/bin/AD002_JS_urban_20251113_161151_day_clear_lidar_1763022366500660896.bin

--- Frame 556 ---
  [ground_truth] Pub 20 boxes
Publishing 20 3D boxes
  [ground_truth] File: sweeper_gt/bin/AD002_JS_urban_20251113_161151_day_clear_lidar_1763022368500833035.bin
  [prediction] Pub 17 boxes
Publishing 17 3D boxes
  [prediction] File: sweeper_predict/bin/AD002_JS_urban_20251113_161151_day_clear_lidar_1763022368500833035.bin

--- Frame 557 ---
  [ground_truth] Pub 22 boxes
Publishing 22 3D boxes
  [ground_truth] File: sweeper_gt/bin/AD002_JS_urban_20251113_161151_day_clear_lidar_1763022370500468016.bin
  [prediction] Pub 19 boxes
Publishing 19 3D boxes
  [prediction] File: sweeper_predict/bin/AD002_JS_urban_20251113_161151_day_clear_lidar_1763022370500468016.bin

--- Frame 558 ---
  [ground_truth] Pub 20 boxes
Publishing 20 3D boxes
  [ground_truth] File: sweeper_gt/bin/AD002_JS_urban_20251113_161151_day_clear_lidar_1763022372600527048.bin
  [prediction] Pub 17 boxes
Publishing 17 3D boxes
  [prediction] File: sweeper_predict/bin/AD002_JS_urban_20251113_161151_day_clear_lidar_1763022372600527048.bin

--- Frame 559 ---
  [ground_truth] Pub 21 boxes
Publishing 21 3D boxes
  [ground_truth] File: sweeper_gt/bin/AD002_JS_urban_20251113_161151_day_clear_lidar_1763022374600663900.bin
  [prediction] Pub 16 boxes
Publishing 16 3D boxes
  [prediction] File: sweeper_predict/bin/AD002_JS_urban_20251113_161151_day_clear_lidar_1763022374600663900.bin

--- Frame 560 ---
  [ground_truth] Pub 21 boxes
Publishing 21 3D boxes
  [ground_truth] File: sweeper_gt/bin/AD002_JS_urban_20251113_161151_day_clear_lidar_1763022376600846052.bin
  [prediction] Pub 16 boxes
Publishing 16 3D boxes
  [prediction] File: sweeper_predict/bin/AD002_JS_urban_20251113_161151_day_clear_lidar_1763022376600846052.bin

--- Frame 561 ---
  [ground_truth] Pub 20 boxes
Publishing 20 3D boxes
  [ground_truth] File: sweeper_gt/bin/AD002_JS_urban_20251113_161151_day_clear_lidar_1763022378600486040.bin
  [prediction] Pub 17 boxes
Publishing 17 3D boxes
  [prediction] File: sweeper_predict/bin/AD002_JS_urban_20251113_161151_day_clear_lidar_1763022378600486040.bin

--- Frame 562 ---
  [ground_truth] Pub 21 boxes
Publishing 21 3D boxes
  [ground_truth] File: sweeper_gt/bin/AD002_JS_urban_20251113_161151_day_clear_lidar_1763022380600660086.bin
  [prediction] Pub 16 boxes
Publishing 16 3D boxes
  [prediction] File: sweeper_predict/bin/AD002_JS_urban_20251113_161151_day_clear_lidar_1763022380600660086.bin

--- Frame 563 ---
  [ground_truth] Pub 21 boxes
Publishing 21 3D boxes
  [ground_truth] File: sweeper_gt/bin/AD002_JS_urban_20251113_161151_day_clear_lidar_1763022382600809097.bin
  [prediction] Pub 16 boxes
Publishing 16 3D boxes
  [prediction] File: sweeper_predict/bin/AD002_JS_urban_20251113_161151_day_clear_lidar_1763022382600809097.bin

--- Frame 564 ---
  [ground_truth] Pub 22 boxes
Publishing 22 3D boxes
  [ground_truth] File: sweeper_gt/bin/AD002_JS_urban_20251113_161151_day_clear_lidar_1763022384600502968.bin
  [prediction] Pub 18 boxes
Publishing 18 3D boxes
  [prediction] File: sweeper_predict/bin/AD002_JS_urban_20251113_161151_day_clear_lidar_1763022384600502968.bin

--- Frame 565 ---
  [ground_truth] Pub 20 boxes
Publishing 20 3D boxes
  [ground_truth] File: sweeper_gt/bin/AD002_JS_urban_20251113_161151_day_clear_lidar_1763022386600615025.bin
  [prediction] Pub 18 boxes
Publishing 18 3D boxes
  [prediction] File: sweeper_predict/bin/AD002_JS_urban_20251113_161151_day_clear_lidar_1763022386600615025.bin

--- Frame 566 ---
  [ground_truth] Pub 22 boxes
Publishing 22 3D boxes
  [ground_truth] File: sweeper_gt/bin/AD002_JS_urban_20251113_161151_day_clear_lidar_1763022388600795031.bin
  [prediction] Pub 16 boxes
Publishing 16 3D boxes
  [prediction] File: sweeper_predict/bin/AD002_JS_urban_20251113_161151_day_clear_lidar_1763022388600795031.bin

--- Frame 567 ---
  [ground_truth] Pub 21 boxes
Publishing 21 3D boxes
  [ground_truth] File: sweeper_gt/bin/AD002_JS_urban_20251113_161151_day_clear_lidar_1763022390600549936.bin
  [prediction] Pub 17 boxes
Publishing 17 3D boxes
  [prediction] File: sweeper_predict/bin/AD002_JS_urban_20251113_161151_day_clear_lidar_1763022390600549936.bin

--- Frame 568 ---
  [ground_truth] Pub 22 boxes
Publishing 22 3D boxes
  [ground_truth] File: sweeper_gt/bin/AD002_JS_urban_20251113_161151_day_clear_lidar_1763022392600637913.bin
  [prediction] Pub 15 boxes
Publishing 15 3D boxes
  [prediction] File: sweeper_predict/bin/AD002_JS_urban_20251113_161151_day_clear_lidar_1763022392600637913.bin

--- Frame 569 ---
  [ground_truth] Pub 22 boxes
Publishing 22 3D boxes
  [ground_truth] File: sweeper_gt/bin/AD002_JS_urban_20251113_161151_day_clear_lidar_1763022394600841045.bin
  [prediction] Pub 16 boxes
Publishing 16 3D boxes
  [prediction] File: sweeper_predict/bin/AD002_JS_urban_20251113_161151_day_clear_lidar_1763022394600841045.bin

--- Frame 570 ---
  [ground_truth] Pub 21 boxes
Publishing 21 3D boxes
  [ground_truth] File: sweeper_gt/bin/AD002_JS_urban_20251113_161151_day_clear_lidar_1763022396600563049.bin
  [prediction] Pub 16 boxes
Publishing 16 3D boxes
  [prediction] File: sweeper_predict/bin/AD002_JS_urban_20251113_161151_day_clear_lidar_1763022396600563049.bin

--- Frame 571 ---
  [ground_truth] Pub 20 boxes
Publishing 20 3D boxes
  [ground_truth] File: sweeper_gt/bin/AD002_JS_urban_20251113_161151_day_clear_lidar_1763022398600626945.bin
  [prediction] Pub 17 boxes
Publishing 17 3D boxes
  [prediction] File: sweeper_predict/bin/AD002_JS_urban_20251113_161151_day_clear_lidar_1763022398600626945.bin

--- Frame 572 ---
  [ground_truth] Pub 20 boxes
Publishing 20 3D boxes
  [ground_truth] File: sweeper_gt/bin/AD002_JS_urban_20251113_161151_day_clear_lidar_1763022400600802898.bin
  [prediction] Pub 17 boxes
Publishing 17 3D boxes
  [prediction] File: sweeper_predict/bin/AD002_JS_urban_20251113_161151_day_clear_lidar_1763022400600802898.bin

--- Frame 573 ---
  [ground_truth] Pub 20 boxes
Publishing 20 3D boxes
  [ground_truth] File: sweeper_gt/bin/AD002_JS_urban_20251113_161151_day_clear_lidar_1763022402600509882.bin
  [prediction] Pub 16 boxes
Publishing 16 3D boxes
  [prediction] File: sweeper_predict/bin/AD002_JS_urban_20251113_161151_day_clear_lidar_1763022402600509882.bin

--- Frame 574 ---
  [ground_truth] Pub 19 boxes
Publishing 19 3D boxes
  [ground_truth] File: sweeper_gt/bin/AD002_JS_urban_20251113_161151_day_clear_lidar_1763022404600665092.bin
  [prediction] Pub 15 boxes
Publishing 15 3D boxes
  [prediction] File: sweeper_predict/bin/AD002_JS_urban_20251113_161151_day_clear_lidar_1763022404600665092.bin

--- Frame 575 ---
  [ground_truth] Pub 20 boxes
Publishing 20 3D boxes
  [ground_truth] File: sweeper_gt/bin/AD002_JS_urban_20251113_161151_day_clear_lidar_1763022406600788116.bin
  [prediction] Pub 16 boxes
Publishing 16 3D boxes
  [prediction] File: sweeper_predict/bin/AD002_JS_urban_20251113_161151_day_clear_lidar_1763022406600788116.bin

--- Frame 576 ---
  [ground_truth] Pub 19 boxes
Publishing 19 3D boxes
  [ground_truth] File: sweeper_gt/bin/AD002_JS_urban_20251113_161151_day_clear_lidar_1763022408600518942.bin
  [prediction] Pub 17 boxes
Publishing 17 3D boxes
  [prediction] File: sweeper_predict/bin/AD002_JS_urban_20251113_161151_day_clear_lidar_1763022408600518942.bin

--- Frame 577 ---
  [ground_truth] Pub 18 boxes
Publishing 18 3D boxes
  [ground_truth] File: sweeper_gt/bin/AD002_JS_urban_20251113_161151_day_clear_lidar_1763022410600641012.bin
  [prediction] Pub 17 boxes
Publishing 17 3D boxes
  [prediction] File: sweeper_predict/bin/AD002_JS_urban_20251113_161151_day_clear_lidar_1763022410600641012.bin

--- Frame 578 ---
  [ground_truth] Pub 18 boxes
Publishing 18 3D boxes
  [ground_truth] File: sweeper_gt/bin/AD002_JS_urban_20251113_161151_day_clear_lidar_1763022412600780010.bin
  [prediction] Pub 17 boxes
Publishing 17 3D boxes
  [prediction] File: sweeper_predict/bin/AD002_JS_urban_20251113_161151_day_clear_lidar_1763022412600780010.bin

--- Frame 579 ---
  [ground_truth] Pub 24 boxes
Publishing 24 3D boxes
  [ground_truth] File: sweeper_gt/bin/AD002_JS_urban_20251113_161151_day_clear_lidar_1763022414600521088.bin
  [prediction] Pub 17 boxes
Publishing 17 3D boxes
  [prediction] File: sweeper_predict/bin/AD002_JS_urban_20251113_161151_day_clear_lidar_1763022414600521088.bin

--- Frame 580 ---
  [ground_truth] Pub 25 boxes
Publishing 25 3D boxes
  [ground_truth] File: sweeper_gt/bin/AD002_JS_urban_20251113_161151_day_clear_lidar_1763022416600651026.bin
  [prediction] Pub 20 boxes
Publishing 20 3D boxes
  [prediction] File: sweeper_predict/bin/AD002_JS_urban_20251113_161151_day_clear_lidar_1763022416600651026.bin

--- Frame 581 ---
  [ground_truth] Pub 25 boxes
Publishing 25 3D boxes
  [ground_truth] File: sweeper_gt/bin/AD002_JS_urban_20251113_161151_day_clear_lidar_1763022418600809097.bin
  [prediction] Pub 19 boxes
Publishing 19 3D boxes
  [prediction] File: sweeper_predict/bin/AD002_JS_urban_20251113_161151_day_clear_lidar_1763022418600809097.bin

--- Frame 582 ---
  [ground_truth] Pub 24 boxes
Publishing 24 3D boxes
  [ground_truth] File: sweeper_gt/bin/AD002_JS_urban_20251113_161151_day_clear_lidar_1763022420600486994.bin
  [prediction] Pub 18 boxes
Publishing 18 3D boxes
  [prediction] File: sweeper_predict/bin/AD002_JS_urban_20251113_161151_day_clear_lidar_1763022420600486994.bin

--- Frame 583 ---
  [ground_truth] Pub 24 boxes
Publishing 24 3D boxes
  [ground_truth] File: sweeper_gt/bin/AD002_JS_urban_20251113_161151_day_clear_lidar_1763022422600662947.bin
  [prediction] Pub 19 boxes
Publishing 19 3D boxes
  [prediction] File: sweeper_predict/bin/AD002_JS_urban_20251113_161151_day_clear_lidar_1763022422600662947.bin

--- Frame 584 ---
  [ground_truth] Pub 23 boxes
Publishing 23 3D boxes
  [ground_truth] File: sweeper_gt/bin/AD002_JS_urban_20251113_161151_day_clear_lidar_1763022424600805044.bin
  [prediction] Pub 22 boxes
Publishing 22 3D boxes
  [prediction] File: sweeper_predict/bin/AD002_JS_urban_20251113_161151_day_clear_lidar_1763022424600805044.bin

--- Frame 585 ---
  [ground_truth] Pub 34 boxes
Publishing 34 3D boxes
  [ground_truth] File: sweeper_gt/bin/AD002_JS_urban_20251113_161151_day_clear_lidar_1763022426600501060.bin
  [prediction] Pub 25 boxes
Publishing 25 3D boxes
  [prediction] File: sweeper_predict/bin/AD002_JS_urban_20251113_161151_day_clear_lidar_1763022426600501060.bin

--- Frame 586 ---
  [ground_truth] Pub 33 boxes
Publishing 33 3D boxes
  [ground_truth] File: sweeper_gt/bin/AD002_JS_urban_20251113_161151_day_clear_lidar_1763022428600639105.bin
  [prediction] Pub 26 boxes
Publishing 26 3D boxes
  [prediction] File: sweeper_predict/bin/AD002_JS_urban_20251113_161151_day_clear_lidar_1763022428600639105.bin

--- Frame 587 ---
  [ground_truth] Pub 36 boxes
Publishing 36 3D boxes
  [ground_truth] File: sweeper_gt/bin/AD002_JS_urban_20251113_161151_day_clear_lidar_1763022430600867987.bin
  [prediction] Pub 29 boxes
Publishing 29 3D boxes
  [prediction] File: sweeper_predict/bin/AD002_JS_urban_20251113_161151_day_clear_lidar_1763022430600867987.bin

--- Frame 588 ---
  [ground_truth] Pub 35 boxes
Publishing 35 3D boxes
  [ground_truth] File: sweeper_gt/bin/AD002_JS_urban_20251113_161151_day_clear_lidar_1763022432600534916.bin
  [prediction] Pub 29 boxes
Publishing 29 3D boxes
  [prediction] File: sweeper_predict/bin/AD002_JS_urban_20251113_161151_day_clear_lidar_1763022432600534916.bin

--- Frame 589 ---
  [ground_truth] Pub 36 boxes
Publishing 36 3D boxes
  [ground_truth] File: sweeper_gt/bin/AD002_JS_urban_20251113_161151_day_clear_lidar_1763022434600626945.bin
  [prediction] Pub 22 boxes
Publishing 22 3D boxes
  [prediction] File: sweeper_predict/bin/AD002_JS_urban_20251113_161151_day_clear_lidar_1763022434600626945.bin

--- Frame 590 ---
  [ground_truth] Pub 33 boxes
Publishing 33 3D boxes
  [ground_truth] File: sweeper_gt/bin/AD002_JS_urban_20251113_161151_day_clear_lidar_1763022436600806952.bin
  [prediction] Pub 30 boxes
Publishing 30 3D boxes
  [prediction] File: sweeper_predict/bin/AD002_JS_urban_20251113_161151_day_clear_lidar_1763022436600806952.bin

--- Frame 591 ---
  [ground_truth] Pub 41 boxes
Publishing 41 3D boxes
  [ground_truth] File: sweeper_gt/bin/AD002_JS_urban_20251113_161151_day_clear_lidar_1763022438600503922.bin
  [prediction] Pub 33 boxes
Publishing 33 3D boxes
  [prediction] File: sweeper_predict/bin/AD002_JS_urban_20251113_161151_day_clear_lidar_1763022438600503922.bin

--- Frame 592 ---
  [ground_truth] Pub 42 boxes
Publishing 42 3D boxes
  [ground_truth] File: sweeper_gt/bin/AD002_JS_urban_20251113_161151_day_clear_lidar_1763022440600647926.bin
  [prediction] Pub 32 boxes
Publishing 32 3D boxes
  [prediction] File: sweeper_predict/bin/AD002_JS_urban_20251113_161151_day_clear_lidar_1763022440600647926.bin

--- Frame 593 ---
  [ground_truth] Pub 42 boxes
Publishing 42 3D boxes
  [ground_truth] File: sweeper_gt/bin/AD002_JS_urban_20251113_161151_day_clear_lidar_1763022442600825071.bin
  [prediction] Pub 37 boxes
Publishing 37 3D boxes
  [prediction] File: sweeper_predict/bin/AD002_JS_urban_20251113_161151_day_clear_lidar_1763022442600825071.bin

--- Frame 594 ---
  [ground_truth] Pub 40 boxes
Publishing 40 3D boxes
  [ground_truth] File: sweeper_gt/bin/AD002_JS_urban_20251113_161151_day_clear_lidar_1763022444600507021.bin
  [prediction] Pub 37 boxes
Publishing 37 3D boxes
  [prediction] File: sweeper_predict/bin/AD002_JS_urban_20251113_161151_day_clear_lidar_1763022444600507021.bin

--- Frame 595 ---
  [ground_truth] Pub 40 boxes
Publishing 40 3D boxes
  [ground_truth] File: sweeper_gt/bin/AD002_JS_urban_20251113_161151_day_clear_lidar_1763022446600639105.bin
  [prediction] Pub 32 boxes
Publishing 32 3D boxes
  [prediction] File: sweeper_predict/bin/AD002_JS_urban_20251113_161151_day_clear_lidar_1763022446600639105.bin

--- Frame 596 ---
  [ground_truth] Pub 40 boxes
Publishing 40 3D boxes
  [ground_truth] File: sweeper_gt/bin/AD002_JS_urban_20251113_161151_day_clear_lidar_1763022448600779057.bin
  [prediction] Pub 34 boxes
Publishing 34 3D boxes
  [prediction] File: sweeper_predict/bin/AD002_JS_urban_20251113_161151_day_clear_lidar_1763022448600779057.bin

--- Frame 597 ---
  [ground_truth] Pub 40 boxes
Publishing 40 3D boxes
  [ground_truth] File: sweeper_gt/bin/AD002_JS_urban_20251113_161151_day_clear_lidar_1763022450600533009.bin
  [prediction] Pub 35 boxes
Publishing 35 3D boxes
  [prediction] File: sweeper_predict/bin/AD002_JS_urban_20251113_161151_day_clear_lidar_1763022450600533009.bin

--- Frame 598 ---
  [ground_truth] Pub 41 boxes
Publishing 41 3D boxes
  [ground_truth] File: sweeper_gt/bin/AD002_JS_urban_20251113_161151_day_clear_lidar_1763022452600626945.bin
  [prediction] Pub 34 boxes
Publishing 34 3D boxes
  [prediction] File: sweeper_predict/bin/AD002_JS_urban_20251113_161151_day_clear_lidar_1763022452600626945.bin

--- Frame 599 ---
  [ground_truth] Pub 39 boxes
Publishing 39 3D boxes
  [ground_truth] File: sweeper_gt/bin/AD002_JS_urban_20251113_161151_day_clear_lidar_1763022454600796938.bin
  [prediction] Pub 36 boxes
Publishing 36 3D boxes
  [prediction] File: sweeper_predict/bin/AD002_JS_urban_20251113_161151_day_clear_lidar_1763022454600796938.bin

--- Frame 600 ---
  [ground_truth] Pub 36 boxes
Publishing 36 3D boxes
  [ground_truth] File: sweeper_gt/bin/AD002_JS_urban_20251113_161151_day_clear_lidar_1763022456600505114.bin
  [prediction] Pub 31 boxes
Publishing 31 3D boxes
  [prediction] File: sweeper_predict/bin/AD002_JS_urban_20251113_161151_day_clear_lidar_1763022456600505114.bin

--- Frame 601 ---
  [ground_truth] Pub 36 boxes
Publishing 36 3D boxes
  [ground_truth] File: sweeper_gt/bin/AD002_JS_urban_20251113_161151_day_clear_lidar_1763022458600630999.bin
  [prediction] Pub 33 boxes
Publishing 33 3D boxes
  [prediction] File: sweeper_predict/bin/AD002_JS_urban_20251113_161151_day_clear_lidar_1763022458600630999.bin

--- Frame 602 ---
  [ground_truth] Pub 35 boxes
Publishing 35 3D boxes
  [ground_truth] File: sweeper_gt/bin/AD002_JS_urban_20251113_161151_day_clear_lidar_1763022460600831985.bin
  [prediction] Pub 31 boxes
Publishing 31 3D boxes
  [prediction] File: sweeper_predict/bin/AD002_JS_urban_20251113_161151_day_clear_lidar_1763022460600831985.bin

--- Frame 603 ---
  [ground_truth] Pub 20 boxes
Publishing 20 3D boxes
  [ground_truth] File: sweeper_gt/bin/AD002_JS_urban_20251113_161151_day_clear_lidar_1763022462600531101.bin
  [prediction] Pub 26 boxes
Publishing 26 3D boxes
  [prediction] File: sweeper_predict/bin/AD002_JS_urban_20251113_161151_day_clear_lidar_1763022462600531101.bin

--- Frame 604 ---
  [ground_truth] Pub 23 boxes
Publishing 23 3D boxes
  [ground_truth] File: sweeper_gt/bin/AD002_JS_urban_20251113_161151_day_clear_lidar_1763022464600656986.bin
  [prediction] Pub 21 boxes
Publishing 21 3D boxes
  [prediction] File: sweeper_predict/bin/AD002_JS_urban_20251113_161151_day_clear_lidar_1763022464600656986.bin

--- Frame 605 ---
  [ground_truth] Pub 21 boxes
Publishing 21 3D boxes
  [ground_truth] File: sweeper_gt/bin/AD002_JS_urban_20251113_161151_day_clear_lidar_1763022466600804090.bin
  [prediction] Pub 18 boxes
Publishing 18 3D boxes
  [prediction] File: sweeper_predict/bin/AD002_JS_urban_20251113_161151_day_clear_lidar_1763022466600804090.bin

--- Frame 606 ---
  [ground_truth] Pub 22 boxes
Publishing 22 3D boxes
  [ground_truth] File: sweeper_gt/bin/AD002_JS_urban_20251113_161151_day_clear_lidar_1763022468600524902.bin
  [prediction] Pub 18 boxes
Publishing 18 3D boxes
  [prediction] File: sweeper_predict/bin/AD002_JS_urban_20251113_161151_day_clear_lidar_1763022468600524902.bin

--- Frame 607 ---
  [ground_truth] Pub 24 boxes
Publishing 24 3D boxes
  [ground_truth] File: sweeper_gt/bin/AD002_JS_urban_20251113_161151_day_clear_lidar_1763022470600632906.bin
  [prediction] Pub 20 boxes
Publishing 20 3D boxes
  [prediction] File: sweeper_predict/bin/AD002_JS_urban_20251113_161151_day_clear_lidar_1763022470600632906.bin

--- Frame 608 ---
  [ground_truth] Pub 23 boxes
Publishing 23 3D boxes
  [ground_truth] File: sweeper_gt/bin/AD002_JS_urban_20251113_161151_day_clear_lidar_1763022472600800037.bin
  [prediction] Pub 16 boxes
Publishing 16 3D boxes
  [prediction] File: sweeper_predict/bin/AD002_JS_urban_20251113_161151_day_clear_lidar_1763022472600800037.bin

--- Frame 609 ---
  [ground_truth] Pub 15 boxes
Publishing 15 3D boxes
  [ground_truth] File: sweeper_gt/bin/AD002_JS_urban_20251113_161151_day_clear_lidar_1763022474600570917.bin
  [prediction] Pub 15 boxes
Publishing 15 3D boxes
  [prediction] File: sweeper_predict/bin/AD002_JS_urban_20251113_161151_day_clear_lidar_1763022474600570917.bin

--- Frame 610 ---
  [ground_truth] Pub 14 boxes
Publishing 14 3D boxes
  [ground_truth] File: sweeper_gt/bin/AD002_JS_urban_20251113_161151_day_clear_lidar_1763022476600673914.bin
  [prediction] Pub 16 boxes
Publishing 16 3D boxes
  [prediction] File: sweeper_predict/bin/AD002_JS_urban_20251113_161151_day_clear_lidar_1763022476600673914.bin

--- Frame 611 ---
  [ground_truth] Pub 14 boxes
Publishing 14 3D boxes
  [ground_truth] File: sweeper_gt/bin/AD002_JS_urban_20251113_161151_day_clear_lidar_1763022478600794077.bin
  [prediction] Pub 17 boxes
Publishing 17 3D boxes
  [prediction] File: sweeper_predict/bin/AD002_JS_urban_20251113_161151_day_clear_lidar_1763022478600794077.bin

--- Frame 612 ---
  [ground_truth] Pub 13 boxes
Publishing 13 3D boxes
  [ground_truth] File: sweeper_gt/bin/AD002_JS_urban_20251113_161151_day_clear_lidar_1763022480600514889.bin
  [prediction] Pub 14 boxes
Publishing 14 3D boxes
  [prediction] File: sweeper_predict/bin/AD002_JS_urban_20251113_161151_day_clear_lidar_1763022480600514889.bin

--- Frame 613 ---
  [ground_truth] Pub 12 boxes
Publishing 12 3D boxes
  [ground_truth] File: sweeper_gt/bin/AD002_JS_urban_20251113_161151_day_clear_lidar_1763022482600627899.bin
  [prediction] Pub 13 boxes
Publishing 13 3D boxes
  [prediction] File: sweeper_predict/bin/AD002_JS_urban_20251113_161151_day_clear_lidar_1763022482600627899.bin

--- Frame 614 ---
  [ground_truth] Pub 12 boxes
Publishing 12 3D boxes
  [ground_truth] File: sweeper_gt/bin/AD002_JS_urban_20251113_161151_day_clear_lidar_1763022484600804090.bin
  [prediction] Pub 13 boxes
Publishing 13 3D boxes
  [prediction] File: sweeper_predict/bin/AD002_JS_urban_20251113_161151_day_clear_lidar_1763022484600804090.bin

--- Frame 615 ---
  [ground_truth] Pub 15 boxes
Publishing 15 3D boxes
  [ground_truth] File: sweeper_gt/bin/AD002_JS_urban_20251113_161151_day_clear_lidar_1763022486600523949.bin
  [prediction] Pub 15 boxes
Publishing 15 3D boxes
  [prediction] File: sweeper_predict/bin/AD002_JS_urban_20251113_161151_day_clear_lidar_1763022486600523949.bin

--- Frame 616 ---
  [ground_truth] Pub 13 boxes
Publishing 13 3D boxes
  [ground_truth] File: sweeper_gt/bin/AD002_JS_urban_20251113_161151_day_clear_lidar_1763022488600640059.bin
  [prediction] Pub 14 boxes
Publishing 14 3D boxes
  [prediction] File: sweeper_predict/bin/AD002_JS_urban_20251113_161151_day_clear_lidar_1763022488600640059.bin

--- Frame 617 ---
  [ground_truth] Pub 13 boxes
Publishing 13 3D boxes
  [ground_truth] File: sweeper_gt/bin/AD002_JS_urban_20251113_161151_day_clear_lidar_1763022490600845098.bin
  [prediction] Pub 12 boxes
Publishing 12 3D boxes
  [prediction] File: sweeper_predict/bin/AD002_JS_urban_20251113_161151_day_clear_lidar_1763022490600845098.bin

--- Frame 618 ---
  [ground_truth] Pub 12 boxes
Publishing 12 3D boxes
  [ground_truth] File: sweeper_gt/bin/AD002_JS_urban_20251113_161151_day_clear_lidar_1763022492600548029.bin
  [prediction] Pub 10 boxes
Publishing 10 3D boxes
  [prediction] File: sweeper_predict/bin/AD002_JS_urban_20251113_161151_day_clear_lidar_1763022492600548029.bin

--- Frame 619 ---
  [ground_truth] Pub 11 boxes
Publishing 11 3D boxes
  [ground_truth] File: sweeper_gt/bin/AD002_JS_urban_20251113_161151_day_clear_lidar_1763022494600630045.bin
  [prediction] Pub 10 boxes
Publishing 10 3D boxes
  [prediction] File: sweeper_predict/bin/AD002_JS_urban_20251113_161151_day_clear_lidar_1763022494600630045.bin

--- Frame 620 ---
  [ground_truth] Pub 10 boxes
Publishing 10 3D boxes
  [ground_truth] File: sweeper_gt/bin/AD002_JS_urban_20251113_161151_day_clear_lidar_1763022496600766897.bin
  [prediction] Pub 11 boxes
Publishing 11 3D boxes
  [prediction] File: sweeper_predict/bin/AD002_JS_urban_20251113_161151_day_clear_lidar_1763022496600766897.bin

--- Frame 621 ---
  [ground_truth] Pub 11 boxes
Publishing 11 3D boxes
  [ground_truth] File: sweeper_gt/bin/AD002_JS_urban_20251113_161151_day_clear_lidar_1763022498600513935.bin
  [prediction] Pub 10 boxes
Publishing 10 3D boxes
  [prediction] File: sweeper_predict/bin/AD002_JS_urban_20251113_161151_day_clear_lidar_1763022498600513935.bin

--- Frame 622 ---
  [ground_truth] Pub 11 boxes
Publishing 11 3D boxes
  [ground_truth] File: sweeper_gt/bin/AD002_JS_urban_20251113_161151_day_clear_lidar_1763022500600620031.bin
  [prediction] Pub 8 boxes
Publishing 8 3D boxes
  [prediction] File: sweeper_predict/bin/AD002_JS_urban_20251113_161151_day_clear_lidar_1763022500600620031.bin

--- Frame 623 ---
  [ground_truth] Pub 12 boxes
Publishing 12 3D boxes
  [ground_truth] File: sweeper_gt/bin/AD002_JS_urban_20251113_161151_day_clear_lidar_1763022502600796938.bin
  [prediction] Pub 10 boxes
Publishing 10 3D boxes
  [prediction] File: sweeper_predict/bin/AD002_JS_urban_20251113_161151_day_clear_lidar_1763022502600796938.bin

--- Frame 624 ---
  [ground_truth] Pub 12 boxes
Publishing 12 3D boxes
  [ground_truth] File: sweeper_gt/bin/AD002_JS_urban_20251113_161151_day_clear_lidar_1763022504600517035.bin
  [prediction] Pub 9 boxes
Publishing 9 3D boxes
  [prediction] File: sweeper_predict/bin/AD002_JS_urban_20251113_161151_day_clear_lidar_1763022504600517035.bin

--- Frame 625 ---
  [ground_truth] Pub 13 boxes
Publishing 13 3D boxes
  [ground_truth] File: sweeper_gt/bin/AD002_JS_urban_20251113_161151_day_clear_lidar_1763022506600627899.bin
  [prediction] Pub 10 boxes
Publishing 10 3D boxes
  [prediction] File: sweeper_predict/bin/AD002_JS_urban_20251113_161151_day_clear_lidar_1763022506600627899.bin

--- Frame 626 ---
  [ground_truth] Pub 10 boxes
Publishing 10 3D boxes
  [ground_truth] File: sweeper_gt/bin/AD002_JS_urban_20251113_161151_day_clear_lidar_1763022508600831985.bin
  [prediction] Pub 9 boxes
Publishing 9 3D boxes
  [prediction] File: sweeper_predict/bin/AD002_JS_urban_20251113_161151_day_clear_lidar_1763022508600831985.bin

--- Frame 627 ---
  [ground_truth] Pub 13 boxes
Publishing 13 3D boxes
  [ground_truth] File: sweeper_gt/bin/AD002_JS_urban_20251113_161151_day_clear_lidar_1763022510600514889.bin
  [prediction] Pub 7 boxes
Publishing 7 3D boxes
  [prediction] File: sweeper_predict/bin/AD002_JS_urban_20251113_161151_day_clear_lidar_1763022510600514889.bin

--- Frame 628 ---
  [ground_truth] Pub 13 boxes
Publishing 13 3D boxes
  [ground_truth] File: sweeper_gt/bin/AD002_JS_urban_20251113_161151_day_clear_lidar_1763022512600631952.bin
  [prediction] Pub 9 boxes
Publishing 9 3D boxes
  [prediction] File: sweeper_predict/bin/AD002_JS_urban_20251113_161151_day_clear_lidar_1763022512600631952.bin

--- Frame 629 ---
  [ground_truth] Pub 15 boxes
Publishing 15 3D boxes
  [ground_truth] File: sweeper_gt/bin/AD002_JS_urban_20251113_161151_day_clear_lidar_1763022514600815058.bin
  [prediction] Pub 10 boxes
Publishing 10 3D boxes
  [prediction] File: sweeper_predict/bin/AD002_JS_urban_20251113_161151_day_clear_lidar_1763022514600815058.bin

--- Frame 630 ---
  [ground_truth] Pub 12 boxes
Publishing 12 3D boxes
  [ground_truth] File: sweeper_gt/bin/AD002_JS_urban_20251113_161151_day_clear_lidar_1763022516600532055.bin
  [prediction] Pub 8 boxes
Publishing 8 3D boxes
  [prediction] File: sweeper_predict/bin/AD002_JS_urban_20251113_161151_day_clear_lidar_1763022516600532055.bin

--- Frame 631 ---
  [ground_truth] Pub 12 boxes
Publishing 12 3D boxes
  [ground_truth] File: sweeper_gt/bin/AD002_JS_urban_20251113_161151_day_clear_lidar_1763022518600625038.bin
  [prediction] Pub 10 boxes
Publishing 10 3D boxes
  [prediction] File: sweeper_predict/bin/AD002_JS_urban_20251113_161151_day_clear_lidar_1763022518600625038.bin

--- Frame 632 ---
  [ground_truth] Pub 11 boxes
Publishing 11 3D boxes
  [ground_truth] File: sweeper_gt/bin/AD002_JS_urban_20251113_161151_day_clear_lidar_1763022520600785971.bin
  [prediction] Pub 8 boxes
Publishing 8 3D boxes
  [prediction] File: sweeper_predict/bin/AD002_JS_urban_20251113_161151_day_clear_lidar_1763022520600785971.bin

--- Frame 633 ---
  [ground_truth] Pub 8 boxes
Publishing 8 3D boxes
  [ground_truth] File: sweeper_gt/bin/AD002_JS_urban_20251113_161151_day_clear_lidar_1763022522600553989.bin
  [prediction] Pub 8 boxes
Publishing 8 3D boxes
  [prediction] File: sweeper_predict/bin/AD002_JS_urban_20251113_161151_day_clear_lidar_1763022522600553989.bin

--- Frame 634 ---
  [ground_truth] Pub 8 boxes
Publishing 8 3D boxes
  [ground_truth] File: sweeper_gt/bin/AD002_JS_urban_20251113_161151_day_clear_lidar_1763022524600655079.bin
  [prediction] Pub 8 boxes
Publishing 8 3D boxes
  [prediction] File: sweeper_predict/bin/AD002_JS_urban_20251113_161151_day_clear_lidar_1763022524600655079.bin

--- Frame 635 ---
  [ground_truth] Pub 10 boxes
Publishing 10 3D boxes
  [ground_truth] File: sweeper_gt/bin/AD002_JS_urban_20251113_161151_day_clear_lidar_1763022526600811958.bin
  [prediction] Pub 13 boxes
Publishing 13 3D boxes
  [prediction] File: sweeper_predict/bin/AD002_JS_urban_20251113_161151_day_clear_lidar_1763022526600811958.bin

--- Frame 636 ---
  [ground_truth] Pub 10 boxes
Publishing 10 3D boxes
  [ground_truth] File: sweeper_gt/bin/AD002_JS_urban_20251113_161151_day_clear_lidar_1763022528600539923.bin
  [prediction] Pub 9 boxes
Publishing 9 3D boxes
  [prediction] File: sweeper_predict/bin/AD002_JS_urban_20251113_161151_day_clear_lidar_1763022528600539923.bin

--- Frame 637 ---
  [ground_truth] Pub 8 boxes
Publishing 8 3D boxes
  [ground_truth] File: sweeper_gt/bin/AD002_JS_urban_20251113_161151_day_clear_lidar_1763022530600641966.bin
  [prediction] Pub 8 boxes
Publishing 8 3D boxes
  [prediction] File: sweeper_predict/bin/AD002_JS_urban_20251113_161151_day_clear_lidar_1763022530600641966.bin

--- Frame 638 ---
  [ground_truth] Pub 8 boxes
Publishing 8 3D boxes
  [ground_truth] File: sweeper_gt/bin/AD002_JS_urban_20251113_161151_day_clear_lidar_1763022532600780010.bin
  [prediction] Pub 6 boxes
Publishing 6 3D boxes
  [prediction] File: sweeper_predict/bin/AD002_JS_urban_20251113_161151_day_clear_lidar_1763022532600780010.bin

--- Frame 639 ---
  [ground_truth] Pub 10 boxes
Publishing 10 3D boxes
  [ground_truth] File: sweeper_gt/bin/AD002_JS_urban_20251113_161151_day_clear_lidar_1763022534600552082.bin
  [prediction] Pub 7 boxes
Publishing 7 3D boxes
  [prediction] File: sweeper_predict/bin/AD002_JS_urban_20251113_161151_day_clear_lidar_1763022534600552082.bin

--- Frame 640 ---
  [ground_truth] Pub 10 boxes
Publishing 10 3D boxes
  [ground_truth] File: sweeper_gt/bin/AD002_JS_urban_20251113_161151_day_clear_lidar_1763022536600631952.bin
  [prediction] Pub 8 boxes
Publishing 8 3D boxes
  [prediction] File: sweeper_predict/bin/AD002_JS_urban_20251113_161151_day_clear_lidar_1763022536600631952.bin

--- Frame 641 ---
  [ground_truth] Pub 10 boxes
Publishing 10 3D boxes
  [ground_truth] File: sweeper_gt/bin/AD002_JS_urban_20251113_161151_day_clear_lidar_1763022538600804090.bin
  [prediction] Pub 9 boxes
Publishing 9 3D boxes
  [prediction] File: sweeper_predict/bin/AD002_JS_urban_20251113_161151_day_clear_lidar_1763022538600804090.bin

--- Frame 642 ---
  [ground_truth] Pub 11 boxes
Publishing 11 3D boxes
  [ground_truth] File: sweeper_gt/bin/AD002_JS_urban_20251113_161151_day_clear_lidar_1763022540600511074.bin
  [prediction] Pub 12 boxes
Publishing 12 3D boxes
  [prediction] File: sweeper_predict/bin/AD002_JS_urban_20251113_161151_day_clear_lidar_1763022540600511074.bin

--- Frame 643 ---
  [ground_truth] Pub 11 boxes
Publishing 11 3D boxes
  [ground_truth] File: sweeper_gt/bin/AD002_JS_urban_20251113_161151_day_clear_lidar_1763022542600610018.bin
  [prediction] Pub 10 boxes
Publishing 10 3D boxes
  [prediction] File: sweeper_predict/bin/AD002_JS_urban_20251113_161151_day_clear_lidar_1763022542600610018.bin

--- Frame 644 ---
  [ground_truth] Pub 11 boxes
Publishing 11 3D boxes
  [ground_truth] File: sweeper_gt/bin/AD002_JS_urban_20251113_161151_day_clear_lidar_1763022544600851059.bin
  [prediction] Pub 12 boxes
Publishing 12 3D boxes
  [prediction] File: sweeper_predict/bin/AD002_JS_urban_20251113_161151_day_clear_lidar_1763022544600851059.bin

--- Frame 645 ---
  [ground_truth] Pub 10 boxes
Publishing 10 3D boxes
  [ground_truth] File: sweeper_gt/bin/AD002_JS_urban_20251113_161151_day_clear_lidar_1763022546600517988.bin
  [prediction] Pub 10 boxes
Publishing 10 3D boxes
  [prediction] File: sweeper_predict/bin/AD002_JS_urban_20251113_161151_day_clear_lidar_1763022546600517988.bin

--- Frame 646 ---
  [ground_truth] Pub 10 boxes
Publishing 10 3D boxes
  [ground_truth] File: sweeper_gt/bin/AD002_JS_urban_20251113_161151_day_clear_lidar_1763022548600656033.bin
  [prediction] Pub 11 boxes
Publishing 11 3D boxes
  [prediction] File: sweeper_predict/bin/AD002_JS_urban_20251113_161151_day_clear_lidar_1763022548600656033.bin

--- Frame 647 ---
  [ground_truth] Pub 9 boxes
Publishing 9 3D boxes
  [ground_truth] File: sweeper_gt/bin/AD002_JS_urban_20251113_161151_day_clear_lidar_1763022550600838900.bin
  [prediction] Pub 12 boxes
Publishing 12 3D boxes
  [prediction] File: sweeper_predict/bin/AD002_JS_urban_20251113_161151_day_clear_lidar_1763022550600838900.bin

--- Frame 648 ---
  [ground_truth] Pub 25 boxes
Publishing 25 3D boxes
  [ground_truth] File: sweeper_gt/bin/AD002_JS_urban_20251113_170518_day_clear_lidar_1763024719800532103.bin
  [prediction] Pub 16 boxes
Publishing 16 3D boxes
  [prediction] File: sweeper_predict/bin/AD002_JS_urban_20251113_170518_day_clear_lidar_1763024719800532103.bin

--- Frame 649 ---
  [ground_truth] Pub 25 boxes
Publishing 25 3D boxes
  [ground_truth] File: sweeper_gt/bin/AD002_JS_urban_20251113_170518_day_clear_lidar_1763024721800700903.bin
  [prediction] Pub 18 boxes
Publishing 18 3D boxes
  [prediction] File: sweeper_predict/bin/AD002_JS_urban_20251113_170518_day_clear_lidar_1763024721800700903.bin

--- Frame 650 ---
  [ground_truth] Pub 27 boxes
Publishing 27 3D boxes
  [ground_truth] File: sweeper_gt/bin/AD002_JS_urban_20251113_170518_day_clear_lidar_1763024723800791979.bin
  [prediction] Pub 18 boxes
Publishing 18 3D boxes
  [prediction] File: sweeper_predict/bin/AD002_JS_urban_20251113_170518_day_clear_lidar_1763024723800791979.bin

--- Frame 651 ---
  [ground_truth] Pub 26 boxes
Publishing 26 3D boxes
  [ground_truth] File: sweeper_gt/bin/AD002_JS_urban_20251113_170518_day_clear_lidar_1763024725800513029.bin
  [prediction] Pub 18 boxes
Publishing 18 3D boxes
  [prediction] File: sweeper_predict/bin/AD002_JS_urban_20251113_170518_day_clear_lidar_1763024725800513029.bin

--- Frame 652 ---
  [ground_truth] Pub 27 boxes
Publishing 27 3D boxes
  [ground_truth] File: sweeper_gt/bin/AD002_JS_urban_20251113_170518_day_clear_lidar_1763024727800699949.bin
  [prediction] Pub 18 boxes
Publishing 18 3D boxes
  [prediction] File: sweeper_predict/bin/AD002_JS_urban_20251113_170518_day_clear_lidar_1763024727800699949.bin

--- Frame 653 ---
  [ground_truth] Pub 26 boxes
Publishing 26 3D boxes
  [ground_truth] File: sweeper_gt/bin/AD002_JS_urban_20251113_170518_day_clear_lidar_1763024729800815105.bin
  [prediction] Pub 19 boxes
Publishing 19 3D boxes
  [prediction] File: sweeper_predict/bin/AD002_JS_urban_20251113_170518_day_clear_lidar_1763024729800815105.bin

--- Frame 654 ---
  [ground_truth] Pub 18 boxes
Publishing 18 3D boxes
  [ground_truth] File: sweeper_gt/bin/AD002_JS_urban_20251113_170518_day_clear_lidar_1763024731800546885.bin
  [prediction] Pub 14 boxes
Publishing 14 3D boxes
  [prediction] File: sweeper_predict/bin/AD002_JS_urban_20251113_170518_day_clear_lidar_1763024731800546885.bin

--- Frame 655 ---
  [ground_truth] Pub 17 boxes
Publishing 17 3D boxes
  [ground_truth] File: sweeper_gt/bin/AD002_JS_urban_20251113_170518_day_clear_lidar_1763024733800617933.bin
  [prediction] Pub 15 boxes
Publishing 15 3D boxes
  [prediction] File: sweeper_predict/bin/AD002_JS_urban_20251113_170518_day_clear_lidar_1763024733800617933.bin

--- Frame 656 ---
  [ground_truth] Pub 16 boxes
Publishing 16 3D boxes
  [ground_truth] File: sweeper_gt/bin/AD002_JS_urban_20251113_170518_day_clear_lidar_1763024735800774097.bin
  [prediction] Pub 17 boxes
Publishing 17 3D boxes
  [prediction] File: sweeper_predict/bin/AD002_JS_urban_20251113_170518_day_clear_lidar_1763024735800774097.bin

--- Frame 657 ---
  [ground_truth] Pub 16 boxes
Publishing 16 3D boxes
  [ground_truth] File: sweeper_gt/bin/AD002_JS_urban_20251113_170518_day_clear_lidar_1763024737800528049.bin
  [prediction] Pub 15 boxes
Publishing 15 3D boxes
  [prediction] File: sweeper_predict/bin/AD002_JS_urban_20251113_170518_day_clear_lidar_1763024737800528049.bin

--- Frame 658 ---
  [ground_truth] Pub 16 boxes
Publishing 16 3D boxes
  [ground_truth] File: sweeper_gt/bin/AD002_JS_urban_20251113_170518_day_clear_lidar_1763024746500567913.bin
  [prediction] Pub 13 boxes
Publishing 13 3D boxes
  [prediction] File: sweeper_predict/bin/AD002_JS_urban_20251113_170518_day_clear_lidar_1763024746500567913.bin

--- Frame 659 ---
  [ground_truth] Pub 18 boxes
Publishing 18 3D boxes
  [ground_truth] File: sweeper_gt/bin/AD002_JS_urban_20251113_170518_day_clear_lidar_1763024748500688076.bin
  [prediction] Pub 19 boxes
Publishing 19 3D boxes
  [prediction] File: sweeper_predict/bin/AD002_JS_urban_20251113_170518_day_clear_lidar_1763024748500688076.bin

--- Frame 660 ---
  [ground_truth] Pub 24 boxes
Publishing 24 3D boxes
  [ground_truth] File: sweeper_gt/bin/AD002_JS_urban_20251113_170518_day_clear_lidar_1763024750500796080.bin
  [prediction] Pub 15 boxes
Publishing 15 3D boxes
  [prediction] File: sweeper_predict/bin/AD002_JS_urban_20251113_170518_day_clear_lidar_1763024750500796080.bin

--- Frame 661 ---
  [ground_truth] Pub 23 boxes
Publishing 23 3D boxes
  [ground_truth] File: sweeper_gt/bin/AD002_JS_urban_20251113_170518_day_clear_lidar_1763024752500528097.bin
  [prediction] Pub 16 boxes
Publishing 16 3D boxes
  [prediction] File: sweeper_predict/bin/AD002_JS_urban_20251113_170518_day_clear_lidar_1763024752500528097.bin

--- Frame 662 ---
  [ground_truth] Pub 23 boxes
Publishing 23 3D boxes
  [ground_truth] File: sweeper_gt/bin/AD002_JS_urban_20251113_170518_day_clear_lidar_1763024754500658035.bin
  [prediction] Pub 14 boxes
Publishing 14 3D boxes
  [prediction] File: sweeper_predict/bin/AD002_JS_urban_20251113_170518_day_clear_lidar_1763024754500658035.bin

--- Frame 663 ---
  [ground_truth] Pub 29 boxes
Publishing 29 3D boxes
  [ground_truth] File: sweeper_gt/bin/AD002_JS_urban_20251113_170518_day_clear_lidar_1763024756500796080.bin
  [prediction] Pub 23 boxes
Publishing 23 3D boxes
  [prediction] File: sweeper_predict/bin/AD002_JS_urban_20251113_170518_day_clear_lidar_1763024756500796080.bin

--- Frame 664 ---
  [ground_truth] Pub 28 boxes
Publishing 28 3D boxes
  [ground_truth] File: sweeper_gt/bin/AD002_JS_urban_20251113_170518_day_clear_lidar_1763024758500529051.bin
  [prediction] Pub 20 boxes
Publishing 20 3D boxes
  [prediction] File: sweeper_predict/bin/AD002_JS_urban_20251113_170518_day_clear_lidar_1763024758500529051.bin

--- Frame 665 ---
  [ground_truth] Pub 27 boxes
Publishing 27 3D boxes
  [ground_truth] File: sweeper_gt/bin/AD002_JS_urban_20251113_170518_day_clear_lidar_1763024760600573063.bin
  [prediction] Pub 22 boxes
Publishing 22 3D boxes
  [prediction] File: sweeper_predict/bin/AD002_JS_urban_20251113_170518_day_clear_lidar_1763024760600573063.bin

--- Frame 666 ---
  [ground_truth] Pub 25 boxes
Publishing 25 3D boxes
  [ground_truth] File: sweeper_gt/bin/AD002_JS_urban_20251113_170518_day_clear_lidar_1763024762600665092.bin
  [prediction] Pub 20 boxes
Publishing 20 3D boxes
  [prediction] File: sweeper_predict/bin/AD002_JS_urban_20251113_170518_day_clear_lidar_1763024762600665092.bin

--- Frame 667 ---
  [ground_truth] Pub 26 boxes
Publishing 26 3D boxes
  [ground_truth] File: sweeper_gt/bin/AD002_JS_urban_20251113_170518_day_clear_lidar_1763024764600819111.bin
  [prediction] Pub 22 boxes
Publishing 22 3D boxes
  [prediction] File: sweeper_predict/bin/AD002_JS_urban_20251113_170518_day_clear_lidar_1763024764600819111.bin

--- Frame 668 ---
  [ground_truth] Pub 20 boxes
Publishing 20 3D boxes
  [ground_truth] File: sweeper_gt/bin/AD002_JS_urban_20251113_170518_day_clear_lidar_1763024766600517988.bin
  [prediction] Pub 17 boxes
Publishing 17 3D boxes
  [prediction] File: sweeper_predict/bin/AD002_JS_urban_20251113_170518_day_clear_lidar_1763024766600517988.bin

--- Frame 669 ---
  [ground_truth] Pub 27 boxes
Publishing 27 3D boxes
  [ground_truth] File: sweeper_gt/bin/AD002_JS_urban_20251113_170518_day_clear_lidar_1763024768600636959.bin
  [prediction] Pub 22 boxes
Publishing 22 3D boxes
  [prediction] File: sweeper_predict/bin/AD002_JS_urban_20251113_170518_day_clear_lidar_1763024768600636959.bin

--- Frame 670 ---
  [ground_truth] Pub 27 boxes
Publishing 27 3D boxes
  [ground_truth] File: sweeper_gt/bin/AD002_JS_urban_20251113_170518_day_clear_lidar_1763024770600824118.bin
  [prediction] Pub 22 boxes
Publishing 22 3D boxes
  [prediction] File: sweeper_predict/bin/AD002_JS_urban_20251113_170518_day_clear_lidar_1763024770600824118.bin

--- Frame 671 ---
  [ground_truth] Pub 24 boxes
Publishing 24 3D boxes
  [ground_truth] File: sweeper_gt/bin/AD002_JS_urban_20251113_170518_day_clear_lidar_1763024772600517988.bin
  [prediction] Pub 22 boxes
Publishing 22 3D boxes
  [prediction] File: sweeper_predict/bin/AD002_JS_urban_20251113_170518_day_clear_lidar_1763024772600517988.bin

--- Frame 672 ---
  [ground_truth] Pub 20 boxes
Publishing 20 3D boxes
  [ground_truth] File: sweeper_gt/bin/AD002_JS_urban_20251113_170518_day_clear_lidar_1763024774600637913.bin
  [prediction] Pub 20 boxes
Publishing 20 3D boxes
  [prediction] File: sweeper_predict/bin/AD002_JS_urban_20251113_170518_day_clear_lidar_1763024774600637913.bin

--- Frame 673 ---
  [ground_truth] Pub 21 boxes
Publishing 21 3D boxes
  [ground_truth] File: sweeper_gt/bin/AD002_JS_urban_20251113_170518_day_clear_lidar_1763024776600877047.bin
  [prediction] Pub 17 boxes
Publishing 17 3D boxes
  [prediction] File: sweeper_predict/bin/AD002_JS_urban_20251113_170518_day_clear_lidar_1763024776600877047.bin

--- Frame 674 ---
  [ground_truth] Pub 20 boxes
Publishing 20 3D boxes
  [ground_truth] File: sweeper_gt/bin/AD002_JS_urban_20251113_170518_day_clear_lidar_1763024778600522995.bin
  [prediction] Pub 19 boxes
Publishing 19 3D boxes
  [prediction] File: sweeper_predict/bin/AD002_JS_urban_20251113_170518_day_clear_lidar_1763024778600522995.bin

--- Frame 675 ---
  [ground_truth] Pub 18 boxes
Publishing 18 3D boxes
  [ground_truth] File: sweeper_gt/bin/AD002_JS_urban_20251113_170518_day_clear_lidar_1763024780600656033.bin
  [prediction] Pub 17 boxes
Publishing 17 3D boxes
  [prediction] File: sweeper_predict/bin/AD002_JS_urban_20251113_170518_day_clear_lidar_1763024780600656033.bin

--- Frame 676 ---
  [ground_truth] Pub 19 boxes
Publishing 19 3D boxes
  [ground_truth] File: sweeper_gt/bin/AD002_JS_urban_20251113_170518_day_clear_lidar_1763024782600816011.bin
  [prediction] Pub 18 boxes
Publishing 18 3D boxes
  [prediction] File: sweeper_predict/bin/AD002_JS_urban_20251113_170518_day_clear_lidar_1763024782600816011.bin

--- Frame 677 ---
  [ground_truth] Pub 17 boxes
Publishing 17 3D boxes
  [ground_truth] File: sweeper_gt/bin/AD002_JS_urban_20251113_170518_day_clear_lidar_1763024784600533009.bin
  [prediction] Pub 17 boxes
Publishing 17 3D boxes
  [prediction] File: sweeper_predict/bin/AD002_JS_urban_20251113_170518_day_clear_lidar_1763024784600533009.bin

--- Frame 678 ---
  [ground_truth] Pub 23 boxes
Publishing 23 3D boxes
  [ground_truth] File: sweeper_gt/bin/AD002_JS_urban_20251113_170518_day_clear_lidar_1763024786600656033.bin
  [prediction] Pub 19 boxes
Publishing 19 3D boxes
  [prediction] File: sweeper_predict/bin/AD002_JS_urban_20251113_170518_day_clear_lidar_1763024786600656033.bin

--- Frame 679 ---
  [ground_truth] Pub 24 boxes
Publishing 24 3D boxes
  [ground_truth] File: sweeper_gt/bin/AD002_JS_urban_20251113_170518_day_clear_lidar_1763024788600815058.bin
  [prediction] Pub 22 boxes
Publishing 22 3D boxes
  [prediction] File: sweeper_predict/bin/AD002_JS_urban_20251113_170518_day_clear_lidar_1763024788600815058.bin

--- Frame 680 ---
  [ground_truth] Pub 20 boxes
Publishing 20 3D boxes
  [ground_truth] File: sweeper_gt/bin/AD002_JS_urban_20251113_170518_day_clear_lidar_1763024790600536108.bin
  [prediction] Pub 15 boxes
Publishing 15 3D boxes
  [prediction] File: sweeper_predict/bin/AD002_JS_urban_20251113_170518_day_clear_lidar_1763024790600536108.bin

--- Frame 681 ---
  [ground_truth] Pub 24 boxes
Publishing 24 3D boxes
  [ground_truth] File: sweeper_gt/bin/AD002_JS_urban_20251113_170518_day_clear_lidar_1763024792600605011.bin
  [prediction] Pub 18 boxes
Publishing 18 3D boxes
  [prediction] File: sweeper_predict/bin/AD002_JS_urban_20251113_170518_day_clear_lidar_1763024792600605011.bin

--- Frame 682 ---
  [ground_truth] Pub 24 boxes
Publishing 24 3D boxes
  [ground_truth] File: sweeper_gt/bin/AD002_JS_urban_20251113_170518_day_clear_lidar_1763024794600810051.bin
  [prediction] Pub 22 boxes
Publishing 22 3D boxes
  [prediction] File: sweeper_predict/bin/AD002_JS_urban_20251113_170518_day_clear_lidar_1763024794600810051.bin

--- Frame 683 ---
  [ground_truth] Pub 21 boxes
Publishing 21 3D boxes
  [ground_truth] File: sweeper_gt/bin/AD002_JS_urban_20251113_170518_day_clear_lidar_1763024796600503922.bin
  [prediction] Pub 20 boxes
Publishing 20 3D boxes
  [prediction] File: sweeper_predict/bin/AD002_JS_urban_20251113_170518_day_clear_lidar_1763024796600503922.bin

--- Frame 684 ---
  [ground_truth] Pub 19 boxes
Publishing 19 3D boxes
  [ground_truth] File: sweeper_gt/bin/AD002_JS_urban_20251113_170518_day_clear_lidar_1763024798600656033.bin
  [prediction] Pub 18 boxes
Publishing 18 3D boxes
  [prediction] File: sweeper_predict/bin/AD002_JS_urban_20251113_170518_day_clear_lidar_1763024798600656033.bin

--- Frame 685 ---
  [ground_truth] Pub 18 boxes
Publishing 18 3D boxes
  [ground_truth] File: sweeper_gt/bin/AD002_JS_urban_20251113_170518_day_clear_lidar_1763024800600812912.bin
  [prediction] Pub 15 boxes
Publishing 15 3D boxes
  [prediction] File: sweeper_predict/bin/AD002_JS_urban_20251113_170518_day_clear_lidar_1763024800600812912.bin

--- Frame 686 ---
  [ground_truth] Pub 17 boxes
Publishing 17 3D boxes
  [ground_truth] File: sweeper_gt/bin/AD002_JS_urban_20251113_170518_day_clear_lidar_1763024802600543976.bin
  [prediction] Pub 15 boxes
Publishing 15 3D boxes
  [prediction] File: sweeper_predict/bin/AD002_JS_urban_20251113_170518_day_clear_lidar_1763024802600543976.bin

--- Frame 687 ---
  [ground_truth] Pub 18 boxes
Publishing 18 3D boxes
  [ground_truth] File: sweeper_gt/bin/AD002_JS_urban_20251113_170518_day_clear_lidar_1763024804600645065.bin
  [prediction] Pub 18 boxes
Publishing 18 3D boxes
  [prediction] File: sweeper_predict/bin/AD002_JS_urban_20251113_170518_day_clear_lidar_1763024804600645065.bin

--- Frame 688 ---
  [ground_truth] Pub 20 boxes
Publishing 20 3D boxes
  [ground_truth] File: sweeper_gt/bin/AD002_JS_urban_20251113_170518_day_clear_lidar_1763024806600819111.bin
  [prediction] Pub 16 boxes
Publishing 16 3D boxes
  [prediction] File: sweeper_predict/bin/AD002_JS_urban_20251113_170518_day_clear_lidar_1763024806600819111.bin

--- Frame 689 ---
  [ground_truth] Pub 17 boxes
Publishing 17 3D boxes
  [ground_truth] File: sweeper_gt/bin/AD002_JS_urban_20251113_170518_day_clear_lidar_1763024808600502968.bin
  [prediction] Pub 19 boxes
Publishing 19 3D boxes
  [prediction] File: sweeper_predict/bin/AD002_JS_urban_20251113_170518_day_clear_lidar_1763024808600502968.bin

--- Frame 690 ---
  [ground_truth] Pub 26 boxes
Publishing 26 3D boxes
  [ground_truth] File: sweeper_gt/bin/AD002_JS_urban_20251113_170518_day_clear_lidar_1763024810600641012.bin
  [prediction] Pub 19 boxes
Publishing 19 3D boxes
  [prediction] File: sweeper_predict/bin/AD002_JS_urban_20251113_170518_day_clear_lidar_1763024810600641012.bin

--- Frame 691 ---
  [ground_truth] Pub 23 boxes
Publishing 23 3D boxes
  [ground_truth] File: sweeper_gt/bin/AD002_JS_urban_20251113_170518_day_clear_lidar_1763024812600820065.bin
  [prediction] Pub 18 boxes
Publishing 18 3D boxes
  [prediction] File: sweeper_predict/bin/AD002_JS_urban_20251113_170518_day_clear_lidar_1763024812600820065.bin

--- Frame 692 ---
  [ground_truth] Pub 26 boxes
Publishing 26 3D boxes
  [ground_truth] File: sweeper_gt/bin/AD002_JS_urban_20251113_170518_day_clear_lidar_1763024814600545883.bin
  [prediction] Pub 19 boxes
Publishing 19 3D boxes
  [prediction] File: sweeper_predict/bin/AD002_JS_urban_20251113_170518_day_clear_lidar_1763024814600545883.bin

--- Frame 693 ---
  [ground_truth] Pub 27 boxes
Publishing 27 3D boxes
  [ground_truth] File: sweeper_gt/bin/AD002_JS_urban_20251113_170518_day_clear_lidar_1763024816600652933.bin
  [prediction] Pub 20 boxes
Publishing 20 3D boxes
  [prediction] File: sweeper_predict/bin/AD002_JS_urban_20251113_170518_day_clear_lidar_1763024816600652933.bin

--- Frame 694 ---
  [ground_truth] Pub 21 boxes
Publishing 21 3D boxes
  [ground_truth] File: sweeper_gt/bin/AD002_JS_urban_20251113_170518_day_clear_lidar_1763024818600791931.bin
  [prediction] Pub 15 boxes
Publishing 15 3D boxes
  [prediction] File: sweeper_predict/bin/AD002_JS_urban_20251113_170518_day_clear_lidar_1763024818600791931.bin

--- Frame 695 ---
  [ground_truth] Pub 25 boxes
Publishing 25 3D boxes
  [ground_truth] File: sweeper_gt/bin/AD002_JS_urban_20251113_170518_day_clear_lidar_1763024820600547075.bin
  [prediction] Pub 18 boxes
Publishing 18 3D boxes
  [prediction] File: sweeper_predict/bin/AD002_JS_urban_20251113_170518_day_clear_lidar_1763024820600547075.bin

--- Frame 696 ---
  [ground_truth] Pub 19 boxes
Publishing 19 3D boxes
  [ground_truth] File: sweeper_gt/bin/AD002_JS_urban_20251113_170518_day_clear_lidar_1763024822600627899.bin
  [prediction] Pub 14 boxes
Publishing 14 3D boxes
  [prediction] File: sweeper_predict/bin/AD002_JS_urban_20251113_170518_day_clear_lidar_1763024822600627899.bin

--- Frame 697 ---
  [ground_truth] Pub 21 boxes
Publishing 21 3D boxes
  [ground_truth] File: sweeper_gt/bin/AD002_JS_urban_20251113_170518_day_clear_lidar_1763024824600788116.bin
  [prediction] Pub 21 boxes
Publishing 21 3D boxes
  [prediction] File: sweeper_predict/bin/AD002_JS_urban_20251113_170518_day_clear_lidar_1763024824600788116.bin

--- Frame 698 ---
  [ground_truth] Pub 19 boxes
Publishing 19 3D boxes
  [ground_truth] File: sweeper_gt/bin/AD002_JS_urban_20251113_170518_day_clear_lidar_1763024826600533009.bin
  [prediction] Pub 15 boxes
Publishing 15 3D boxes
  [prediction] File: sweeper_predict/bin/AD002_JS_urban_20251113_170518_day_clear_lidar_1763024826600533009.bin

--- Frame 699 ---
  [ground_truth] Pub 17 boxes
Publishing 17 3D boxes
  [ground_truth] File: sweeper_gt/bin/AD002_JS_urban_20251113_170518_day_clear_lidar_1763024828600670099.bin
  [prediction] Pub 17 boxes
Publishing 17 3D boxes
  [prediction] File: sweeper_predict/bin/AD002_JS_urban_20251113_170518_day_clear_lidar_1763024828600670099.bin

--- Frame 700 ---
  [ground_truth] Pub 18 boxes
Publishing 18 3D boxes
  [ground_truth] File: sweeper_gt/bin/AD002_JS_urban_20251113_170518_day_clear_lidar_1763024830600824118.bin
  [prediction] Pub 17 boxes
Publishing 17 3D boxes
  [prediction] File: sweeper_predict/bin/AD002_JS_urban_20251113_170518_day_clear_lidar_1763024830600824118.bin

--- Frame 701 ---
  [ground_truth] Pub 18 boxes
Publishing 18 3D boxes
  [ground_truth] File: sweeper_gt/bin/AD002_JS_urban_20251113_170518_day_clear_lidar_1763024832600512028.bin
  [prediction] Pub 15 boxes
Publishing 15 3D boxes
  [prediction] File: sweeper_predict/bin/AD002_JS_urban_20251113_170518_day_clear_lidar_1763024832600512028.bin

--- Frame 702 ---
  [ground_truth] Pub 22 boxes
Publishing 22 3D boxes
  [ground_truth] File: sweeper_gt/bin/AD002_JS_urban_20251113_170518_day_clear_lidar_1763024834600615978.bin
  [prediction] Pub 15 boxes
Publishing 15 3D boxes
  [prediction] File: sweeper_predict/bin/AD002_JS_urban_20251113_170518_day_clear_lidar_1763024834600615978.bin

--- Frame 703 ---
  [ground_truth] Pub 23 boxes
Publishing 23 3D boxes
  [ground_truth] File: sweeper_gt/bin/AD002_JS_urban_20251113_170518_day_clear_lidar_1763024836600821018.bin
  [prediction] Pub 17 boxes
Publishing 17 3D boxes
  [prediction] File: sweeper_predict/bin/AD002_JS_urban_20251113_170518_day_clear_lidar_1763024836600821018.bin

--- Frame 704 ---
  [ground_truth] Pub 24 boxes
Publishing 24 3D boxes
  [ground_truth] File: sweeper_gt/bin/AD002_JS_urban_20251113_170518_day_clear_lidar_1763024838600533962.bin
  [prediction] Pub 18 boxes
Publishing 18 3D boxes
  [prediction] File: sweeper_predict/bin/AD002_JS_urban_20251113_170518_day_clear_lidar_1763024838600533962.bin

--- Frame 705 ---
  [ground_truth] Pub 24 boxes
Publishing 24 3D boxes
  [ground_truth] File: sweeper_gt/bin/AD002_JS_urban_20251113_170518_day_clear_lidar_1763024840600596905.bin
  [prediction] Pub 14 boxes
Publishing 14 3D boxes
  [prediction] File: sweeper_predict/bin/AD002_JS_urban_20251113_170518_day_clear_lidar_1763024840600596905.bin

--- Frame 706 ---
  [ground_truth] Pub 17 boxes
Publishing 17 3D boxes
  [ground_truth] File: sweeper_gt/bin/AD002_JS_urban_20251113_170518_day_clear_lidar_1763024842600800037.bin
  [prediction] Pub 14 boxes
Publishing 14 3D boxes
  [prediction] File: sweeper_predict/bin/AD002_JS_urban_20251113_170518_day_clear_lidar_1763024842600800037.bin

--- Frame 707 ---
  [ground_truth] Pub 19 boxes
Publishing 19 3D boxes
  [ground_truth] File: sweeper_gt/bin/AD002_JS_urban_20251113_170518_day_clear_lidar_1763024844600526094.bin
  [prediction] Pub 18 boxes
Publishing 18 3D boxes
  [prediction] File: sweeper_predict/bin/AD002_JS_urban_20251113_170518_day_clear_lidar_1763024844600526094.bin

--- Frame 708 ---
  [ground_truth] Pub 19 boxes
Publishing 19 3D boxes
  [ground_truth] File: sweeper_gt/bin/AD002_JS_urban_20251113_170518_day_clear_lidar_1763024846600655079.bin
  [prediction] Pub 17 boxes
Publishing 17 3D boxes
  [prediction] File: sweeper_predict/bin/AD002_JS_urban_20251113_170518_day_clear_lidar_1763024846600655079.bin

--- Frame 709 ---
  [ground_truth] Pub 16 boxes
Publishing 16 3D boxes
  [ground_truth] File: sweeper_gt/bin/AD002_JS_urban_20251113_170518_day_clear_lidar_1763024848600826979.bin
  [prediction] Pub 14 boxes
Publishing 14 3D boxes
  [prediction] File: sweeper_predict/bin/AD002_JS_urban_20251113_170518_day_clear_lidar_1763024848600826979.bin

--- Frame 710 ---
  [ground_truth] Pub 19 boxes
Publishing 19 3D boxes
  [ground_truth] File: sweeper_gt/bin/AD002_JS_urban_20251113_170518_day_clear_lidar_1763024850600528955.bin
  [prediction] Pub 19 boxes
Publishing 19 3D boxes
  [prediction] File: sweeper_predict/bin/AD002_JS_urban_20251113_170518_day_clear_lidar_1763024850600528955.bin

--- Frame 711 ---
  [ground_truth] Pub 19 boxes
Publishing 19 3D boxes
  [ground_truth] File: sweeper_gt/bin/AD002_JS_urban_20251113_170518_day_clear_lidar_1763024852600663900.bin
  [prediction] Pub 19 boxes
Publishing 19 3D boxes
  [prediction] File: sweeper_predict/bin/AD002_JS_urban_20251113_170518_day_clear_lidar_1763024852600663900.bin

--- Frame 712 ---
  [ground_truth] Pub 15 boxes
Publishing 15 3D boxes
  [ground_truth] File: sweeper_gt/bin/AD002_JS_urban_20251113_170854_day_clear_lidar_1763024934700804949.bin
  [prediction] Pub 20 boxes
Publishing 20 3D boxes
  [prediction] File: sweeper_predict/bin/AD002_JS_urban_20251113_170854_day_clear_lidar_1763024934700804949.bin

--- Frame 713 ---
  [ground_truth] Pub 11 boxes
Publishing 11 3D boxes
  [ground_truth] File: sweeper_gt/bin/AD002_JS_urban_20251113_170854_day_clear_lidar_1763024936700548887.bin
  [prediction] Pub 13 boxes
Publishing 13 3D boxes
  [prediction] File: sweeper_predict/bin/AD002_JS_urban_20251113_170854_day_clear_lidar_1763024936700548887.bin

--- Frame 714 ---
  [ground_truth] Pub 13 boxes
Publishing 13 3D boxes
  [ground_truth] File: sweeper_gt/bin/AD002_JS_urban_20251113_170854_day_clear_lidar_1763024938700655937.bin
  [prediction] Pub 13 boxes
Publishing 13 3D boxes
  [prediction] File: sweeper_predict/bin/AD002_JS_urban_20251113_170854_day_clear_lidar_1763024938700655937.bin

--- Frame 715 ---
  [ground_truth] Pub 12 boxes
Publishing 12 3D boxes
  [ground_truth] File: sweeper_gt/bin/AD002_JS_urban_20251113_170854_day_clear_lidar_1763024940700817108.bin
  [prediction] Pub 16 boxes
Publishing 16 3D boxes
  [prediction] File: sweeper_predict/bin/AD002_JS_urban_20251113_170854_day_clear_lidar_1763024940700817108.bin

--- Frame 716 ---
  [ground_truth] Pub 18 boxes
Publishing 18 3D boxes
  [ground_truth] File: sweeper_gt/bin/AD002_JS_urban_20251113_170854_day_clear_lidar_1763024942700514078.bin
  [prediction] Pub 24 boxes
Publishing 24 3D boxes
  [prediction] File: sweeper_predict/bin/AD002_JS_urban_20251113_170854_day_clear_lidar_1763024942700514078.bin

--- Frame 717 ---
  [ground_truth] Pub 15 boxes
Publishing 15 3D boxes
  [ground_truth] File: sweeper_gt/bin/AD002_JS_urban_20251113_170854_day_clear_lidar_1763024944700642109.bin
  [prediction] Pub 19 boxes
Publishing 19 3D boxes
  [prediction] File: sweeper_predict/bin/AD002_JS_urban_20251113_170854_day_clear_lidar_1763024944700642109.bin

--- Frame 718 ---
  [ground_truth] Pub 21 boxes
Publishing 21 3D boxes
  [ground_truth] File: sweeper_gt/bin/AD002_JS_urban_20251113_170854_day_clear_lidar_1763024946700803041.bin
  [prediction] Pub 23 boxes
Publishing 23 3D boxes
  [prediction] File: sweeper_predict/bin/AD002_JS_urban_20251113_170854_day_clear_lidar_1763024946700803041.bin

--- Frame 719 ---
  [ground_truth] Pub 20 boxes
Publishing 20 3D boxes
  [ground_truth] File: sweeper_gt/bin/AD002_JS_urban_20251113_170854_day_clear_lidar_1763024948700505018.bin
  [prediction] Pub 19 boxes
Publishing 19 3D boxes
  [prediction] File: sweeper_predict/bin/AD002_JS_urban_20251113_170854_day_clear_lidar_1763024948700505018.bin

--- Frame 720 ---
  [ground_truth] Pub 19 boxes
Publishing 19 3D boxes
  [ground_truth] File: sweeper_gt/bin/AD002_JS_urban_20251113_170854_day_clear_lidar_1763024950700639963.bin
  [prediction] Pub 19 boxes
Publishing 19 3D boxes
  [prediction] File: sweeper_predict/bin/AD002_JS_urban_20251113_170854_day_clear_lidar_1763024950700639963.bin

--- Frame 721 ---
  [ground_truth] Pub 17 boxes
Publishing 17 3D boxes
  [ground_truth] File: sweeper_gt/bin/AD002_JS_urban_20251113_170854_day_clear_lidar_1763024952700812101.bin
  [prediction] Pub 16 boxes
Publishing 16 3D boxes
  [prediction] File: sweeper_predict/bin/AD002_JS_urban_20251113_170854_day_clear_lidar_1763024952700812101.bin

--- Frame 722 ---
  [ground_truth] Pub 17 boxes
Publishing 17 3D boxes
  [ground_truth] File: sweeper_gt/bin/AD002_JS_urban_20251113_170854_day_clear_lidar_1763024954700558901.bin
  [prediction] Pub 14 boxes
Publishing 14 3D boxes
  [prediction] File: sweeper_predict/bin/AD002_JS_urban_20251113_170854_day_clear_lidar_1763024954700558901.bin

--- Frame 723 ---
  [ground_truth] Pub 18 boxes
Publishing 18 3D boxes
  [ground_truth] File: sweeper_gt/bin/AD002_JS_urban_20251113_170854_day_clear_lidar_1763024956700670958.bin
  [prediction] Pub 15 boxes
Publishing 15 3D boxes
  [prediction] File: sweeper_predict/bin/AD002_JS_urban_20251113_170854_day_clear_lidar_1763024956700670958.bin

--- Frame 724 ---
  [ground_truth] Pub 25 boxes
Publishing 25 3D boxes
  [ground_truth] File: sweeper_gt/bin/AD002_JS_urban_20251113_170854_day_clear_lidar_1763024958700826883.bin
  [prediction] Pub 22 boxes
Publishing 22 3D boxes
  [prediction] File: sweeper_predict/bin/AD002_JS_urban_20251113_170854_day_clear_lidar_1763024958700826883.bin

--- Frame 725 ---
  [ground_truth] Pub 24 boxes
Publishing 24 3D boxes
  [ground_truth] File: sweeper_gt/bin/AD002_JS_urban_20251113_170854_day_clear_lidar_1763024960700546980.bin
  [prediction] Pub 22 boxes
Publishing 22 3D boxes
  [prediction] File: sweeper_predict/bin/AD002_JS_urban_20251113_170854_day_clear_lidar_1763024960700546980.bin

--- Frame 726 ---
  [ground_truth] Pub 29 boxes
Publishing 29 3D boxes
  [ground_truth] File: sweeper_gt/bin/AD002_JS_urban_20251113_170854_day_clear_lidar_1763024962700623989.bin
  [prediction] Pub 21 boxes
Publishing 21 3D boxes
  [prediction] File: sweeper_predict/bin/AD002_JS_urban_20251113_170854_day_clear_lidar_1763024962700623989.bin

--- Frame 727 ---
  [ground_truth] Pub 25 boxes
Publishing 25 3D boxes
  [ground_truth] File: sweeper_gt/bin/AD002_JS_urban_20251113_170854_day_clear_lidar_1763024964700787067.bin
  [prediction] Pub 19 boxes
Publishing 19 3D boxes
  [prediction] File: sweeper_predict/bin/AD002_JS_urban_20251113_170854_day_clear_lidar_1763024964700787067.bin

--- Frame 728 ---
  [ground_truth] Pub 25 boxes
Publishing 25 3D boxes
  [ground_truth] File: sweeper_gt/bin/AD002_JS_urban_20251113_170854_day_clear_lidar_1763024966700557947.bin
  [prediction] Pub 21 boxes
Publishing 21 3D boxes
  [prediction] File: sweeper_predict/bin/AD002_JS_urban_20251113_170854_day_clear_lidar_1763024966700557947.bin

--- Frame 729 ---
  [ground_truth] Pub 27 boxes
Publishing 27 3D boxes
  [ground_truth] File: sweeper_gt/bin/AD002_JS_urban_20251113_170854_day_clear_lidar_1763024968700624943.bin
  [prediction] Pub 23 boxes
Publishing 23 3D boxes
  [prediction] File: sweeper_predict/bin/AD002_JS_urban_20251113_170854_day_clear_lidar_1763024968700624943.bin

--- Frame 730 ---
  [ground_truth] Pub 26 boxes
Publishing 26 3D boxes
  [ground_truth] File: sweeper_gt/bin/AD002_JS_urban_20251113_170854_day_clear_lidar_1763024970700773954.bin
  [prediction] Pub 21 boxes
Publishing 21 3D boxes
  [prediction] File: sweeper_predict/bin/AD002_JS_urban_20251113_170854_day_clear_lidar_1763024970700773954.bin

--- Frame 731 ---
  [ground_truth] Pub 19 boxes
Publishing 19 3D boxes
  [ground_truth] File: sweeper_gt/bin/AD002_JS_urban_20251113_170854_day_clear_lidar_1763024972700536966.bin
  [prediction] Pub 18 boxes
Publishing 18 3D boxes
  [prediction] File: sweeper_predict/bin/AD002_JS_urban_20251113_170854_day_clear_lidar_1763024972700536966.bin

--- Frame 732 ---
  [ground_truth] Pub 22 boxes
Publishing 22 3D boxes
  [ground_truth] File: sweeper_gt/bin/AD002_JS_urban_20251113_170854_day_clear_lidar_1763024974800512075.bin
  [prediction] Pub 18 boxes
Publishing 18 3D boxes
  [prediction] File: sweeper_predict/bin/AD002_JS_urban_20251113_170854_day_clear_lidar_1763024974800512075.bin

--- Frame 733 ---
  [ground_truth] Pub 22 boxes
Publishing 22 3D boxes
  [ground_truth] File: sweeper_gt/bin/AD002_JS_urban_20251113_170854_day_clear_lidar_1763024976800643921.bin
  [prediction] Pub 15 boxes
Publishing 15 3D boxes
  [prediction] File: sweeper_predict/bin/AD002_JS_urban_20251113_170854_day_clear_lidar_1763024976800643921.bin

--- Frame 734 ---
  [ground_truth] Pub 22 boxes
Publishing 22 3D boxes
  [ground_truth] File: sweeper_gt/bin/AD002_JS_urban_20251113_170854_day_clear_lidar_1763024978800823927.bin
  [prediction] Pub 17 boxes
Publishing 17 3D boxes
  [prediction] File: sweeper_predict/bin/AD002_JS_urban_20251113_170854_day_clear_lidar_1763024978800823927.bin

--- Frame 735 ---
  [ground_truth] Pub 22 boxes
Publishing 22 3D boxes
  [ground_truth] File: sweeper_gt/bin/AD002_JS_urban_20251113_170854_day_clear_lidar_1763024980800524950.bin
  [prediction] Pub 18 boxes
Publishing 18 3D boxes
  [prediction] File: sweeper_predict/bin/AD002_JS_urban_20251113_170854_day_clear_lidar_1763024980800524950.bin

--- Frame 736 ---
  [ground_truth] Pub 20 boxes
Publishing 20 3D boxes
  [ground_truth] File: sweeper_gt/bin/AD002_JS_urban_20251113_170854_day_clear_lidar_1763024982800640106.bin
  [prediction] Pub 18 boxes
Publishing 18 3D boxes
  [prediction] File: sweeper_predict/bin/AD002_JS_urban_20251113_170854_day_clear_lidar_1763024982800640106.bin

--- Frame 737 ---
  [ground_truth] Pub 17 boxes
Publishing 17 3D boxes
  [ground_truth] File: sweeper_gt/bin/AD002_JS_urban_20251113_170854_day_clear_lidar_1763024984800823927.bin
  [prediction] Pub 17 boxes
Publishing 17 3D boxes
  [prediction] File: sweeper_predict/bin/AD002_JS_urban_20251113_170854_day_clear_lidar_1763024984800823927.bin

--- Frame 738 ---
  [ground_truth] Pub 16 boxes
Publishing 16 3D boxes
  [ground_truth] File: sweeper_gt/bin/AD002_JS_urban_20251113_170854_day_clear_lidar_1763024986800538063.bin
  [prediction] Pub 18 boxes
Publishing 18 3D boxes
  [prediction] File: sweeper_predict/bin/AD002_JS_urban_20251113_170854_day_clear_lidar_1763024986800538063.bin

--- Frame 739 ---
  [ground_truth] Pub 13 boxes
Publishing 13 3D boxes
  [ground_truth] File: sweeper_gt/bin/AD002_JS_urban_20251113_170854_day_clear_lidar_1763024988800647974.bin
  [prediction] Pub 15 boxes
Publishing 15 3D boxes
  [prediction] File: sweeper_predict/bin/AD002_JS_urban_20251113_170854_day_clear_lidar_1763024988800647974.bin

--- Frame 740 ---
  [ground_truth] Pub 16 boxes
Publishing 16 3D boxes
  [ground_truth] File: sweeper_gt/bin/AD002_JS_urban_20251113_170854_day_clear_lidar_1763024990800798893.bin
  [prediction] Pub 15 boxes
Publishing 15 3D boxes
  [prediction] File: sweeper_predict/bin/AD002_JS_urban_20251113_170854_day_clear_lidar_1763024990800798893.bin

--- Frame 741 ---
  [ground_truth] Pub 15 boxes
Publishing 15 3D boxes
  [ground_truth] File: sweeper_gt/bin/AD002_JS_urban_20251113_170854_day_clear_lidar_1763024992800508976.bin
  [prediction] Pub 15 boxes
Publishing 15 3D boxes
  [prediction] File: sweeper_predict/bin/AD002_JS_urban_20251113_170854_day_clear_lidar_1763024992800508976.bin

--- Frame 742 ---
  [ground_truth] Pub 10 boxes
Publishing 10 3D boxes
  [ground_truth] File: sweeper_gt/bin/AD002_JS_urban_20251113_171307_day_clear_lidar_1763025189200655937.bin
  [prediction] Pub 12 boxes
Publishing 12 3D boxes
  [prediction] File: sweeper_predict/bin/AD002_JS_urban_20251113_171307_day_clear_lidar_1763025189200655937.bin

--- Frame 743 ---
  [ground_truth] Pub 13 boxes
Publishing 13 3D boxes
  [ground_truth] File: sweeper_gt/bin/AD002_JS_urban_20251113_171307_day_clear_lidar_1763025191200815916.bin
  [prediction] Pub 13 boxes
Publishing 13 3D boxes
  [prediction] File: sweeper_predict/bin/AD002_JS_urban_20251113_171307_day_clear_lidar_1763025191200815916.bin

--- Frame 744 ---
  [ground_truth] Pub 10 boxes
Publishing 10 3D boxes
  [ground_truth] File: sweeper_gt/bin/AD002_JS_urban_20251113_171307_day_clear_lidar_1763025193200521946.bin
  [prediction] Pub 12 boxes
Publishing 12 3D boxes
  [prediction] File: sweeper_predict/bin/AD002_JS_urban_20251113_171307_day_clear_lidar_1763025193200521946.bin

--- Frame 745 ---
  [ground_truth] Pub 11 boxes
Publishing 11 3D boxes
  [ground_truth] File: sweeper_gt/bin/AD002_JS_urban_20251113_171307_day_clear_lidar_1763025195200699091.bin
  [prediction] Pub 10 boxes
Publishing 10 3D boxes
  [prediction] File: sweeper_predict/bin/AD002_JS_urban_20251113_171307_day_clear_lidar_1763025195200699091.bin

--- Frame 746 ---
  [ground_truth] Pub 11 boxes
Publishing 11 3D boxes
  [ground_truth] File: sweeper_gt/bin/AD002_JS_urban_20251113_171307_day_clear_lidar_1763025197200804949.bin
  [prediction] Pub 11 boxes
Publishing 11 3D boxes
  [prediction] File: sweeper_predict/bin/AD002_JS_urban_20251113_171307_day_clear_lidar_1763025197200804949.bin

--- Frame 747 ---
  [ground_truth] Pub 11 boxes
Publishing 11 3D boxes
  [ground_truth] File: sweeper_gt/bin/AD002_JS_urban_20251113_171307_day_clear_lidar_1763025199200526953.bin
  [prediction] Pub 13 boxes
Publishing 13 3D boxes
  [prediction] File: sweeper_predict/bin/AD002_JS_urban_20251113_171307_day_clear_lidar_1763025199200526953.bin

--- Frame 748 ---
  [ground_truth] Pub 14 boxes
Publishing 14 3D boxes
  [ground_truth] File: sweeper_gt/bin/AD002_JS_urban_20251113_171307_day_clear_lidar_1763025201200630903.bin
  [prediction] Pub 15 boxes
Publishing 15 3D boxes
  [prediction] File: sweeper_predict/bin/AD002_JS_urban_20251113_171307_day_clear_lidar_1763025201200630903.bin

--- Frame 749 ---
  [ground_truth] Pub 14 boxes
Publishing 14 3D boxes
  [ground_truth] File: sweeper_gt/bin/AD002_JS_urban_20251113_171307_day_clear_lidar_1763025203200768948.bin
  [prediction] Pub 14 boxes
Publishing 14 3D boxes
  [prediction] File: sweeper_predict/bin/AD002_JS_urban_20251113_171307_day_clear_lidar_1763025203200768948.bin

--- Frame 750 ---
  [ground_truth] Pub 13 boxes
Publishing 13 3D boxes
  [ground_truth] File: sweeper_gt/bin/AD002_JS_urban_20251113_171307_day_clear_lidar_1763025205200534105.bin
  [prediction] Pub 13 boxes
Publishing 13 3D boxes
  [prediction] File: sweeper_predict/bin/AD002_JS_urban_20251113_171307_day_clear_lidar_1763025205200534105.bin

--- Frame 751 ---
  [ground_truth] Pub 18 boxes
Publishing 18 3D boxes
  [ground_truth] File: sweeper_gt/bin/AD002_JS_urban_20251113_171307_day_clear_lidar_1763025207200651884.bin
  [prediction] Pub 15 boxes
Publishing 15 3D boxes
  [prediction] File: sweeper_predict/bin/AD002_JS_urban_20251113_171307_day_clear_lidar_1763025207200651884.bin

--- Frame 752 ---
  [ground_truth] Pub 16 boxes
Publishing 16 3D boxes
  [ground_truth] File: sweeper_gt/bin/AD002_JS_urban_20251113_171307_day_clear_lidar_1763025209200828075.bin
  [prediction] Pub 13 boxes
Publishing 13 3D boxes
  [prediction] File: sweeper_predict/bin/AD002_JS_urban_20251113_171307_day_clear_lidar_1763025209200828075.bin

--- Frame 753 ---
  [ground_truth] Pub 17 boxes
Publishing 17 3D boxes
  [ground_truth] File: sweeper_gt/bin/AD002_JS_urban_20251113_171307_day_clear_lidar_1763025211200517893.bin
  [prediction] Pub 13 boxes
Publishing 13 3D boxes
  [prediction] File: sweeper_predict/bin/AD002_JS_urban_20251113_171307_day_clear_lidar_1763025211200517893.bin

--- Frame 754 ---
  [ground_truth] Pub 15 boxes
Publishing 15 3D boxes
  [ground_truth] File: sweeper_gt/bin/AD002_JS_urban_20251113_171307_day_clear_lidar_1763025213200694084.bin
  [prediction] Pub 13 boxes
Publishing 13 3D boxes
  [prediction] File: sweeper_predict/bin/AD002_JS_urban_20251113_171307_day_clear_lidar_1763025213200694084.bin

--- Frame 755 ---
  [ground_truth] Pub 15 boxes
Publishing 15 3D boxes
  [ground_truth] File: sweeper_gt/bin/AD002_JS_urban_20251113_173323_day_clear_lidar_1763026404800642014.bin
  [prediction] Pub 13 boxes
Publishing 13 3D boxes
  [prediction] File: sweeper_predict/bin/AD002_JS_urban_20251113_173323_day_clear_lidar_1763026404800642014.bin

--- Frame 756 ---
  [ground_truth] Pub 16 boxes
Publishing 16 3D boxes
  [ground_truth] File: sweeper_gt/bin/AD002_JS_urban_20251113_173323_day_clear_lidar_1763026406800858021.bin
  [prediction] Pub 15 boxes
Publishing 15 3D boxes
  [prediction] File: sweeper_predict/bin/AD002_JS_urban_20251113_173323_day_clear_lidar_1763026406800858021.bin

--- Frame 757 ---
  [ground_truth] Pub 15 boxes
Publishing 15 3D boxes
  [ground_truth] File: sweeper_gt/bin/AD002_JS_urban_20251113_173323_day_clear_lidar_1763026408800523043.bin
  [prediction] Pub 12 boxes
Publishing 12 3D boxes
  [prediction] File: sweeper_predict/bin/AD002_JS_urban_20251113_173323_day_clear_lidar_1763026408800523043.bin

--- Frame 758 ---
  [ground_truth] Pub 15 boxes
Publishing 15 3D boxes
  [ground_truth] File: sweeper_gt/bin/AD002_JS_urban_20251113_173323_day_clear_lidar_1763026410800630093.bin
  [prediction] Pub 11 boxes
Publishing 11 3D boxes
  [prediction] File: sweeper_predict/bin/AD002_JS_urban_20251113_173323_day_clear_lidar_1763026410800630093.bin

--- Frame 759 ---
  [ground_truth] Pub 13 boxes
Publishing 13 3D boxes
  [ground_truth] File: sweeper_gt/bin/AD002_JS_urban_20251113_173323_day_clear_lidar_1763026412800841093.bin
  [prediction] Pub 12 boxes
Publishing 12 3D boxes
  [prediction] File: sweeper_predict/bin/AD002_JS_urban_20251113_173323_day_clear_lidar_1763026412800841093.bin

--- Frame 760 ---
  [ground_truth] Pub 12 boxes
Publishing 12 3D boxes
  [ground_truth] File: sweeper_gt/bin/AD002_JS_urban_20251113_173323_day_clear_lidar_1763026414800471067.bin
  [prediction] Pub 12 boxes
Publishing 12 3D boxes
  [prediction] File: sweeper_predict/bin/AD002_JS_urban_20251113_173323_day_clear_lidar_1763026414800471067.bin

--- Frame 761 ---
  [ground_truth] Pub 13 boxes
Publishing 13 3D boxes
  [ground_truth] File: sweeper_gt/bin/AD002_JS_urban_20251113_173323_day_clear_lidar_1763026416800649881.bin
  [prediction] Pub 11 boxes
Publishing 11 3D boxes
  [prediction] File: sweeper_predict/bin/AD002_JS_urban_20251113_173323_day_clear_lidar_1763026416800649881.bin

--- Frame 762 ---
  [ground_truth] Pub 11 boxes
Publishing 11 3D boxes
  [ground_truth] File: sweeper_gt/bin/AD002_JS_urban_20251113_173323_day_clear_lidar_1763026418800822973.bin
  [prediction] Pub 9 boxes
Publishing 9 3D boxes
  [prediction] File: sweeper_predict/bin/AD002_JS_urban_20251113_173323_day_clear_lidar_1763026418800822973.bin

--- Frame 763 ---
  [ground_truth] Pub 12 boxes
Publishing 12 3D boxes
  [ground_truth] File: sweeper_gt/bin/AD002_JS_urban_20251113_173323_day_clear_lidar_1763026420800506115.bin
  [prediction] Pub 11 boxes
Publishing 11 3D boxes
  [prediction] File: sweeper_predict/bin/AD002_JS_urban_20251113_173323_day_clear_lidar_1763026420800506115.bin

--- Frame 764 ---
  [ground_truth] Pub 11 boxes
Publishing 11 3D boxes
  [ground_truth] File: sweeper_gt/bin/AD002_JS_urban_20251113_173323_day_clear_lidar_1763026422800652027.bin
  [prediction] Pub 7 boxes
Publishing 7 3D boxes
  [prediction] File: sweeper_predict/bin/AD002_JS_urban_20251113_173323_day_clear_lidar_1763026422800652027.bin

--- Frame 765 ---
  [ground_truth] Pub 12 boxes
Publishing 12 3D boxes
  [ground_truth] File: sweeper_gt/bin/AD002_JS_urban_20251113_173323_day_clear_lidar_1763026424800847054.bin
  [prediction] Pub 11 boxes
Publishing 11 3D boxes
  [prediction] File: sweeper_predict/bin/AD002_JS_urban_20251113_173323_day_clear_lidar_1763026424800847054.bin

--- Frame 766 ---
  [ground_truth] Pub 12 boxes
Publishing 12 3D boxes
  [ground_truth] File: sweeper_gt/bin/AD002_JS_urban_20251113_173323_day_clear_lidar_1763026426800514936.bin
  [prediction] Pub 13 boxes
Publishing 13 3D boxes
  [prediction] File: sweeper_predict/bin/AD002_JS_urban_20251113_173323_day_clear_lidar_1763026426800514936.bin

--- Frame 767 ---
  [ground_truth] Pub 9 boxes
Publishing 9 3D boxes
  [ground_truth] File: sweeper_gt/bin/AD002_JS_urban_20251113_173323_day_clear_lidar_1763026428800689936.bin
  [prediction] Pub 8 boxes
Publishing 8 3D boxes
  [prediction] File: sweeper_predict/bin/AD002_JS_urban_20251113_173323_day_clear_lidar_1763026428800689936.bin

--- Frame 768 ---
  [ground_truth] Pub 11 boxes
Publishing 11 3D boxes
  [ground_truth] File: sweeper_gt/bin/AD002_JS_urban_20251113_173323_day_clear_lidar_1763026430800767899.bin
  [prediction] Pub 9 boxes
Publishing 9 3D boxes
  [prediction] File: sweeper_predict/bin/AD002_JS_urban_20251113_173323_day_clear_lidar_1763026430800767899.bin

--- Frame 769 ---
  [ground_truth] Pub 14 boxes
Publishing 14 3D boxes
  [ground_truth] File: sweeper_gt/bin/AD002_JS_urban_20251113_173323_day_clear_lidar_1763026432800534010.bin
  [prediction] Pub 11 boxes
Publishing 11 3D boxes
  [prediction] File: sweeper_predict/bin/AD002_JS_urban_20251113_173323_day_clear_lidar_1763026432800534010.bin

--- Frame 770 ---
  [ground_truth] Pub 14 boxes
Publishing 14 3D boxes
  [ground_truth] File: sweeper_gt/bin/AD002_JS_urban_20251113_173323_day_clear_lidar_1763026434800663948.bin
  [prediction] Pub 9 boxes
Publishing 9 3D boxes
  [prediction] File: sweeper_predict/bin/AD002_JS_urban_20251113_173323_day_clear_lidar_1763026434800663948.bin

--- Frame 771 ---
  [ground_truth] Pub 16 boxes
Publishing 16 3D boxes
  [ground_truth] File: sweeper_gt/bin/AD002_JS_urban_20251113_173323_day_clear_lidar_1763026436800749063.bin
  [prediction] Pub 11 boxes
Publishing 11 3D boxes
  [prediction] File: sweeper_predict/bin/AD002_JS_urban_20251113_173323_day_clear_lidar_1763026436800749063.bin

--- Frame 772 ---
  [ground_truth] Pub 10 boxes
Publishing 10 3D boxes
  [ground_truth] File: sweeper_gt/bin/AD002_JS_urban_20251113_173323_day_clear_lidar_1763026438800546885.bin
  [prediction] Pub 6 boxes
Publishing 6 3D boxes
  [prediction] File: sweeper_predict/bin/AD002_JS_urban_20251113_173323_day_clear_lidar_1763026438800546885.bin

--- Frame 773 ---
  [ground_truth] Pub 12 boxes
Publishing 12 3D boxes
  [ground_truth] File: sweeper_gt/bin/AD002_JS_urban_20251113_173323_day_clear_lidar_1763026440800679922.bin
  [prediction] Pub 8 boxes
Publishing 8 3D boxes
  [prediction] File: sweeper_predict/bin/AD002_JS_urban_20251113_173323_day_clear_lidar_1763026440800679922.bin

--- Frame 774 ---
  [ground_truth] Pub 13 boxes
Publishing 13 3D boxes
  [ground_truth] File: sweeper_gt/bin/AD002_JS_urban_20251113_173323_day_clear_lidar_1763026442800806999.bin
  [prediction] Pub 9 boxes
Publishing 9 3D boxes
  [prediction] File: sweeper_predict/bin/AD002_JS_urban_20251113_173323_day_clear_lidar_1763026442800806999.bin

--- Frame 775 ---
  [ground_truth] Pub 15 boxes
Publishing 15 3D boxes
  [ground_truth] File: sweeper_gt/bin/AD002_JS_urban_20251113_173323_day_clear_lidar_1763026444900806904.bin
  [prediction] Pub 11 boxes
Publishing 11 3D boxes
  [prediction] File: sweeper_predict/bin/AD002_JS_urban_20251113_173323_day_clear_lidar_1763026444900806904.bin

--- Frame 776 ---
  [ground_truth] Pub 14 boxes
Publishing 14 3D boxes
  [ground_truth] File: sweeper_gt/bin/AD002_JS_urban_20251113_173323_day_clear_lidar_1763026446900566101.bin
  [prediction] Pub 12 boxes
Publishing 12 3D boxes
  [prediction] File: sweeper_predict/bin/AD002_JS_urban_20251113_173323_day_clear_lidar_1763026446900566101.bin

--- Frame 777 ---
  [ground_truth] Pub 16 boxes
Publishing 16 3D boxes
  [ground_truth] File: sweeper_gt/bin/AD002_JS_urban_20251113_173323_day_clear_lidar_1763026448900631905.bin
  [prediction] Pub 12 boxes
Publishing 12 3D boxes
  [prediction] File: sweeper_predict/bin/AD002_JS_urban_20251113_173323_day_clear_lidar_1763026448900631905.bin

--- Frame 778 ---
  [ground_truth] Pub 12 boxes
Publishing 12 3D boxes
  [ground_truth] File: sweeper_gt/bin/AD002_JS_urban_20251113_173323_day_clear_lidar_1763026450900820017.bin
  [prediction] Pub 7 boxes
Publishing 7 3D boxes
  [prediction] File: sweeper_predict/bin/AD002_JS_urban_20251113_173323_day_clear_lidar_1763026450900820017.bin

--- Frame 779 ---
  [ground_truth] Pub 14 boxes
Publishing 14 3D boxes
  [ground_truth] File: sweeper_gt/bin/AD002_JS_urban_20251113_173323_day_clear_lidar_1763026452900542021.bin
  [prediction] Pub 10 boxes
Publishing 10 3D boxes
  [prediction] File: sweeper_predict/bin/AD002_JS_urban_20251113_173323_day_clear_lidar_1763026452900542021.bin

--- Frame 780 ---
  [ground_truth] Pub 10 boxes
Publishing 10 3D boxes
  [ground_truth] File: sweeper_gt/bin/AD002_JS_urban_20251113_173323_day_clear_lidar_1763026454900654078.bin
  [prediction] Pub 7 boxes
Publishing 7 3D boxes
  [prediction] File: sweeper_predict/bin/AD002_JS_urban_20251113_173323_day_clear_lidar_1763026454900654078.bin

--- Frame 781 ---
  [ground_truth] Pub 15 boxes
Publishing 15 3D boxes
  [ground_truth] File: sweeper_gt/bin/AD002_JS_urban_20251113_173323_day_clear_lidar_1763026456900794983.bin
  [prediction] Pub 10 boxes
Publishing 10 3D boxes
  [prediction] File: sweeper_predict/bin/AD002_JS_urban_20251113_173323_day_clear_lidar_1763026456900794983.bin

--- Frame 782 ---
  [ground_truth] Pub 14 boxes
Publishing 14 3D boxes
  [ground_truth] File: sweeper_gt/bin/AD002_JS_urban_20251113_173323_day_clear_lidar_1763026458900543928.bin
  [prediction] Pub 13 boxes
Publishing 13 3D boxes
  [prediction] File: sweeper_predict/bin/AD002_JS_urban_20251113_173323_day_clear_lidar_1763026458900543928.bin

--- Frame 783 ---
  [ground_truth] Pub 11 boxes
Publishing 11 3D boxes
  [ground_truth] File: sweeper_gt/bin/AD002_JS_urban_20251113_173323_day_clear_lidar_1763026460900640011.bin
  [prediction] Pub 10 boxes
Publishing 10 3D boxes
  [prediction] File: sweeper_predict/bin/AD002_JS_urban_20251113_173323_day_clear_lidar_1763026460900640011.bin

--- Frame 784 ---
  [ground_truth] Pub 16 boxes
Publishing 16 3D boxes
  [ground_truth] File: sweeper_gt/bin/AD002_JS_urban_20251113_173323_day_clear_lidar_1763026462900829077.bin
  [prediction] Pub 14 boxes
Publishing 14 3D boxes
  [prediction] File: sweeper_predict/bin/AD002_JS_urban_20251113_173323_day_clear_lidar_1763026462900829077.bin

--- Frame 785 ---
  [ground_truth] Pub 21 boxes
Publishing 21 3D boxes
  [ground_truth] File: sweeper_gt/bin/AD002_JS_urban_20251113_173323_day_clear_lidar_1763026464800668001.bin
  [prediction] Pub 16 boxes
Publishing 16 3D boxes
  [prediction] File: sweeper_predict/bin/AD002_JS_urban_20251113_173323_day_clear_lidar_1763026464800668001.bin

--- Frame 786 ---
  [ground_truth] Pub 18 boxes
Publishing 18 3D boxes
  [ground_truth] File: sweeper_gt/bin/AD002_JS_urban_20251113_173323_day_clear_lidar_1763026466800832987.bin
  [prediction] Pub 14 boxes
Publishing 14 3D boxes
  [prediction] File: sweeper_predict/bin/AD002_JS_urban_20251113_173323_day_clear_lidar_1763026466800832987.bin

--- Frame 787 ---
  [ground_truth] Pub 19 boxes
Publishing 19 3D boxes
  [ground_truth] File: sweeper_gt/bin/AD002_JS_urban_20251113_173323_day_clear_lidar_1763026468800518990.bin
  [prediction] Pub 17 boxes
Publishing 17 3D boxes
  [prediction] File: sweeper_predict/bin/AD002_JS_urban_20251113_173323_day_clear_lidar_1763026468800518990.bin

--- Frame 788 ---
  [ground_truth] Pub 19 boxes
Publishing 19 3D boxes
  [ground_truth] File: sweeper_gt/bin/AD002_JS_urban_20251113_173323_day_clear_lidar_1763026470800638914.bin
  [prediction] Pub 16 boxes
Publishing 16 3D boxes
  [prediction] File: sweeper_predict/bin/AD002_JS_urban_20251113_173323_day_clear_lidar_1763026470800638914.bin

--- Frame 789 ---
  [ground_truth] Pub 19 boxes
Publishing 19 3D boxes
  [ground_truth] File: sweeper_gt/bin/AD002_JS_urban_20251113_173323_day_clear_lidar_1763026472800796986.bin
  [prediction] Pub 15 boxes
Publishing 15 3D boxes
  [prediction] File: sweeper_predict/bin/AD002_JS_urban_20251113_173323_day_clear_lidar_1763026472800796986.bin

--- Frame 790 ---
  [ground_truth] Pub 17 boxes
Publishing 17 3D boxes
  [ground_truth] File: sweeper_gt/bin/AD002_JS_urban_20251113_173323_day_clear_lidar_1763026474800493956.bin
  [prediction] Pub 13 boxes
Publishing 13 3D boxes
  [prediction] File: sweeper_predict/bin/AD002_JS_urban_20251113_173323_day_clear_lidar_1763026474800493956.bin

--- Frame 791 ---
  [ground_truth] Pub 16 boxes
Publishing 16 3D boxes
  [ground_truth] File: sweeper_gt/bin/AD002_JS_urban_20251113_173323_day_clear_lidar_1763026476800636053.bin
  [prediction] Pub 14 boxes
Publishing 14 3D boxes
  [prediction] File: sweeper_predict/bin/AD002_JS_urban_20251113_173323_day_clear_lidar_1763026476800636053.bin

--- Frame 792 ---
  [ground_truth] Pub 16 boxes
Publishing 16 3D boxes
  [ground_truth] File: sweeper_gt/bin/AD002_JS_urban_20251113_173323_day_clear_lidar_1763026478800836086.bin
  [prediction] Pub 13 boxes
Publishing 13 3D boxes
  [prediction] File: sweeper_predict/bin/AD002_JS_urban_20251113_173323_day_clear_lidar_1763026478800836086.bin

--- Frame 793 ---
  [ground_truth] Pub 17 boxes
Publishing 17 3D boxes
  [ground_truth] File: sweeper_gt/bin/AD002_JS_urban_20251113_173323_day_clear_lidar_1763026480800539017.bin
  [prediction] Pub 11 boxes
Publishing 11 3D boxes
  [prediction] File: sweeper_predict/bin/AD002_JS_urban_20251113_173323_day_clear_lidar_1763026480800539017.bin

--- Frame 794 ---
  [ground_truth] Pub 15 boxes
Publishing 15 3D boxes
  [ground_truth] File: sweeper_gt/bin/AD002_JS_urban_20251113_173323_day_clear_lidar_1763026482800616980.bin
  [prediction] Pub 13 boxes
Publishing 13 3D boxes
  [prediction] File: sweeper_predict/bin/AD002_JS_urban_20251113_173323_day_clear_lidar_1763026482800616980.bin

--- Frame 795 ---
  [ground_truth] Pub 16 boxes
Publishing 16 3D boxes
  [ground_truth] File: sweeper_gt/bin/AD002_JS_urban_20251113_173323_day_clear_lidar_1763026486500494957.bin
  [prediction] Pub 11 boxes
Publishing 11 3D boxes
  [prediction] File: sweeper_predict/bin/AD002_JS_urban_20251113_173323_day_clear_lidar_1763026486500494957.bin

--- Frame 796 ---
  [ground_truth] Pub 12 boxes
Publishing 12 3D boxes
  [ground_truth] File: sweeper_gt/bin/AD002_JS_urban_20251113_173323_day_clear_lidar_1763026488500632048.bin
  [prediction] Pub 10 boxes
Publishing 10 3D boxes
  [prediction] File: sweeper_predict/bin/AD002_JS_urban_20251113_173323_day_clear_lidar_1763026488500632048.bin

--- Frame 797 ---
  [ground_truth] Pub 13 boxes
Publishing 13 3D boxes
  [ground_truth] File: sweeper_gt/bin/AD002_JS_urban_20251113_173323_day_clear_lidar_1763026490500821114.bin
  [prediction] Pub 10 boxes
Publishing 10 3D boxes
  [prediction] File: sweeper_predict/bin/AD002_JS_urban_20251113_173323_day_clear_lidar_1763026490500821114.bin

--- Frame 798 ---
  [ground_truth] Pub 14 boxes
Publishing 14 3D boxes
  [ground_truth] File: sweeper_gt/bin/AD002_JS_urban_20251113_173323_day_clear_lidar_1763026492500526905.bin
  [prediction] Pub 10 boxes
Publishing 10 3D boxes
  [prediction] File: sweeper_predict/bin/AD002_JS_urban_20251113_173323_day_clear_lidar_1763026492500526905.bin

--- Frame 799 ---
  [ground_truth] Pub 14 boxes
Publishing 14 3D boxes
  [ground_truth] File: sweeper_gt/bin/AD002_JS_urban_20251113_173323_day_clear_lidar_1763026494500660896.bin
  [prediction] Pub 9 boxes
Publishing 9 3D boxes
  [prediction] File: sweeper_predict/bin/AD002_JS_urban_20251113_173323_day_clear_lidar_1763026494500660896.bin

--- Frame 800 ---
  [ground_truth] Pub 10 boxes
Publishing 10 3D boxes
  [ground_truth] File: sweeper_gt/bin/AD002_JS_urban_20251113_173323_day_clear_lidar_1763026496500823021.bin
  [prediction] Pub 9 boxes
Publishing 9 3D boxes
  [prediction] File: sweeper_predict/bin/AD002_JS_urban_20251113_173323_day_clear_lidar_1763026496500823021.bin

--- Frame 801 ---
  [ground_truth] Pub 12 boxes
Publishing 12 3D boxes
  [ground_truth] File: sweeper_gt/bin/AD002_JS_urban_20251113_173323_day_clear_lidar_1763026498500510931.bin
  [prediction] Pub 10 boxes
Publishing 10 3D boxes
  [prediction] File: sweeper_predict/bin/AD002_JS_urban_20251113_173323_day_clear_lidar_1763026498500510931.bin

--- Frame 802 ---
  [ground_truth] Pub 29 boxes
Publishing 29 3D boxes
  [ground_truth] File: sweeper_gt/bin/AD002_JS_urban_20251115_173658_night_clear_lidar_1763199421000505924.bin
  [prediction] Pub 21 boxes
Publishing 21 3D boxes
  [prediction] File: sweeper_predict/bin/AD002_JS_urban_20251115_173658_night_clear_lidar_1763199421000505924.bin

--- Frame 803 ---
  [ground_truth] Pub 24 boxes
Publishing 24 3D boxes
  [ground_truth] File: sweeper_gt/bin/AD002_JS_urban_20251115_173658_night_clear_lidar_1763199426000653982.bin
  [prediction] Pub 17 boxes
Publishing 17 3D boxes
  [prediction] File: sweeper_predict/bin/AD002_JS_urban_20251115_173658_night_clear_lidar_1763199426000653982.bin

--- Frame 804 ---
  [ground_truth] Pub 27 boxes
Publishing 27 3D boxes
  [ground_truth] File: sweeper_gt/bin/AD002_JS_urban_20251115_173658_night_clear_lidar_1763199431000798941.bin
  [prediction] Pub 19 boxes
Publishing 19 3D boxes
  [prediction] File: sweeper_predict/bin/AD002_JS_urban_20251115_173658_night_clear_lidar_1763199431000798941.bin

--- Frame 805 ---
  [ground_truth] Pub 30 boxes
Publishing 30 3D boxes
  [ground_truth] File: sweeper_gt/bin/AD002_JS_urban_20251115_173658_night_clear_lidar_1763199436000550985.bin
  [prediction] Pub 21 boxes
Publishing 21 3D boxes
  [prediction] File: sweeper_predict/bin/AD002_JS_urban_20251115_173658_night_clear_lidar_1763199436000550985.bin

--- Frame 806 ---
  [ground_truth] Pub 34 boxes
Publishing 34 3D boxes
  [ground_truth] File: sweeper_gt/bin/AD002_JS_urban_20251115_173658_night_clear_lidar_1763199440900820971.bin
  [prediction] Pub 21 boxes
Publishing 21 3D boxes
  [prediction] File: sweeper_predict/bin/AD002_JS_urban_20251115_173658_night_clear_lidar_1763199440900820971.bin

--- Frame 807 ---
  [ground_truth] Pub 27 boxes
Publishing 27 3D boxes
  [ground_truth] File: sweeper_gt/bin/AD002_JS_urban_20251115_173658_night_clear_lidar_1763199445900504112.bin
  [prediction] Pub 22 boxes
Publishing 22 3D boxes
  [prediction] File: sweeper_predict/bin/AD002_JS_urban_20251115_173658_night_clear_lidar_1763199445900504112.bin

--- Frame 808 ---
  [ground_truth] Pub 36 boxes
Publishing 36 3D boxes
  [ground_truth] File: sweeper_gt/bin/AD002_JS_urban_20251115_173658_night_clear_lidar_1763199450900639057.bin
  [prediction] Pub 25 boxes
Publishing 25 3D boxes
  [prediction] File: sweeper_predict/bin/AD002_JS_urban_20251115_173658_night_clear_lidar_1763199450900639057.bin

--- Frame 809 ---
  [ground_truth] Pub 38 boxes
Publishing 38 3D boxes
  [ground_truth] File: sweeper_gt/bin/AD002_JS_urban_20251115_173658_night_clear_lidar_1763199455900813103.bin
  [prediction] Pub 28 boxes
Publishing 28 3D boxes
  [prediction] File: sweeper_predict/bin/AD002_JS_urban_20251115_173658_night_clear_lidar_1763199455900813103.bin

--- Frame 810 ---
  [ground_truth] Pub 43 boxes
Publishing 43 3D boxes
  [ground_truth] File: sweeper_gt/bin/AD002_JS_urban_20251115_173658_night_clear_lidar_1763199460900496960.bin
  [prediction] Pub 35 boxes
Publishing 35 3D boxes
  [prediction] File: sweeper_predict/bin/AD002_JS_urban_20251115_173658_night_clear_lidar_1763199460900496960.bin

--- Frame 811 ---
  [ground_truth] Pub 36 boxes
Publishing 36 3D boxes
  [ground_truth] File: sweeper_gt/bin/AD002_JS_urban_20251115_173658_night_clear_lidar_1763199465900620937.bin
  [prediction] Pub 33 boxes
Publishing 33 3D boxes
  [prediction] File: sweeper_predict/bin/AD002_JS_urban_20251115_173658_night_clear_lidar_1763199465900620937.bin

--- Frame 812 ---
  [ground_truth] Pub 40 boxes
Publishing 40 3D boxes
  [ground_truth] File: sweeper_gt/bin/AD002_JS_urban_20251115_173658_night_clear_lidar_1763199470900779963.bin
  [prediction] Pub 28 boxes
Publishing 28 3D boxes
  [prediction] File: sweeper_predict/bin/AD002_JS_urban_20251115_173658_night_clear_lidar_1763199470900779963.bin

--- Frame 813 ---
  [ground_truth] Pub 43 boxes
Publishing 43 3D boxes
  [ground_truth] File: sweeper_gt/bin/AD002_JS_urban_20251115_173658_night_clear_lidar_1763199475900511980.bin
  [prediction] Pub 31 boxes
Publishing 31 3D boxes
  [prediction] File: sweeper_predict/bin/AD002_JS_urban_20251115_173658_night_clear_lidar_1763199475900511980.bin

--- Frame 814 ---
  [ground_truth] Pub 44 boxes
Publishing 44 3D boxes
  [ground_truth] File: sweeper_gt/bin/AD002_JS_urban_20251115_173658_night_clear_lidar_1763199480900650024.bin
  [prediction] Pub 35 boxes
Publishing 35 3D boxes
  [prediction] File: sweeper_predict/bin/AD002_JS_urban_20251115_173658_night_clear_lidar_1763199480900650024.bin

--- Frame 815 ---
  [ground_truth] Pub 40 boxes
Publishing 40 3D boxes
  [ground_truth] File: sweeper_gt/bin/AD002_JS_urban_20251115_173658_night_clear_lidar_1763199485900768995.bin
  [prediction] Pub 27 boxes
Publishing 27 3D boxes
  [prediction] File: sweeper_predict/bin/AD002_JS_urban_20251115_173658_night_clear_lidar_1763199485900768995.bin

--- Frame 816 ---
  [ground_truth] Pub 38 boxes
Publishing 38 3D boxes
  [ground_truth] File: sweeper_gt/bin/AD002_JS_urban_20251115_173658_night_clear_lidar_1763199490900535107.bin
  [prediction] Pub 42 boxes
Publishing 42 3D boxes
  [prediction] File: sweeper_predict/bin/AD002_JS_urban_20251115_173658_night_clear_lidar_1763199490900535107.bin

--- Frame 817 ---
  [ground_truth] Pub 35 boxes
Publishing 35 3D boxes
  [ground_truth] File: sweeper_gt/bin/AD002_JS_urban_20251115_173658_night_clear_lidar_1763199495900643110.bin
  [prediction] Pub 35 boxes
Publishing 35 3D boxes
  [prediction] File: sweeper_predict/bin/AD002_JS_urban_20251115_173658_night_clear_lidar_1763199495900643110.bin

--- Frame 818 ---
  [ground_truth] Pub 30 boxes
Publishing 30 3D boxes
  [ground_truth] File: sweeper_gt/bin/AD002_JS_urban_20251115_173658_night_clear_lidar_1763199500900852919.bin
  [prediction] Pub 28 boxes
Publishing 28 3D boxes
  [prediction] File: sweeper_predict/bin/AD002_JS_urban_20251115_173658_night_clear_lidar_1763199500900852919.bin

--- Frame 819 ---
  [ground_truth] Pub 23 boxes
Publishing 23 3D boxes
  [ground_truth] File: sweeper_gt/bin/AD002_JS_urban_20251115_173658_night_clear_lidar_1763199505900516033.bin
  [prediction] Pub 19 boxes
Publishing 19 3D boxes
  [prediction] File: sweeper_predict/bin/AD002_JS_urban_20251115_173658_night_clear_lidar_1763199505900516033.bin

--- Frame 820 ---
  [ground_truth] Pub 31 boxes
Publishing 31 3D boxes
  [ground_truth] File: sweeper_gt/bin/AD002_JS_urban_20251115_173658_night_clear_lidar_1763199510900620937.bin
  [prediction] Pub 18 boxes
Publishing 18 3D boxes
  [prediction] File: sweeper_predict/bin/AD002_JS_urban_20251115_173658_night_clear_lidar_1763199510900620937.bin

--- Frame 821 ---
  [ground_truth] Pub 25 boxes
Publishing 25 3D boxes
  [ground_truth] File: sweeper_gt/bin/AD002_JS_urban_20251115_173658_night_clear_lidar_1763199515900785923.bin
  [prediction] Pub 16 boxes
Publishing 16 3D boxes
  [prediction] File: sweeper_predict/bin/AD002_JS_urban_20251115_173658_night_clear_lidar_1763199515900785923.bin

--- Frame 822 ---
  [ground_truth] Pub 27 boxes
Publishing 27 3D boxes
  [ground_truth] File: sweeper_gt/bin/AD002_JS_urban_20251115_173658_night_clear_lidar_1763200601100660086.bin
  [prediction] Pub 27 boxes
Publishing 27 3D boxes
  [prediction] File: sweeper_predict/bin/AD002_JS_urban_20251115_173658_night_clear_lidar_1763200601100660086.bin

--- Frame 823 ---
  [ground_truth] Pub 23 boxes
Publishing 23 3D boxes
  [ground_truth] File: sweeper_gt/bin/AD002_JS_urban_20251115_173658_night_clear_lidar_1763200606100809097.bin
  [prediction] Pub 17 boxes
Publishing 17 3D boxes
  [prediction] File: sweeper_predict/bin/AD002_JS_urban_20251115_173658_night_clear_lidar_1763200606100809097.bin

--- Frame 824 ---
  [ground_truth] Pub 26 boxes
Publishing 26 3D boxes
  [ground_truth] File: sweeper_gt/bin/AD002_JS_urban_20251115_173658_night_clear_lidar_1763200611100558043.bin
  [prediction] Pub 24 boxes
Publishing 24 3D boxes
  [prediction] File: sweeper_predict/bin/AD002_JS_urban_20251115_173658_night_clear_lidar_1763200611100558043.bin

--- Frame 825 ---
  [ground_truth] Pub 32 boxes
Publishing 32 3D boxes
  [ground_truth] File: sweeper_gt/bin/AD002_JS_urban_20251115_173658_night_clear_lidar_1763200616100610018.bin
  [prediction] Pub 32 boxes
Publishing 32 3D boxes
  [prediction] File: sweeper_predict/bin/AD002_JS_urban_20251115_173658_night_clear_lidar_1763200616100610018.bin

--- Frame 826 ---
  [ground_truth] Pub 27 boxes
Publishing 27 3D boxes
  [ground_truth] File: sweeper_gt/bin/AD002_JS_urban_20251115_173658_night_clear_lidar_1763200621100785971.bin
  [prediction] Pub 21 boxes
Publishing 21 3D boxes
  [prediction] File: sweeper_predict/bin/AD002_JS_urban_20251115_173658_night_clear_lidar_1763200621100785971.bin

--- Frame 827 ---
  [ground_truth] Pub 38 boxes
Publishing 38 3D boxes
  [ground_truth] File: sweeper_gt/bin/AD002_JS_urban_20251115_173658_night_clear_lidar_1763200626100500107.bin
  [prediction] Pub 29 boxes
Publishing 29 3D boxes
  [prediction] File: sweeper_predict/bin/AD002_JS_urban_20251115_173658_night_clear_lidar_1763200626100500107.bin

--- Frame 828 ---
  [ground_truth] Pub 36 boxes
Publishing 36 3D boxes
  [ground_truth] File: sweeper_gt/bin/AD002_JS_urban_20251115_173658_night_clear_lidar_1763200631100649118.bin
  [prediction] Pub 34 boxes
Publishing 34 3D boxes
  [prediction] File: sweeper_predict/bin/AD002_JS_urban_20251115_173658_night_clear_lidar_1763200631100649118.bin

--- Frame 829 ---
  [ground_truth] Pub 32 boxes
Publishing 32 3D boxes
  [ground_truth] File: sweeper_gt/bin/AD002_JS_urban_20251115_173658_night_clear_lidar_1763200636100792885.bin
  [prediction] Pub 28 boxes
Publishing 28 3D boxes
  [prediction] File: sweeper_predict/bin/AD002_JS_urban_20251115_173658_night_clear_lidar_1763200636100792885.bin

--- Frame 830 ---
  [ground_truth] Pub 41 boxes
Publishing 41 3D boxes
  [ground_truth] File: sweeper_gt/bin/AD002_JS_urban_20251115_173658_night_clear_lidar_1763200642000534058.bin
  [prediction] Pub 40 boxes
Publishing 40 3D boxes
  [prediction] File: sweeper_predict/bin/AD002_JS_urban_20251115_173658_night_clear_lidar_1763200642000534058.bin

--- Frame 831 ---
  [ground_truth] Pub 42 boxes
Publishing 42 3D boxes
  [ground_truth] File: sweeper_gt/bin/AD002_JS_urban_20251115_173658_night_clear_lidar_1763200647000673056.bin
  [prediction] Pub 35 boxes
Publishing 35 3D boxes
  [prediction] File: sweeper_predict/bin/AD002_JS_urban_20251115_173658_night_clear_lidar_1763200647000673056.bin

--- Frame 832 ---
  [ground_truth] Pub 35 boxes
Publishing 35 3D boxes
  [ground_truth] File: sweeper_gt/bin/AD002_JS_urban_20251115_173658_night_clear_lidar_1763200652000822067.bin
  [prediction] Pub 33 boxes
Publishing 33 3D boxes
  [prediction] File: sweeper_predict/bin/AD002_JS_urban_20251115_173658_night_clear_lidar_1763200652000822067.bin

--- Frame 833 ---
  [ground_truth] Pub 27 boxes
Publishing 27 3D boxes
  [ground_truth] File: sweeper_gt/bin/AD002_JS_urban_20251115_173658_night_clear_lidar_1763200657000519037.bin
  [prediction] Pub 31 boxes
Publishing 31 3D boxes
  [prediction] File: sweeper_predict/bin/AD002_JS_urban_20251115_173658_night_clear_lidar_1763200657000519037.bin

--- Frame 834 ---
  [ground_truth] Pub 39 boxes
Publishing 39 3D boxes
  [ground_truth] File: sweeper_gt/bin/AD002_JS_urban_20251115_173658_night_clear_lidar_1763200661100634098.bin
  [prediction] Pub 28 boxes
Publishing 28 3D boxes
  [prediction] File: sweeper_predict/bin/AD002_JS_urban_20251115_173658_night_clear_lidar_1763200661100634098.bin

--- Frame 835 ---
  [ground_truth] Pub 41 boxes
Publishing 41 3D boxes
  [ground_truth] File: sweeper_gt/bin/AD002_JS_urban_20251115_173658_night_clear_lidar_1763200666100797892.bin
  [prediction] Pub 28 boxes
Publishing 28 3D boxes
  [prediction] File: sweeper_predict/bin/AD002_JS_urban_20251115_173658_night_clear_lidar_1763200666100797892.bin

--- Frame 836 ---
  [ground_truth] Pub 42 boxes
Publishing 42 3D boxes
  [ground_truth] File: sweeper_gt/bin/AD002_JS_urban_20251115_173658_night_clear_lidar_1763200671100533962.bin
  [prediction] Pub 29 boxes
Publishing 29 3D boxes
  [prediction] File: sweeper_predict/bin/AD002_JS_urban_20251115_173658_night_clear_lidar_1763200671100533962.bin

--- Frame 837 ---
  [ground_truth] Pub 42 boxes
Publishing 42 3D boxes
  [ground_truth] File: sweeper_gt/bin/AD002_JS_urban_20251115_173658_night_clear_lidar_1763200676100673914.bin
  [prediction] Pub 31 boxes
Publishing 31 3D boxes
  [prediction] File: sweeper_predict/bin/AD002_JS_urban_20251115_173658_night_clear_lidar_1763200676100673914.bin

--- Frame 838 ---
  [ground_truth] Pub 40 boxes
Publishing 40 3D boxes
  [ground_truth] File: sweeper_gt/bin/AD002_JS_urban_20251115_173658_night_clear_lidar_1763200681100843906.bin
  [prediction] Pub 36 boxes
Publishing 36 3D boxes
  [prediction] File: sweeper_predict/bin/AD002_JS_urban_20251115_173658_night_clear_lidar_1763200681100843906.bin

--- Frame 839 ---
  [ground_truth] Pub 38 boxes
Publishing 38 3D boxes
  [ground_truth] File: sweeper_gt/bin/AD002_JS_urban_20251115_173658_night_clear_lidar_1763200686100509882.bin
  [prediction] Pub 34 boxes
Publishing 34 3D boxes
  [prediction] File: sweeper_predict/bin/AD002_JS_urban_20251115_173658_night_clear_lidar_1763200686100509882.bin

--- Frame 840 ---
  [ground_truth] Pub 46 boxes
Publishing 46 3D boxes
  [ground_truth] File: sweeper_gt/bin/AD002_JS_urban_20251115_173658_night_clear_lidar_1763200691100603104.bin
  [prediction] Pub 36 boxes
Publishing 36 3D boxes
  [prediction] File: sweeper_predict/bin/AD002_JS_urban_20251115_173658_night_clear_lidar_1763200691100603104.bin

--- Frame 841 ---
  [ground_truth] Pub 49 boxes
Publishing 49 3D boxes
  [ground_truth] File: sweeper_gt/bin/AD002_JS_urban_20251115_173658_night_clear_lidar_1763200696100822926.bin
  [prediction] Pub 39 boxes
Publishing 39 3D boxes
  [prediction] File: sweeper_predict/bin/AD002_JS_urban_20251115_173658_night_clear_lidar_1763200696100822926.bin

--- Frame 842 ---
  [ground_truth] Pub 53 boxes
Publishing 53 3D boxes
  [ground_truth] File: sweeper_gt/bin/AD002_JS_urban_20251115_173658_night_clear_lidar_1763200701100507021.bin
  [prediction] Pub 40 boxes
Publishing 40 3D boxes
  [prediction] File: sweeper_predict/bin/AD002_JS_urban_20251115_173658_night_clear_lidar_1763200701100507021.bin

--- Frame 843 ---
  [ground_truth] Pub 52 boxes
Publishing 52 3D boxes
  [ground_truth] File: sweeper_gt/bin/AD002_JS_urban_20251115_173658_night_clear_lidar_1763200706100667000.bin
  [prediction] Pub 35 boxes
Publishing 35 3D boxes
  [prediction] File: sweeper_predict/bin/AD002_JS_urban_20251115_173658_night_clear_lidar_1763200706100667000.bin

--- Frame 844 ---
  [ground_truth] Pub 53 boxes
Publishing 53 3D boxes
  [ground_truth] File: sweeper_gt/bin/AD002_JS_urban_20251115_173658_night_clear_lidar_1763200711100758076.bin
  [prediction] Pub 43 boxes
Publishing 43 3D boxes
  [prediction] File: sweeper_predict/bin/AD002_JS_urban_20251115_173658_night_clear_lidar_1763200711100758076.bin

--- Frame 845 ---
  [ground_truth] Pub 45 boxes
Publishing 45 3D boxes
  [ground_truth] File: sweeper_gt/bin/AD002_JS_urban_20251115_173658_night_clear_lidar_1763200716100553989.bin
  [prediction] Pub 36 boxes
Publishing 36 3D boxes
  [prediction] File: sweeper_predict/bin/AD002_JS_urban_20251115_173658_night_clear_lidar_1763200716100553989.bin

--- Frame 846 ---
  [ground_truth] Pub 45 boxes
Publishing 45 3D boxes
  [ground_truth] File: sweeper_gt/bin/AD002_JS_urban_20251115_173658_night_clear_lidar_1763200721100651979.bin
  [prediction] Pub 37 boxes
Publishing 37 3D boxes
  [prediction] File: sweeper_predict/bin/AD002_JS_urban_20251115_173658_night_clear_lidar_1763200721100651979.bin

--- Frame 847 ---
  [ground_truth] Pub 44 boxes
Publishing 44 3D boxes
  [ground_truth] File: sweeper_gt/bin/AD002_JS_urban_20251115_173658_night_clear_lidar_1763200726100831032.bin
  [prediction] Pub 39 boxes
Publishing 39 3D boxes
  [prediction] File: sweeper_predict/bin/AD002_JS_urban_20251115_173658_night_clear_lidar_1763200726100831032.bin

--- Frame 848 ---
  [ground_truth] Pub 43 boxes
Publishing 43 3D boxes
  [ground_truth] File: sweeper_gt/bin/AD002_JS_urban_20251115_173658_night_clear_lidar_1763200731100512981.bin
  [prediction] Pub 42 boxes
Publishing 42 3D boxes
  [prediction] File: sweeper_predict/bin/AD002_JS_urban_20251115_173658_night_clear_lidar_1763200731100512981.bin

--- Frame 849 ---
  [ground_truth] Pub 38 boxes
Publishing 38 3D boxes
  [ground_truth] File: sweeper_gt/bin/AD002_JS_urban_20251115_173658_night_clear_lidar_1763200736100646973.bin
  [prediction] Pub 36 boxes
Publishing 36 3D boxes
  [prediction] File: sweeper_predict/bin/AD002_JS_urban_20251115_173658_night_clear_lidar_1763200736100646973.bin

--- Frame 850 ---
  [ground_truth] Pub 35 boxes
Publishing 35 3D boxes
  [ground_truth] File: sweeper_gt/bin/AD002_JS_urban_20251115_173658_night_clear_lidar_1763200741300514936.bin
  [prediction] Pub 39 boxes
Publishing 39 3D boxes
  [prediction] File: sweeper_predict/bin/AD002_JS_urban_20251115_173658_night_clear_lidar_1763200741300514936.bin

--- Frame 851 ---
  [ground_truth] Pub 30 boxes
Publishing 30 3D boxes
  [ground_truth] File: sweeper_gt/bin/AD002_JS_urban_20251115_173658_night_clear_lidar_1763200746300618887.bin
  [prediction] Pub 30 boxes
Publishing 30 3D boxes
  [prediction] File: sweeper_predict/bin/AD002_JS_urban_20251115_173658_night_clear_lidar_1763200746300618887.bin

--- Frame 850 ---
  [ground_truth] Pub 35 boxes
Publishing 35 3D boxes
  [ground_truth] File: sweeper_gt/bin/AD002_JS_urban_20251115_173658_night_clear_lidar_1763200741300514936.bin
  [prediction] Pub 39 boxes
Publishing 39 3D boxes
  [prediction] File: sweeper_predict/bin/AD002_JS_urban_20251115_173658_night_clear_lidar_1763200741300514936.bin

--- Frame 850 ---
  [ground_truth] Pub 35 boxes
Publishing 35 3D boxes
  [ground_truth] File: sweeper_gt/bin/AD002_JS_urban_20251115_173658_night_clear_lidar_1763200741300514936.bin
  [prediction] Pub 39 boxes
Publishing 39 3D boxes
  [prediction] File: sweeper_predict/bin/AD002_JS_urban_20251115_173658_night_clear_lidar_1763200741300514936.bin

--- Frame 850 ---
  [ground_truth] Pub 35 boxes
Publishing 35 3D boxes
  [ground_truth] File: sweeper_gt/bin/AD002_JS_urban_20251115_173658_night_clear_lidar_1763200741300514936.bin
  [prediction] Pub 39 boxes
Publishing 39 3D boxes
  [prediction] File: sweeper_predict/bin/AD002_JS_urban_20251115_173658_night_clear_lidar_1763200741300514936.bin

--- Frame 850 ---
  [ground_truth] Pub 35 boxes
Publishing 35 3D boxes
  [ground_truth] File: sweeper_gt/bin/AD002_JS_urban_20251115_173658_night_clear_lidar_1763200741300514936.bin
  [prediction] Pub 39 boxes
Publishing 39 3D boxes
  [prediction] File: sweeper_predict/bin/AD002_JS_urban_20251115_173658_night_clear_lidar_1763200741300514936.bin

--- Frame 851 ---
  [ground_truth] Pub 30 boxes
Publishing 30 3D boxes
  [ground_truth] File: sweeper_gt/bin/AD002_JS_urban_20251115_173658_night_clear_lidar_1763200746300618887.bin
  [prediction] Pub 30 boxes
Publishing 30 3D boxes
  [prediction] File: sweeper_predict/bin/AD002_JS_urban_20251115_173658_night_clear_lidar_1763200746300618887.bin

--- Frame 852 ---
  [ground_truth] Pub 44 boxes
Publishing 44 3D boxes
  [ground_truth] File: sweeper_gt/bin/AD002_JS_urban_20251115_173658_night_clear_lidar_1763200751300796986.bin
  [prediction] Pub 30 boxes
Publishing 30 3D boxes
  [prediction] File: sweeper_predict/bin/AD002_JS_urban_20251115_173658_night_clear_lidar_1763200751300796986.bin

--- Frame 853 ---
  [ground_truth] Pub 49 boxes
Publishing 49 3D boxes
  [ground_truth] File: sweeper_gt/bin/AD002_JS_urban_20251115_173658_night_clear_lidar_1763200756300508022.bin
  [prediction] Pub 41 boxes
Publishing 41 3D boxes
  [prediction] File: sweeper_predict/bin/AD002_JS_urban_20251115_173658_night_clear_lidar_1763200756300508022.bin

--- Frame 854 ---
  [ground_truth] Pub 48 boxes
Publishing 48 3D boxes
  [ground_truth] File: sweeper_gt/bin/AD002_JS_urban_20251115_173658_night_clear_lidar_1763200761200812101.bin
  [prediction] Pub 39 boxes
Publishing 39 3D boxes
  [prediction] File: sweeper_predict/bin/AD002_JS_urban_20251115_173658_night_clear_lidar_1763200761200812101.bin

--- Frame 855 ---
  [ground_truth] Pub 44 boxes
Publishing 44 3D boxes
  [ground_truth] File: sweeper_gt/bin/AD002_JS_urban_20251115_173658_night_clear_lidar_1763200766200561047.bin
  [prediction] Pub 39 boxes
Publishing 39 3D boxes
  [prediction] File: sweeper_predict/bin/AD002_JS_urban_20251115_173658_night_clear_lidar_1763200766200561047.bin

--- Frame 856 ---
  [ground_truth] Pub 41 boxes
Publishing 41 3D boxes
  [ground_truth] File: sweeper_gt/bin/AD002_JS_urban_20251115_173658_night_clear_lidar_1763200771200639009.bin
  [prediction] Pub 36 boxes
Publishing 36 3D boxes
  [prediction] File: sweeper_predict/bin/AD002_JS_urban_20251115_173658_night_clear_lidar_1763200771200639009.bin

--- Frame 857 ---
  [ground_truth] Pub 29 boxes
Publishing 29 3D boxes
  [ground_truth] File: sweeper_gt/bin/AD002_JS_urban_20251115_173658_night_clear_lidar_1763200776200794935.bin
  [prediction] Pub 34 boxes
Publishing 34 3D boxes
  [prediction] File: sweeper_predict/bin/AD002_JS_urban_20251115_173658_night_clear_lidar_1763200776200794935.bin

--- Frame 858 ---
  [ground_truth] Pub 47 boxes
Publishing 47 3D boxes
  [ground_truth] File: sweeper_gt/bin/AD002_JS_urban_20251115_173658_night_clear_lidar_1763200781100642920.bin
  [prediction] Pub 35 boxes
Publishing 35 3D boxes
  [prediction] File: sweeper_predict/bin/AD002_JS_urban_20251115_173658_night_clear_lidar_1763200781100642920.bin

--- Frame 859 ---
  [ground_truth] Pub 53 boxes
Publishing 53 3D boxes
  [ground_truth] File: sweeper_gt/bin/AD002_JS_urban_20251115_173658_night_clear_lidar_1763200786100801945.bin
  [prediction] Pub 50 boxes
Publishing 50 3D boxes
  [prediction] File: sweeper_predict/bin/AD002_JS_urban_20251115_173658_night_clear_lidar_1763200786100801945.bin

--- Frame 860 ---
  [ground_truth] Pub 55 boxes
Publishing 55 3D boxes
  [ground_truth] File: sweeper_gt/bin/AD002_JS_urban_20251115_173658_night_clear_lidar_1763200791100533962.bin
  [prediction] Pub 42 boxes
Publishing 42 3D boxes
  [prediction] File: sweeper_predict/bin/AD002_JS_urban_20251115_173658_night_clear_lidar_1763200791100533962.bin

--- Frame 861 ---
  [ground_truth] Pub 51 boxes
Publishing 51 3D boxes
  [ground_truth] File: sweeper_gt/bin/AD002_JS_urban_20251115_173658_night_clear_lidar_1763200796100658894.bin
  [prediction] Pub 40 boxes
Publishing 40 3D boxes
  [prediction] File: sweeper_predict/bin/AD002_JS_urban_20251115_173658_night_clear_lidar_1763200796100658894.bin

--- Frame 862 ---
  [ground_truth] Pub 48 boxes
Publishing 48 3D boxes
  [ground_truth] File: sweeper_gt/bin/AD002_JS_urban_20251115_173658_night_clear_lidar_1763200801100773096.bin
  [prediction] Pub 38 boxes
Publishing 38 3D boxes
  [prediction] File: sweeper_predict/bin/AD002_JS_urban_20251115_173658_night_clear_lidar_1763200801100773096.bin

--- Frame 863 ---
  [ground_truth] Pub 48 boxes
Publishing 48 3D boxes
  [ground_truth] File: sweeper_gt/bin/AD002_JS_urban_20251115_173658_night_clear_lidar_1763200806100514889.bin
  [prediction] Pub 41 boxes
Publishing 41 3D boxes
  [prediction] File: sweeper_predict/bin/AD002_JS_urban_20251115_173658_night_clear_lidar_1763200806100514889.bin

--- Frame 864 ---
  [ground_truth] Pub 39 boxes
Publishing 39 3D boxes
  [ground_truth] File: sweeper_gt/bin/AD002_JS_urban_20251115_173658_night_clear_lidar_1763200811100636005.bin
  [prediction] Pub 42 boxes
Publishing 42 3D boxes
  [prediction] File: sweeper_predict/bin/AD002_JS_urban_20251115_173658_night_clear_lidar_1763200811100636005.bin

--- Frame 865 ---
  [ground_truth] Pub 42 boxes
Publishing 42 3D boxes
  [ground_truth] File: sweeper_gt/bin/AD002_JS_urban_20251115_173658_night_clear_lidar_1763200816100792885.bin
  [prediction] Pub 45 boxes
Publishing 45 3D boxes
  [prediction] File: sweeper_predict/bin/AD002_JS_urban_20251115_173658_night_clear_lidar_1763200816100792885.bin

--- Frame 866 ---
  [ground_truth] Pub 40 boxes
Publishing 40 3D boxes
  [ground_truth] File: sweeper_gt/bin/AD002_JS_urban_20251115_173658_night_clear_lidar_1763200821200769901.bin
  [prediction] Pub 45 boxes
Publishing 45 3D boxes
  [prediction] File: sweeper_predict/bin/AD002_JS_urban_20251115_173658_night_clear_lidar_1763200821200769901.bin

--- Frame 867 ---
  [ground_truth] Pub 44 boxes
Publishing 44 3D boxes
  [ground_truth] File: sweeper_gt/bin/AD002_JS_urban_20251115_173658_night_clear_lidar_1763200826200536013.bin
  [prediction] Pub 49 boxes
Publishing 49 3D boxes
  [prediction] File: sweeper_predict/bin/AD002_JS_urban_20251115_173658_night_clear_lidar_1763200826200536013.bin

--- Frame 868 ---
  [ground_truth] Pub 39 boxes
Publishing 39 3D boxes
  [ground_truth] File: sweeper_gt/bin/AD002_JS_urban_20251115_173658_night_clear_lidar_1763200831200680971.bin
  [prediction] Pub 37 boxes
Publishing 37 3D boxes
  [prediction] File: sweeper_predict/bin/AD002_JS_urban_20251115_173658_night_clear_lidar_1763200831200680971.bin

--- Frame 869 ---
  [ground_truth] Pub 48 boxes
Publishing 48 3D boxes
  [ground_truth] File: sweeper_gt/bin/AD002_JS_urban_20251115_173658_night_clear_lidar_1763200836200812101.bin
  [prediction] Pub 40 boxes
Publishing 40 3D boxes
  [prediction] File: sweeper_predict/bin/AD002_JS_urban_20251115_173658_night_clear_lidar_1763200836200812101.bin

--- Frame 870 ---
  [ground_truth] Pub 64 boxes
Publishing 64 3D boxes
  [ground_truth] File: sweeper_gt/bin/AD002_JS_urban_20251115_173658_night_clear_lidar_1763200842600658894.bin
  [prediction] Pub 44 boxes
Publishing 44 3D boxes
  [prediction] File: sweeper_predict/bin/AD002_JS_urban_20251115_173658_night_clear_lidar_1763200842600658894.bin

--- Frame 871 ---
  [ground_truth] Pub 61 boxes
Publishing 61 3D boxes
  [ground_truth] File: sweeper_gt/bin/AD002_JS_urban_20251115_173658_night_clear_lidar_1763200847600816965.bin
  [prediction] Pub 51 boxes
Publishing 51 3D boxes
  [prediction] File: sweeper_predict/bin/AD002_JS_urban_20251115_173658_night_clear_lidar_1763200847600816965.bin

--- Frame 872 ---
  [ground_truth] Pub 59 boxes
Publishing 59 3D boxes
  [ground_truth] File: sweeper_gt/bin/AD002_JS_urban_20251115_173658_night_clear_lidar_1763200852600547075.bin
  [prediction] Pub 45 boxes
Publishing 45 3D boxes
  [prediction] File: sweeper_predict/bin/AD002_JS_urban_20251115_173658_night_clear_lidar_1763200852600547075.bin

--- Frame 873 ---
  [ground_truth] Pub 76 boxes
Publishing 76 3D boxes
  [ground_truth] File: sweeper_gt/bin/AD002_JS_urban_20251115_173658_night_clear_lidar_1763200857600620985.bin
  [prediction] Pub 52 boxes
Publishing 52 3D boxes
  [prediction] File: sweeper_predict/bin/AD002_JS_urban_20251115_173658_night_clear_lidar_1763200857600620985.bin

--- Frame 874 ---
  [ground_truth] Pub 78 boxes
Publishing 78 3D boxes
  [ground_truth] File: sweeper_gt/bin/AD002_JS_urban_20251115_173658_night_clear_lidar_1763200862400659084.bin
  [prediction] Pub 53 boxes
Publishing 53 3D boxes
  [prediction] File: sweeper_predict/bin/AD002_JS_urban_20251115_173658_night_clear_lidar_1763200862400659084.bin

--- Frame 875 ---
  [ground_truth] Pub 77 boxes
Publishing 77 3D boxes
  [ground_truth] File: sweeper_gt/bin/AD002_JS_urban_20251115_173658_night_clear_lidar_1763200867400759935.bin
  [prediction] Pub 48 boxes
Publishing 48 3D boxes
  [prediction] File: sweeper_predict/bin/AD002_JS_urban_20251115_173658_night_clear_lidar_1763200867400759935.bin

--- Frame 876 ---
  [ground_truth] Pub 71 boxes
Publishing 71 3D boxes
  [ground_truth] File: sweeper_gt/bin/AD002_JS_urban_20251115_173658_night_clear_lidar_1763200872400526047.bin
  [prediction] Pub 59 boxes
Publishing 59 3D boxes
  [prediction] File: sweeper_predict/bin/AD002_JS_urban_20251115_173658_night_clear_lidar_1763200872400526047.bin

--- Frame 877 ---
  [ground_truth] Pub 65 boxes
Publishing 65 3D boxes
  [ground_truth] File: sweeper_gt/bin/AD002_JS_urban_20251115_173658_night_clear_lidar_1763200877400607109.bin
  [prediction] Pub 55 boxes
Publishing 55 3D boxes
  [prediction] File: sweeper_predict/bin/AD002_JS_urban_20251115_173658_night_clear_lidar_1763200877400607109.bin

--- Frame 878 ---
  [ground_truth] Pub 64 boxes
Publishing 64 3D boxes
  [ground_truth] File: sweeper_gt/bin/AD002_JS_urban_20251115_173658_night_clear_lidar_1763200882300569057.bin
  [prediction] Pub 53 boxes
Publishing 53 3D boxes
  [prediction] File: sweeper_predict/bin/AD002_JS_urban_20251115_173658_night_clear_lidar_1763200882300569057.bin

--- Frame 879 ---
  [ground_truth] Pub 70 boxes
Publishing 70 3D boxes
  [ground_truth] File: sweeper_gt/bin/AD002_JS_urban_20251115_173658_night_clear_lidar_1763200887300585032.bin
  [prediction] Pub 56 boxes
Publishing 56 3D boxes
  [prediction] File: sweeper_predict/bin/AD002_JS_urban_20251115_173658_night_clear_lidar_1763200887300585032.bin

--- Frame 880 ---
  [ground_truth] Pub 67 boxes
Publishing 67 3D boxes
  [ground_truth] File: sweeper_gt/bin/AD002_JS_urban_20251115_173658_night_clear_lidar_1763200892300770998.bin
  [prediction] Pub 51 boxes
Publishing 51 3D boxes
  [prediction] File: sweeper_predict/bin/AD002_JS_urban_20251115_173658_night_clear_lidar_1763200892300770998.bin

--- Frame 881 ---
  [ground_truth] Pub 69 boxes
Publishing 69 3D boxes
  [ground_truth] File: sweeper_gt/bin/AD002_JS_urban_20251115_173658_night_clear_lidar_1763200897300518990.bin
  [prediction] Pub 50 boxes
Publishing 50 3D boxes
  [prediction] File: sweeper_predict/bin/AD002_JS_urban_20251115_173658_night_clear_lidar_1763200897300518990.bin

--- Frame 882 ---
  [ground_truth] Pub 61 boxes
Publishing 61 3D boxes
  [ground_truth] File: sweeper_gt/bin/AD002_JS_urban_20251115_173658_night_clear_lidar_1763200905800786018.bin
  [prediction] Pub 47 boxes
Publishing 47 3D boxes
  [prediction] File: sweeper_predict/bin/AD002_JS_urban_20251115_173658_night_clear_lidar_1763200905800786018.bin

--- Frame 881 ---
  [ground_truth] Pub 69 boxes
Publishing 69 3D boxes
  [ground_truth] File: sweeper_gt/bin/AD002_JS_urban_20251115_173658_night_clear_lidar_1763200897300518990.bin
  [prediction] Pub 50 boxes
Publishing 50 3D boxes
  [prediction] File: sweeper_predict/bin/AD002_JS_urban_20251115_173658_night_clear_lidar_1763200897300518990.bin

--- Frame 882 ---
  [ground_truth] Pub 61 boxes
Publishing 61 3D boxes
  [ground_truth] File: sweeper_gt/bin/AD002_JS_urban_20251115_173658_night_clear_lidar_1763200905800786018.bin
  [prediction] Pub 47 boxes
Publishing 47 3D boxes
  [prediction] File: sweeper_predict/bin/AD002_JS_urban_20251115_173658_night_clear_lidar_1763200905800786018.bin

--- Frame 883 ---
  [ground_truth] Pub 56 boxes
Publishing 56 3D boxes
  [ground_truth] File: sweeper_gt/bin/AD002_JS_urban_20251115_173658_night_clear_lidar_1763200910800550938.bin
  [prediction] Pub 46 boxes
Publishing 46 3D boxes
  [prediction] File: sweeper_predict/bin/AD002_JS_urban_20251115_173658_night_clear_lidar_1763200910800550938.bin

--- Frame 884 ---
  [ground_truth] Pub 64 boxes
Publishing 64 3D boxes
  [ground_truth] File: sweeper_gt/bin/AD002_JS_urban_20251115_173658_night_clear_lidar_1763200915800615072.bin
  [prediction] Pub 49 boxes
Publishing 49 3D boxes
  [prediction] File: sweeper_predict/bin/AD002_JS_urban_20251115_173658_night_clear_lidar_1763200915800615072.bin

--- Frame 885 ---
  [ground_truth] Pub 66 boxes
Publishing 66 3D boxes
  [ground_truth] File: sweeper_gt/bin/AD002_JS_urban_20251115_173658_night_clear_lidar_1763200920200807095.bin
  [prediction] Pub 52 boxes
Publishing 52 3D boxes
  [prediction] File: sweeper_predict/bin/AD002_JS_urban_20251115_173658_night_clear_lidar_1763200920200807095.bin

--- Frame 886 ---
  [ground_truth] Pub 64 boxes
Publishing 64 3D boxes
  [ground_truth] File: sweeper_gt/bin/AD002_JS_urban_20251115_173658_night_clear_lidar_1763200925200512886.bin
  [prediction] Pub 46 boxes
Publishing 46 3D boxes
  [prediction] File: sweeper_predict/bin/AD002_JS_urban_20251115_173658_night_clear_lidar_1763200925200512886.bin

--- Frame 887 ---
  [ground_truth] Pub 63 boxes
Publishing 63 3D boxes
  [ground_truth] File: sweeper_gt/bin/AD002_JS_urban_20251115_173658_night_clear_lidar_1763200930200656891.bin
  [prediction] Pub 49 boxes
Publishing 49 3D boxes
  [prediction] File: sweeper_predict/bin/AD002_JS_urban_20251115_173658_night_clear_lidar_1763200930200656891.bin

--- Frame 888 ---
  [ground_truth] Pub 56 boxes
Publishing 56 3D boxes
  [ground_truth] File: sweeper_gt/bin/AD002_JS_urban_20251115_173658_night_clear_lidar_1763200935200817108.bin
  [prediction] Pub 47 boxes
Publishing 47 3D boxes
  [prediction] File: sweeper_predict/bin/AD002_JS_urban_20251115_173658_night_clear_lidar_1763200935200817108.bin

--- Frame 889 ---
  [ground_truth] Pub 54 boxes
Publishing 54 3D boxes
  [ground_truth] File: sweeper_gt/bin/AD002_JS_urban_20251115_173658_night_clear_lidar_1763200940200553894.bin
  [prediction] Pub 41 boxes
Publishing 41 3D boxes
  [prediction] File: sweeper_predict/bin/AD002_JS_urban_20251115_173658_night_clear_lidar_1763200940200553894.bin

--- Frame 890 ---
  [ground_truth] Pub 53 boxes
Publishing 53 3D boxes
  [ground_truth] File: sweeper_gt/bin/AD002_JS_urban_20251115_173658_night_clear_lidar_1763200945200634956.bin
  [prediction] Pub 46 boxes
Publishing 46 3D boxes
  [prediction] File: sweeper_predict/bin/AD002_JS_urban_20251115_173658_night_clear_lidar_1763200945200634956.bin

--- Frame 891 ---
  [ground_truth] Pub 53 boxes
Publishing 53 3D boxes
  [ground_truth] File: sweeper_gt/bin/AD002_JS_urban_20251115_173658_night_clear_lidar_1763200950200783968.bin
  [prediction] Pub 49 boxes
Publishing 49 3D boxes
  [prediction] File: sweeper_predict/bin/AD002_JS_urban_20251115_173658_night_clear_lidar_1763200950200783968.bin

--- Frame 892 ---
  [ground_truth] Pub 61 boxes
Publishing 61 3D boxes
  [ground_truth] File: sweeper_gt/bin/AD002_JS_urban_20251115_173658_night_clear_lidar_1763200955200505018.bin
  [prediction] Pub 52 boxes
Publishing 52 3D boxes
  [prediction] File: sweeper_predict/bin/AD002_JS_urban_20251115_173658_night_clear_lidar_1763200955200505018.bin

--- Frame 893 ---
  [ground_truth] Pub 62 boxes
Publishing 62 3D boxes
  [ground_truth] File: sweeper_gt/bin/AD002_JS_urban_20251115_173658_night_clear_lidar_1763200960300482988.bin
  [prediction] Pub 56 boxes
Publishing 56 3D boxes
  [prediction] File: sweeper_predict/bin/AD002_JS_urban_20251115_173658_night_clear_lidar_1763200960300482988.bin

--- Frame 894 ---
  [ground_truth] Pub 69 boxes
Publishing 69 3D boxes
  [ground_truth] File: sweeper_gt/bin/AD002_JS_urban_20251115_173658_night_clear_lidar_1763200965300690889.bin
  [prediction] Pub 55 boxes
Publishing 55 3D boxes
  [prediction] File: sweeper_predict/bin/AD002_JS_urban_20251115_173658_night_clear_lidar_1763200965300690889.bin

--- Frame 895 ---
  [ground_truth] Pub 72 boxes
Publishing 72 3D boxes
  [ground_truth] File: sweeper_gt/bin/AD002_JS_urban_20251115_173658_night_clear_lidar_1763200970300817966.bin
  [prediction] Pub 58 boxes
Publishing 58 3D boxes
  [prediction] File: sweeper_predict/bin/AD002_JS_urban_20251115_173658_night_clear_lidar_1763200970300817966.bin

--- Frame 896 ---
  [ground_truth] Pub 83 boxes
Publishing 83 3D boxes
  [ground_truth] File: sweeper_gt/bin/AD002_JS_urban_20251115_173658_night_clear_lidar_1763200975300528049.bin
  [prediction] Pub 57 boxes
Publishing 57 3D boxes
  [prediction] File: sweeper_predict/bin/AD002_JS_urban_20251115_173658_night_clear_lidar_1763200975300528049.bin

--- Frame 897 ---
  [ground_truth] Pub 79 boxes
Publishing 79 3D boxes
  [ground_truth] File: sweeper_gt/bin/AD002_JS_urban_20251115_173658_night_clear_lidar_1763200980300657034.bin
  [prediction] Pub 64 boxes
Publishing 64 3D boxes
  [prediction] File: sweeper_predict/bin/AD002_JS_urban_20251115_173658_night_clear_lidar_1763200980300657034.bin

--- Frame 898 ---
  [ground_truth] Pub 82 boxes
Publishing 82 3D boxes
  [ground_truth] File: sweeper_gt/bin/AD002_JS_urban_20251115_173658_night_clear_lidar_1763200985300805092.bin
  [prediction] Pub 65 boxes
Publishing 65 3D boxes
  [prediction] File: sweeper_predict/bin/AD002_JS_urban_20251115_173658_night_clear_lidar_1763200985300805092.bin

--- Frame 899 ---
  [ground_truth] Pub 79 boxes
Publishing 79 3D boxes
  [ground_truth] File: sweeper_gt/bin/AD002_JS_urban_20251115_173658_night_clear_lidar_1763200990300553083.bin
  [prediction] Pub 63 boxes
Publishing 63 3D boxes
  [prediction] File: sweeper_predict/bin/AD002_JS_urban_20251115_173658_night_clear_lidar_1763200990300553083.bin

--- Frame 900 ---
  [ground_truth] Pub 78 boxes
Publishing 78 3D boxes
  [ground_truth] File: sweeper_gt/bin/AD002_JS_urban_20251115_173658_night_clear_lidar_1763200995300637960.bin
  [prediction] Pub 72 boxes
Publishing 72 3D boxes
  [prediction] File: sweeper_predict/bin/AD002_JS_urban_20251115_173658_night_clear_lidar_1763200995300637960.bin

--- Frame 901 ---
  [ground_truth] Pub 73 boxes
Publishing 73 3D boxes
  [ground_truth] File: sweeper_gt/bin/AD002_JS_urban_20251115_173658_night_clear_lidar_1763201000200505972.bin
  [prediction] Pub 72 boxes
Publishing 72 3D boxes
  [prediction] File: sweeper_predict/bin/AD002_JS_urban_20251115_173658_night_clear_lidar_1763201000200505972.bin

--- Frame 902 ---
  [ground_truth] Pub 73 boxes
Publishing 73 3D boxes
  [ground_truth] File: sweeper_gt/bin/AD002_JS_urban_20251115_173658_night_clear_lidar_1763201005200675964.bin
  [prediction] Pub 67 boxes
Publishing 67 3D boxes
  [prediction] File: sweeper_predict/bin/AD002_JS_urban_20251115_173658_night_clear_lidar_1763201005200675964.bin

--- Frame 903 ---
  [ground_truth] Pub 63 boxes
Publishing 63 3D boxes
  [ground_truth] File: sweeper_gt/bin/AD002_JS_urban_20251115_173658_night_clear_lidar_1763201010200802088.bin
  [prediction] Pub 69 boxes
Publishing 69 3D boxes
  [prediction] File: sweeper_predict/bin/AD002_JS_urban_20251115_173658_night_clear_lidar_1763201010200802088.bin

--- Frame 904 ---
  [ground_truth] Pub 48 boxes
Publishing 48 3D boxes
  [ground_truth] File: sweeper_gt/bin/AD002_JS_urban_20251115_173658_night_clear_lidar_1763201015200529099.bin
  [prediction] Pub 60 boxes
Publishing 60 3D boxes
  [prediction] File: sweeper_predict/bin/AD002_JS_urban_20251115_173658_night_clear_lidar_1763201015200529099.bin

--- Frame 905 ---
  [ground_truth] Pub 48 boxes
Publishing 48 3D boxes
  [ground_truth] File: sweeper_gt/bin/AD002_JS_urban_20251115_173658_night_clear_lidar_1763201020200622082.bin
  [prediction] Pub 61 boxes
Publishing 61 3D boxes
  [prediction] File: sweeper_predict/bin/AD002_JS_urban_20251115_173658_night_clear_lidar_1763201020200622082.bin

--- Frame 906 ---
  [ground_truth] Pub 75 boxes
Publishing 75 3D boxes
  [ground_truth] File: sweeper_gt/bin/AD002_JS_urban_20251115_173658_night_clear_lidar_1763201025200835943.bin
  [prediction] Pub 62 boxes
Publishing 62 3D boxes
  [prediction] File: sweeper_predict/bin/AD002_JS_urban_20251115_173658_night_clear_lidar_1763201025200835943.bin

--- Frame 907 ---
  [ground_truth] Pub 13 boxes
Publishing 13 3D boxes
  [ground_truth] File: sweeper_gt/bin/AD002_JS_urban_20251118_094905_day_clear_lidar_1763430684400593042.bin
  [prediction] Pub 12 boxes
Publishing 12 3D boxes
  [prediction] File: sweeper_predict/bin/AD002_JS_urban_20251118_094905_day_clear_lidar_1763430684400593042.bin

--- Frame 908 ---
  [ground_truth] Pub 12 boxes
Publishing 12 3D boxes
  [ground_truth] File: sweeper_gt/bin/AD002_JS_urban_20251118_094905_day_clear_lidar_1763430688300658941.bin
  [prediction] Pub 12 boxes
Publishing 12 3D boxes
  [prediction] File: sweeper_predict/bin/AD002_JS_urban_20251118_094905_day_clear_lidar_1763430688300658941.bin

--- Frame 908 ---
  [ground_truth] Pub 12 boxes
Publishing 12 3D boxes
  [ground_truth] File: sweeper_gt/bin/AD002_JS_urban_20251118_094905_day_clear_lidar_1763430688300658941.bin
  [prediction] Pub 12 boxes
Publishing 12 3D boxes
  [prediction] File: sweeper_predict/bin/AD002_JS_urban_20251118_094905_day_clear_lidar_1763430688300658941.bin

--- Frame 909 ---
  [ground_truth] Pub 14 boxes
Publishing 14 3D boxes
  [ground_truth] File: sweeper_gt/bin/AD002_JS_urban_20251118_094905_day_clear_lidar_1763430692800668001.bin
  [prediction] Pub 10 boxes
Publishing 10 3D boxes
  [prediction] File: sweeper_predict/bin/AD002_JS_urban_20251118_094905_day_clear_lidar_1763430692800668001.bin

--- Frame 910 ---
  [ground_truth] Pub 17 boxes
Publishing 17 3D boxes
  [ground_truth] File: sweeper_gt/bin/AD002_JS_urban_20251118_094905_day_clear_lidar_1763430697300628901.bin
  [prediction] Pub 12 boxes
Publishing 12 3D boxes
  [prediction] File: sweeper_predict/bin/AD002_JS_urban_20251118_094905_day_clear_lidar_1763430697300628901.bin

--- Frame 911 ---
  [ground_truth] Pub 17 boxes
Publishing 17 3D boxes
  [ground_truth] File: sweeper_gt/bin/AD002_JS_urban_20251118_094905_day_clear_lidar_1763430701800648928.bin
  [prediction] Pub 14 boxes
Publishing 14 3D boxes
  [prediction] File: sweeper_predict/bin/AD002_JS_urban_20251118_094905_day_clear_lidar_1763430701800648928.bin

--- Frame 912 ---
  [ground_truth] Pub 14 boxes
Publishing 14 3D boxes
  [ground_truth] File: sweeper_gt/bin/AD002_JS_urban_20251118_094905_day_clear_lidar_1763430705600832939.bin
  [prediction] Pub 13 boxes
Publishing 13 3D boxes
  [prediction] File: sweeper_predict/bin/AD002_JS_urban_20251118_094905_day_clear_lidar_1763430705600832939.bin

--- Frame 913 ---
  [ground_truth] Pub 13 boxes
Publishing 13 3D boxes
  [ground_truth] File: sweeper_gt/bin/AD002_JS_urban_20251118_094905_day_clear_lidar_1763430710100811958.bin
  [prediction] Pub 15 boxes
Publishing 15 3D boxes
  [prediction] File: sweeper_predict/bin/AD002_JS_urban_20251118_094905_day_clear_lidar_1763430710100811958.bin

--- Frame 914 ---
  [ground_truth] Pub 12 boxes
Publishing 12 3D boxes
  [ground_truth] File: sweeper_gt/bin/AD002_JS_urban_20251118_094905_day_clear_lidar_1763430714600759029.bin
  [prediction] Pub 13 boxes
Publishing 13 3D boxes
  [prediction] File: sweeper_predict/bin/AD002_JS_urban_20251118_094905_day_clear_lidar_1763430714600759029.bin

--- Frame 915 ---
  [ground_truth] Pub 10 boxes
Publishing 10 3D boxes
  [ground_truth] File: sweeper_gt/bin/AD002_JS_urban_20251118_094905_day_clear_lidar_1763430719100773096.bin
  [prediction] Pub 11 boxes
Publishing 11 3D boxes
  [prediction] File: sweeper_predict/bin/AD002_JS_urban_20251118_094905_day_clear_lidar_1763430719100773096.bin

--- Frame 916 ---
  [ground_truth] Pub 9 boxes
Publishing 9 3D boxes
  [ground_truth] File: sweeper_gt/bin/AD002_JS_urban_20251118_094905_day_clear_lidar_1763430723600826025.bin
  [prediction] Pub 11 boxes
Publishing 11 3D boxes
  [prediction] File: sweeper_predict/bin/AD002_JS_urban_20251118_094905_day_clear_lidar_1763430723600826025.bin

--- Frame 917 ---
  [ground_truth] Pub 8 boxes
Publishing 8 3D boxes
  [ground_truth] File: sweeper_gt/bin/AD002_JS_urban_20251118_094905_day_clear_lidar_1763430727400521994.bin
  [prediction] Pub 9 boxes
Publishing 9 3D boxes
  [prediction] File: sweeper_predict/bin/AD002_JS_urban_20251118_094905_day_clear_lidar_1763430727400521994.bin

--- Frame 918 ---
  [ground_truth] Pub 8 boxes
Publishing 8 3D boxes
  [ground_truth] File: sweeper_gt/bin/AD002_JS_urban_20251118_094905_day_clear_lidar_1763430731900515079.bin
  [prediction] Pub 10 boxes
Publishing 10 3D boxes
  [prediction] File: sweeper_predict/bin/AD002_JS_urban_20251118_094905_day_clear_lidar_1763430731900515079.bin

--- Frame 919 ---
  [ground_truth] Pub 9 boxes
Publishing 9 3D boxes
  [ground_truth] File: sweeper_gt/bin/AD002_JS_urban_20251118_094905_day_clear_lidar_1763430736400546074.bin
  [prediction] Pub 9 boxes
Publishing 9 3D boxes
  [prediction] File: sweeper_predict/bin/AD002_JS_urban_20251118_094905_day_clear_lidar_1763430736400546074.bin

--- Frame 920 ---
  [ground_truth] Pub 8 boxes
Publishing 8 3D boxes
  [ground_truth] File: sweeper_gt/bin/AD002_JS_urban_20251118_094905_day_clear_lidar_1763430740900509119.bin
  [prediction] Pub 8 boxes
Publishing 8 3D boxes
  [prediction] File: sweeper_predict/bin/AD002_JS_urban_20251118_094905_day_clear_lidar_1763430740900509119.bin

--- Frame 921 ---
  [ground_truth] Pub 8 boxes
Publishing 8 3D boxes
  [ground_truth] File: sweeper_gt/bin/AD002_JS_urban_20251118_094905_day_clear_lidar_1763430745400501966.bin
  [prediction] Pub 9 boxes
Publishing 9 3D boxes
  [prediction] File: sweeper_predict/bin/AD002_JS_urban_20251118_094905_day_clear_lidar_1763430745400501966.bin

--- Frame 922 ---
  [ground_truth] Pub 7 boxes
Publishing 7 3D boxes
  [ground_truth] File: sweeper_gt/bin/AD002_JS_urban_20251118_094905_day_clear_lidar_1763430749200617075.bin
  [prediction] Pub 8 boxes
Publishing 8 3D boxes
  [prediction] File: sweeper_predict/bin/AD002_JS_urban_20251118_094905_day_clear_lidar_1763430749200617075.bin

--- Frame 923 ---
  [ground_truth] Pub 8 boxes
Publishing 8 3D boxes
  [ground_truth] File: sweeper_gt/bin/AD002_JS_urban_20251118_094905_day_clear_lidar_1763430753700650930.bin
  [prediction] Pub 7 boxes
Publishing 7 3D boxes
  [prediction] File: sweeper_predict/bin/AD002_JS_urban_20251118_094905_day_clear_lidar_1763430753700650930.bin

--- Frame 924 ---
  [ground_truth] Pub 12 boxes
Publishing 12 3D boxes
  [ground_truth] File: sweeper_gt/bin/AD002_JS_urban_20251118_094905_day_clear_lidar_1763430758200651884.bin
  [prediction] Pub 11 boxes
Publishing 11 3D boxes
  [prediction] File: sweeper_predict/bin/AD002_JS_urban_20251118_094905_day_clear_lidar_1763430758200651884.bin

--- Frame 925 ---
  [ground_truth] Pub 17 boxes
Publishing 17 3D boxes
  [ground_truth] File: sweeper_gt/bin/AD002_JS_urban_20251118_094905_day_clear_lidar_1763430762700613022.bin
  [prediction] Pub 12 boxes
Publishing 12 3D boxes
  [prediction] File: sweeper_predict/bin/AD002_JS_urban_20251118_094905_day_clear_lidar_1763430762700613022.bin

--- Frame 926 ---
  [ground_truth] Pub 22 boxes
Publishing 22 3D boxes
  [ground_truth] File: sweeper_gt/bin/AD002_JS_urban_20251118_094905_day_clear_lidar_1763430766600663900.bin
  [prediction] Pub 18 boxes
Publishing 18 3D boxes
  [prediction] File: sweeper_predict/bin/AD002_JS_urban_20251118_094905_day_clear_lidar_1763430766600663900.bin

--- Frame 927 ---
  [ground_truth] Pub 28 boxes
Publishing 28 3D boxes
  [ground_truth] File: sweeper_gt/bin/AD002_JS_urban_20251118_094905_day_clear_lidar_1763430771100622892.bin
  [prediction] Pub 25 boxes
Publishing 25 3D boxes
  [prediction] File: sweeper_predict/bin/AD002_JS_urban_20251118_094905_day_clear_lidar_1763430771100622892.bin

--- Frame 928 ---
  [ground_truth] Pub 26 boxes
Publishing 26 3D boxes
  [ground_truth] File: sweeper_gt/bin/AD002_JS_urban_20251118_094905_day_clear_lidar_1763430775600631952.bin
  [prediction] Pub 23 boxes
Publishing 23 3D boxes
  [prediction] File: sweeper_predict/bin/AD002_JS_urban_20251118_094905_day_clear_lidar_1763430775600631952.bin

--- Frame 929 ---
  [ground_truth] Pub 29 boxes
Publishing 29 3D boxes
  [ground_truth] File: sweeper_gt/bin/AD002_JS_urban_20251118_094905_day_clear_lidar_1763430780100657940.bin
  [prediction] Pub 21 boxes
Publishing 21 3D boxes
  [prediction] File: sweeper_predict/bin/AD002_JS_urban_20251118_094905_day_clear_lidar_1763430780100657940.bin

--- Frame 930 ---
  [ground_truth] Pub 24 boxes
Publishing 24 3D boxes
  [ground_truth] File: sweeper_gt/bin/AD002_JS_urban_20251118_094905_day_clear_lidar_1763430784600660086.bin
  [prediction] Pub 15 boxes
Publishing 15 3D boxes
  [prediction] File: sweeper_predict/bin/AD002_JS_urban_20251118_094905_day_clear_lidar_1763430784600660086.bin

--- Frame 931 ---
